pair,position,reader,phase,mode,compressed,size,corpus,sample,open_us,read_us,total_us,archive_bytes
0,0,main,stream,encrypted-signed,false,8388608,pattern,1,1009.798,20230.110,24966.812,8673664
0,0,main,whole,plain,true,8388608,pattern,1,239.724,14010.412,14300.357,312704
0,0,main,whole,signed,true,8388608,pattern,1,7796.655,9272.760,17126.456,322944
0,0,main,stream-content,signed,false,8388608,pattern,1,14950.578,4829.433,21851.977,8673664
0,0,main,stream-content,encrypted-signed,true,8388608,pattern,1,975.747,3024.262,4034.340,322944
0,0,main,whole,encrypted-signed,true,8388608,pattern,1,924.046,9447.714,10423.840,322944
0,0,main,stream-content,plain,true,8388608,pattern,1,244.154,2902.311,3173.355,312704
0,0,main,stream,signed,true,8388608,pattern,1,7749.514,4827.243,12614.398,322944
0,0,main,stream,plain,true,8388608,pattern,1,218.134,4916.265,5166.460,312704
0,0,main,range,signed,true,8388608,pattern,1,7754.514,1149.950,8929.304,322944
0,0,main,whole,plain,false,8388608,pattern,1,180.243,20281.430,24390.981,8659328
0,0,main,stream,signed,false,8388608,pattern,1,19462.097,4650.990,26186.663,8673664
0,0,main,range,encrypted-signed,true,8388608,pattern,1,971.126,1262.902,2259.088,322944
0,0,main,stream-content,signed,true,8388608,pattern,1,7711.523,2908.980,10651.404,322944
0,0,main,stream-content,encrypted,false,8388608,pattern,1,198.594,15996.186,19914.985,8659328
0,0,main,range,encrypted,false,8388608,pattern,1,220.634,14048.033,17438.272,8659328
0,0,main,stream-content,encrypted,true,8388608,pattern,1,248.765,4489.917,4774.153,312704
0,0,main,stream,encrypted-signed,true,8388608,pattern,1,957.647,6604.134,7604.902,322944
0,0,main,stream-content,encrypted-signed,false,8388608,pattern,1,928.986,17320.299,21958.509,8673664
0,0,main,whole,signed,false,8388608,pattern,1,19411.635,14441.580,37422.327,8673664
0,0,main,stream,encrypted,true,8388608,pattern,1,261.014,6770.297,7070.632,312704
0,0,main,range,encrypted-signed,false,8388608,pattern,1,943.706,11513.949,15632.870,8673664
0,0,main,stream-content,plain,false,8388608,pattern,1,224.984,14876.547,17234.088,8659328
0,0,main,stream,plain,false,8388608,pattern,1,218.654,10241.397,12515.546,8659328
0,0,main,whole,encrypted,false,8388608,pattern,1,209.834,26349.245,31087.697,8659328
0,0,main,range,plain,true,8388608,pattern,1,256.594,2692.387,2974.411,312704
0,0,main,stream,encrypted,false,8388608,pattern,1,185.743,18678.573,22534.869,8659328
0,0,main,range,plain,false,8388608,pattern,1,214.924,9362.372,11128.362,8659328
0,0,main,range,encrypted,true,8388608,pattern,1,242.754,1259.752,1523.626,312704
0,0,main,whole,encrypted-signed,false,8388608,pattern,1,913.555,25774.096,31159.508,8673664
0,0,main,whole,encrypted,true,8388608,pattern,1,259.514,13982.562,14299.717,312704
0,0,main,range,signed,false,8388608,pattern,1,14979.819,1027.258,18061.132,8673664
0,0,main,whole,signed,true,8388608,pattern,2,7785.404,9225.790,17057.664,322944
0,0,main,stream,plain,false,8388608,pattern,2,217.334,9996.413,12267.662,8659328
0,0,main,whole,encrypted,true,8388608,pattern,2,228.914,9243.610,9513.414,312704
0,0,main,whole,encrypted,false,8388608,pattern,2,223.214,25813.676,30498.197,8659328
0,0,main,whole,encrypted-signed,false,8388608,pattern,2,961.066,30112.071,35605.235,8673664
0,0,main,whole,encrypted-signed,true,8388608,pattern,2,988.887,14495.191,15535.018,322944
0,0,main,stream,signed,false,8388608,pattern,2,15508.288,4663.381,22251.865,8673664
0,0,main,whole,signed,false,8388608,pattern,2,15098.480,14492.991,33162.763,8673664
0,0,main,range,plain,false,8388608,pattern,2,235.555,8062.059,9843.130,8659328
0,0,main,stream-content,encrypted,true,8388608,pattern,2,230.194,3064.133,3328.308,312704
0,0,main,stream,signed,true,8388608,pattern,2,7808.855,4860.414,12711.470,322944
0,0,main,range,encrypted-signed,false,8388608,pattern,2,928.596,9795.179,13923.260,8673664
0,0,main,stream,encrypted-signed,true,8388608,pattern,2,980.417,8059.069,9080.747,322944
0,0,main,range,encrypted,true,8388608,pattern,2,233.734,1214.021,1468.035,312704
0,0,main,stream,encrypted-signed,false,8388608,pattern,2,908.626,17277.559,21897.949,8673664
0,0,main,stream-content,signed,true,8388608,pattern,2,9267.020,2889.000,12197.020,322944
0,0,main,whole,plain,true,8388608,pattern,2,227.194,12496.046,12775.601,312704
0,0,main,range,encrypted,false,8388608,pattern,2,237.394,9646.056,13049.905,8659328
0,0,main,stream,encrypted,true,8388608,pattern,2,248.344,8034.529,8324.084,312704
0,0,main,stream,encrypted,false,8388608,pattern,2,215.884,17165.977,21103.545,8659328
0,0,main,range,signed,false,8388608,pattern,2,20486.324,1062.548,24410.432,8673664
0,0,main,stream-content,encrypted-signed,true,8388608,pattern,2,1384.724,4179.332,5623.337,322944
0,0,main,range,signed,true,8388608,pattern,2,9422.723,1569.257,11051.041,322944
0,0,main,stream-content,encrypted,false,8388608,pattern,2,270.884,18760.125,23738.400,8659328
0,0,main,whole,plain,false,8388608,pattern,2,218.933,24608.436,28736.126,8659328
0,0,main,stream-content,plain,false,8388608,pattern,2,233.164,14659.584,16963.403,8659328
0,0,main,stream-content,encrypted-signed,false,8388608,pattern,2,974.727,15929.165,20700.048,8673664
0,0,main,stream,plain,true,8388608,pattern,2,252.894,8126.570,8423.165,312704
0,0,main,stream-content,signed,false,8388608,pattern,2,16479.595,4831.393,23391.464,8673664
0,0,main,stream-content,plain,true,8388608,pattern,2,240.044,2987.032,3258.736,312704
0,0,main,range,plain,true,8388608,pattern,2,210.654,1185.170,1415.804,312704
0,0,main,range,encrypted-signed,true,8388608,pattern,2,926.596,1203.351,2154.027,322944
0,1,branch,stream,encrypted-signed,false,8388608,pattern,1,968.427,18114.333,21037.414,8673664
0,1,branch,whole,plain,true,8388608,pattern,1,229.114,11936.897,12207.381,312704
0,1,branch,whole,signed,true,8388608,pattern,1,7893.337,7372.197,15306.055,322944
0,1,branch,stream-content,signed,false,8388608,pattern,1,15055.420,4795.283,20151.748,8673664
0,1,branch,stream-content,encrypted-signed,true,8388608,pattern,1,1081.378,2956.001,4058.970,322944
0,1,branch,whole,encrypted-signed,true,8388608,pattern,1,943.147,7597.191,8583.099,322944
0,1,branch,stream-content,plain,true,8388608,pattern,1,248.635,3010.182,3286.857,312704
0,1,branch,stream,signed,true,8388608,pattern,1,7851.666,2893.910,10765.416,322944
0,1,branch,stream,plain,true,8388608,pattern,1,203.554,2909.070,3129.515,312704
0,1,branch,range,signed,true,8388608,pattern,1,7874.176,671.802,8558.518,322944
0,1,branch,whole,plain,false,8388608,pattern,1,173.063,18017.072,20132.528,8659328
0,1,branch,stream,signed,false,8388608,pattern,1,18395.548,4692.311,23351.453,8673664
0,1,branch,range,encrypted-signed,true,8388608,pattern,1,996.748,794.373,1803.381,322944
0,1,branch,stream-content,signed,true,8388608,pattern,1,7810.475,2907.260,10746.415,322944
0,1,branch,stream-content,encrypted,false,8388608,pattern,1,196.314,14336.477,16588.127,8659328
0,1,branch,range,encrypted,false,8388608,pattern,1,217.703,12688.080,14696.764,8659328
0,1,branch,stream-content,encrypted,true,8388608,pattern,1,242.045,4446.036,4710.162,312704
0,1,branch,stream,encrypted-signed,true,8388608,pattern,1,971.287,3945.658,4945.876,322944
0,1,branch,stream-content,encrypted-signed,false,8388608,pattern,1,937.317,16331.492,19277.834,8673664
0,1,branch,whole,signed,false,8388608,pattern,1,19454.517,12476.185,33872.056,8673664
0,1,branch,stream,encrypted,true,8388608,pattern,1,255.694,3951.708,4233.623,312704
0,1,branch,range,encrypted-signed,false,8388608,pattern,1,949.087,10478.961,13244.069,8673664
0,1,branch,stream-content,plain,false,8388608,pattern,1,219.294,14531.221,15067.500,8659328
0,1,branch,stream,plain,false,8388608,pattern,1,195.834,9909.461,10405.500,8659328
0,1,branch,whole,encrypted,false,8388608,pattern,1,199.023,20377.543,23257.962,8659328
0,1,branch,range,plain,true,8388608,pattern,1,259.224,2302.620,2582.104,312704
0,1,branch,stream,encrypted,false,8388608,pattern,1,179.673,16817.920,18985.948,8659328
0,1,branch,range,plain,false,8388608,pattern,1,207.054,9433.963,9852.491,8659328
0,1,branch,range,encrypted,true,8388608,pattern,1,228.444,772.134,1012.008,312704
0,1,branch,whole,encrypted-signed,false,8388608,pattern,1,910.146,20357.802,23782.151,8673664
0,1,branch,whole,encrypted,true,8388608,pattern,1,254.224,12027.478,12319.473,312704
0,1,branch,range,signed,false,8388608,pattern,1,14962.578,1024.708,16207.450,8673664
0,1,branch,whole,signed,true,8388608,pattern,2,7903.437,7286.506,15245.644,322944
0,1,branch,stream,plain,false,8388608,pattern,2,211.963,10142.916,10652.834,8659328
0,1,branch,whole,encrypted,true,8388608,pattern,2,234.414,7402.468,7671.493,312704
0,1,branch,whole,encrypted,false,8388608,pattern,2,212.653,20339.082,23107.299,8659328
0,1,branch,whole,encrypted-signed,false,8388608,pattern,2,976.187,24659.656,28146.716,8673664
0,1,branch,whole,encrypted-signed,true,8388608,pattern,2,1000.517,12038.748,13079.076,322944
0,1,branch,stream,signed,false,8388608,pattern,2,15001.709,4638.310,19912.644,8673664
0,1,branch,whole,signed,false,8388608,pattern,2,15171.112,12843.572,30007.678,8673664
0,1,branch,range,plain,false,8388608,pattern,2,232.354,8059.350,8499.387,8659328
0,1,branch,stream-content,encrypted,true,8388608,pattern,2,225.354,2968.901,3216.415,312704
0,1,branch,stream,signed,true,8388608,pattern,2,7858.216,2984.431,10867.728,322944
0,1,branch,range,encrypted-signed,false,8388608,pattern,2,946.297,8306.073,11103.112,8673664
0,1,branch,stream,encrypted-signed,true,8388608,pattern,2,986.847,5349.102,6366.100,322944
0,1,branch,range,encrypted,true,8388608,pattern,2,223.824,735.073,969.977,312704
0,1,branch,stream,encrypted-signed,false,8388608,pattern,2,905.926,16181.550,19084.390,8673664
0,1,branch,stream-content,signed,true,8388608,pattern,2,9374.062,2913.610,12315.783,322944
0,1,branch,whole,plain,true,8388608,pattern,2,213.203,10495.572,10751.205,312704
0,1,branch,range,encrypted,false,8388608,pattern,2,221.304,8245.962,10287.728,8659328
0,1,branch,stream,encrypted,true,8388608,pattern,2,244.404,5334.352,5606.696,312704
0,1,branch,stream,encrypted,false,8388608,pattern,2,205.584,15812.323,18002.171,8659328
0,1,branch,range,signed,false,8388608,pattern,2,19604.449,1015.797,20861.070,8673664
0,1,branch,stream-content,encrypted-signed,true,8388608,pattern,2,955.397,3036.622,4022.890,322944
0,1,branch,range,signed,true,8388608,pattern,2,7786.245,657.451,8456.076,322944
0,1,branch,stream-content,encrypted,false,8388608,pattern,2,191.333,14039.353,16213.000,8659328
0,1,branch,whole,plain,false,8388608,pattern,2,207.643,22236.684,24383.091,8659328
0,1,branch,stream-content,plain,false,8388608,pattern,2,224.944,13215.918,13923.200,8659328
0,1,branch,stream-content,encrypted-signed,false,8388608,pattern,2,966.077,14135.214,17117.646,8673664
0,1,branch,stream,plain,true,8388608,pattern,2,238.134,5361.022,5625.077,312704
0,1,branch,stream-content,signed,false,8388608,pattern,2,17196.577,4810.843,22312.515,8673664
0,1,branch,stream-content,plain,true,8388608,pattern,2,244.734,2936.731,3201.355,312704
0,1,branch,range,plain,true,8388608,pattern,2,201.303,699.552,911.016,312704
0,1,branch,range,encrypted-signed,true,8388608,pattern,2,937.646,715.652,1664.328,322944
0,2,branch,stream,encrypted-signed,false,8388608,pattern,1,978.547,18607.552,21551.463,8673664
0,2,branch,whole,plain,true,8388608,pattern,1,236.904,12126.509,12406.124,312704
0,2,branch,whole,signed,true,8388608,pattern,1,8070.939,7542.371,15655.910,322944
0,2,branch,stream-content,signed,false,8388608,pattern,1,15257.934,4914.305,20487.854,8673664
0,2,branch,stream-content,encrypted-signed,true,8388608,pattern,1,995.117,3017.922,4035.380,322944
0,2,branch,whole,encrypted-signed,true,8388608,pattern,1,948.597,7597.711,8586.579,322944
0,2,branch,stream-content,plain,true,8388608,pattern,1,236.395,2967.461,3226.656,312704
0,2,branch,stream,signed,true,8388608,pattern,1,7770.624,2904.520,10700.205,322944
0,2,branch,stream,plain,true,8388608,pattern,1,208.734,3191.335,3433.260,312704
0,2,branch,range,signed,true,8388608,pattern,1,7874.026,678.412,8566.248,322944
0,2,branch,whole,plain,false,8388608,pattern,1,178.663,18313.877,20421.913,8659328
0,2,branch,stream,signed,false,8388608,pattern,1,18082.803,4598.419,22932.776,8673664
0,2,branch,range,encrypted-signed,true,8388608,pattern,1,989.768,774.063,1776.521,322944
0,2,branch,stream-content,signed,true,8388608,pattern,1,7722.844,2869.099,10613.974,322944
0,2,branch,stream-content,encrypted,false,8388608,pattern,1,190.364,14139.264,16306.592,8659328
0,2,branch,range,encrypted,false,8388608,pattern,1,214.944,12771.260,14825.796,8659328
0,2,branch,stream-content,encrypted,true,8388608,pattern,1,245.164,4462.747,4730.382,312704
0,2,branch,stream,encrypted-signed,true,8388608,pattern,1,974.617,3857.087,4860.744,322944
0,2,branch,stream-content,encrypted-signed,false,8388608,pattern,1,938.656,16272.241,19214.272,8673664
0,2,branch,whole,signed,false,8388608,pattern,1,19419.876,12527.667,33853.755,8673664
0,2,branch,stream,encrypted,true,8388608,pattern,1,255.495,3959.978,4240.684,312704
0,2,branch,range,encrypted-signed,false,8388608,pattern,1,950.177,10581.192,13367.431,8673664
0,2,branch,stream-content,plain,false,8388608,pattern,1,220.484,14624.422,15155.862,8659328
0,2,branch,stream,plain,false,8388608,pattern,1,194.533,9901.541,10358.579,8659328
0,2,branch,whole,encrypted,false,8388608,pattern,1,203.964,20417.563,23242.322,8659328
0,2,branch,range,plain,true,8388608,pattern,1,269.794,2299.290,2588.584,312704
0,2,branch,stream,encrypted,false,8388608,pattern,1,182.633,16873.182,19064.259,8659328
0,2,branch,range,plain,false,8388608,pattern,1,210.784,9470.003,9909.371,8659328
0,2,branch,range,encrypted,true,8388608,pattern,1,229.674,830.774,1073.689,312704
0,2,branch,whole,encrypted-signed,false,8388608,pattern,1,957.607,20856.660,24393.151,8673664
0,2,branch,whole,encrypted,true,8388608,pattern,1,257.145,12000.267,12295.683,312704
0,2,branch,range,signed,false,8388608,pattern,1,15376.506,1033.738,16720.879,8673664
0,2,branch,whole,signed,true,8388608,pattern,2,7808.385,7594.321,15442.647,322944
0,2,branch,stream,plain,false,8388608,pattern,2,276.094,10398.560,10962.349,8659328
0,2,branch,whole,encrypted,true,8388608,pattern,2,234.984,7634.532,7907.066,312704
0,2,branch,whole,encrypted,false,8388608,pattern,2,227.594,20541.315,23257.032,8659328
0,2,branch,whole,encrypted-signed,false,8388608,pattern,2,983.857,24881.420,28320.039,8673664
0,2,branch,whole,encrypted-signed,true,8388608,pattern,2,1006.447,12045.808,13093.816,322944
0,2,branch,stream,signed,false,8388608,pattern,2,15084.301,4604.399,19942.195,8673664
0,2,branch,whole,signed,false,8388608,pattern,2,15016.010,12639.968,29567.111,8673664
0,2,branch,range,plain,false,8388608,pattern,2,228.834,8017.568,8448.986,8659328
0,2,branch,stream-content,encrypted,true,8388608,pattern,2,220.153,2982.472,3226.955,312704
0,2,branch,stream,signed,true,8388608,pattern,2,7739.974,3008.912,10776.486,322944
0,2,branch,range,encrypted-signed,false,8388608,pattern,2,940.256,8448.146,11209.484,8673664
0,2,branch,stream,encrypted-signed,true,8388608,pattern,2,992.427,5357.103,6378.830,322944
0,2,branch,range,encrypted,true,8388608,pattern,2,224.184,724.343,959.097,312704
0,2,branch,stream,encrypted-signed,false,8388608,pattern,2,920.656,16186.920,19107.530,8673664
0,2,branch,stream-content,signed,true,8388608,pattern,2,9226.769,2911.291,12167.000,322944
0,2,branch,whole,plain,true,8388608,pattern,2,219.544,10812.606,11079.021,312704
0,2,branch,range,encrypted,false,8388608,pattern,2,231.754,8319.964,10455.891,8659328
0,2,branch,stream,encrypted,true,8388608,pattern,2,242.424,5375.063,5670.958,312704
0,2,branch,stream,encrypted,false,8388608,pattern,2,234.824,16033.737,18262.756,8659328
0,2,branch,range,signed,false,8388608,pattern,2,19857.634,1030.067,21241.738,8673664
0,2,branch,stream-content,encrypted-signed,true,8388608,pattern,2,982.727,3056.073,4063.871,322944
0,2,branch,range,signed,true,8388608,pattern,2,7773.194,665.572,8451.196,322944
0,2,branch,stream-content,encrypted,false,8388608,pattern,2,177.694,14174.254,16373.043,8659328
0,2,branch,whole,plain,false,8388608,pattern,2,215.744,23469.435,25830.366,8659328
0,2,branch,stream-content,plain,false,8388608,pattern,2,229.524,13532.664,14113.184,8659328
0,2,branch,stream-content,encrypted-signed,false,8388608,pattern,2,967.917,14110.043,17139.706,8673664
0,2,branch,stream,plain,true,8388608,pattern,2,241.844,5373.663,5644.327,312704
0,2,branch,stream-content,signed,false,8388608,pattern,2,17382.330,4843.584,22528.639,8673664
0,2,branch,stream-content,plain,true,8388608,pattern,2,238.124,2973.792,3232.906,312704
0,2,branch,range,plain,true,8388608,pattern,2,206.123,706.682,923.806,312704
0,2,branch,range,encrypted-signed,true,8388608,pattern,2,942.316,714.773,1668.009,322944
0,3,main,stream,encrypted-signed,false,8388608,pattern,1,952.097,20114.877,24811.149,8673664
0,3,main,whole,plain,true,8388608,pattern,1,238.494,13881.100,14169.634,312704
0,3,main,whole,signed,true,8388608,pattern,1,7693.143,9309.341,17054.005,322944
0,3,main,stream-content,signed,false,8388608,pattern,1,15020.439,4819.213,21951.919,8673664
0,3,main,stream-content,encrypted-signed,true,8388608,pattern,1,969.666,3041.783,4046.009,322944
0,3,main,whole,encrypted-signed,true,8388608,pattern,1,916.736,9492.594,10466.231,322944
0,3,main,stream-content,plain,true,8388608,pattern,1,245.184,2880.670,3154.334,312704
0,3,main,stream,signed,true,8388608,pattern,1,7774.104,4861.514,12677.509,322944
0,3,main,stream,plain,true,8388608,pattern,1,226.694,5035.987,5299.772,312704
0,3,main,range,signed,true,8388608,pattern,1,7733.434,1132.930,8892.084,322944
0,3,main,whole,plain,false,8388608,pattern,1,182.933,20314.221,24411.161,8659328
0,3,main,stream,signed,false,8388608,pattern,1,19423.946,4616.439,26098.881,8673664
0,3,main,range,encrypted-signed,true,8388608,pattern,1,1006.657,1277.002,2308.070,322944
0,3,main,stream-content,signed,true,8388608,pattern,1,7628.232,2892.180,10553.382,322944
0,3,main,stream-content,encrypted,false,8388608,pattern,1,194.193,16221.660,20134.127,8659328
0,3,main,range,encrypted,false,8388608,pattern,1,217.424,14075.223,17475.742,8659328
0,3,main,stream-content,encrypted,true,8388608,pattern,1,257.214,4530.399,4826.723,312704
0,3,main,stream,encrypted-signed,true,8388608,pattern,1,1024.767,6720.736,7789.234,322944
0,3,main,stream-content,encrypted-signed,false,8388608,pattern,1,926.406,17399.160,22083.841,8673664
0,3,main,whole,signed,false,8388608,pattern,1,19690.830,14348.818,37698.871,8673664
0,3,main,stream,encrypted,true,8388608,pattern,1,262.405,6562.933,6867.579,312704
0,3,main,range,encrypted-signed,false,8388608,pattern,1,935.117,11167.702,15240.424,8673664
0,3,main,stream-content,plain,false,8388608,pattern,1,225.014,14594.952,16875.152,8659328
0,3,main,stream,plain,false,8388608,pattern,1,200.673,9976.953,12291.222,8659328
0,3,main,whole,encrypted,false,8388608,pattern,1,210.063,25759.485,30481.566,8659328
0,3,main,range,plain,true,8388608,pattern,1,255.374,2706.287,2987.652,312704
0,3,main,stream,encrypted,false,8388608,pattern,1,182.323,18567.231,22481.148,8659328
0,3,main,range,plain,false,8388608,pattern,1,213.584,9620.836,11433.538,8659328
0,3,main,range,encrypted,true,8388608,pattern,1,238.504,1346.994,1612.338,312704
0,3,main,whole,encrypted-signed,false,8388608,pattern,1,924.566,26820.183,32294.937,8673664
0,3,main,whole,encrypted,true,8388608,pattern,1,268.625,14291.417,14611.573,312704
0,3,main,range,signed,false,8388608,pattern,1,15374.336,1109.049,18600.942,8673664
0,3,main,whole,signed,true,8388608,pattern,2,7952.537,9669.337,17674.715,322944
0,3,main,stream,plain,false,8388608,pattern,2,230.654,10491.551,12792.671,8659328
0,3,main,whole,encrypted,true,8388608,pattern,2,236.764,9491.764,9774.528,312704
0,3,main,whole,encrypted,false,8388608,pattern,2,232.674,26087.431,30826.453,8659328
0,3,main,whole,encrypted-signed,false,8388608,pattern,2,1008.047,30598.458,36175.064,8673664
0,3,main,whole,encrypted-signed,true,8388608,pattern,2,1057.758,14187.056,15297.884,322944
0,3,main,stream,signed,false,8388608,pattern,2,15264.994,4696.571,22156.633,8673664
0,3,main,whole,signed,false,8388608,pattern,2,15516.368,16080.038,35543.924,8673664
0,3,main,range,plain,false,8388608,pattern,2,253.554,8374.975,10273.157,8659328
0,3,main,stream-content,encrypted,true,8388608,pattern,2,260.784,3168.165,3474.220,312704
0,3,main,stream,signed,true,8388608,pattern,2,8206.382,5068.368,13328.131,322944
0,3,main,range,encrypted-signed,false,8388608,pattern,2,1007.707,9987.193,14209.145,8673664
0,3,main,stream,encrypted-signed,true,8388608,pattern,2,1051.718,8125.180,9221.799,322944
0,3,main,range,encrypted,true,8388608,pattern,2,245.714,1216.861,1482.785,312704
0,3,main,stream,encrypted-signed,false,8388608,pattern,2,907.995,17223.798,21866.438,8673664
0,3,main,stream-content,signed,true,8388608,pattern,2,9268.990,2926.741,12237.462,322944
0,3,main,whole,plain,true,8388608,pattern,2,221.664,12572.167,12847.812,312704
0,3,main,range,encrypted,false,8388608,pattern,2,227.624,9660.977,13098.626,8659328
0,3,main,stream,encrypted,true,8388608,pattern,2,249.514,8037.889,8335.804,312704
0,3,main,stream,encrypted,false,8388608,pattern,2,221.364,17157.166,21083.014,8659328
0,3,main,range,signed,false,8388608,pattern,2,19613.638,1070.259,22774.663,8673664
0,3,main,stream-content,encrypted-signed,true,8388608,pattern,2,964.476,3416.890,4426.916,322944
0,3,main,range,signed,true,8388608,pattern,2,8007.358,1192.271,9229.010,322944
0,3,main,stream-content,encrypted,false,8388608,pattern,2,196.873,16259.461,20213.069,8659328
0,3,main,whole,plain,false,8388608,pattern,2,229.254,24407.321,28604.504,8659328
0,3,main,stream-content,plain,false,8388608,pattern,2,242.384,14680.284,16994.573,8659328
0,3,main,stream-content,encrypted-signed,false,8388608,pattern,2,932.456,15745.592,20393.652,8673664
0,3,main,stream,plain,true,8388608,pattern,2,247.674,8931.655,9234.190,312704
0,3,main,stream-content,signed,false,8388608,pattern,2,17089.375,4867.874,24015.514,8673664
0,3,main,stream-content,plain,true,8388608,pattern,2,247.585,3001.351,3279.977,312704
0,3,main,range,plain,true,8388608,pattern,2,218.343,1204.131,1444.034,312704
0,3,main,range,encrypted-signed,true,8388608,pattern,2,940.706,1270.182,2237.369,322944
1,0,branch,stream,encrypted,true,8388608,pattern,1,217.054,3072.933,3315.577,312704
1,0,branch,range,plain,false,8388608,pattern,1,203.094,5056.967,5430.154,8659328
1,0,branch,stream,plain,false,8388608,pattern,1,184.073,10000.463,10450.781,8659328
1,0,branch,whole,encrypted-signed,true,8388608,pattern,1,970.966,7588.751,8607.058,322944
1,0,branch,stream,signed,false,8388608,pattern,1,15017.879,4594.890,19876.203,8673664
1,0,branch,stream,plain,true,8388608,pattern,1,233.034,3080.883,3342.818,312704
1,0,branch,stream-content,encrypted,true,8388608,pattern,1,225.904,2812.479,3053.393,312704
1,0,branch,stream,signed,true,8388608,pattern,1,7816.635,2874.979,10716.645,322944
1,0,branch,stream-content,plain,true,8388608,pattern,1,212.444,2839.239,3067.513,312704
1,0,branch,stream,encrypted-signed,false,8388608,pattern,1,931.486,13900.160,16845.781,8673664
1,0,branch,range,plain,true,8388608,pattern,1,236.044,2206.088,2459.112,312704
1,0,branch,stream-content,signed,false,8388608,pattern,1,18067.302,4824.294,23222.211,8673664
1,0,branch,stream,encrypted,false,8388608,pattern,1,234.174,13940.351,16243.261,8659328
1,0,branch,range,signed,false,8388608,pattern,1,19796.332,1023.177,21275.257,8673664
1,0,branch,whole,signed,false,8388608,pattern,1,15252.913,12763.051,30021.218,8673664
1,0,branch,stream-content,encrypted-signed,false,8388608,pattern,1,1036.168,17352.230,20453.184,8673664
1,0,branch,whole,encrypted-signed,false,8388608,pattern,1,978.357,25196.615,28654.315,8673664
1,0,branch,stream-content,encrypted,false,8388608,pattern,1,235.844,18648.232,20901.471,8659328
1,0,branch,range,encrypted,true,8388608,pattern,1,254.384,2304.870,2578.774,312704
1,0,branch,whole,encrypted,true,8388608,pattern,1,207.014,11694.912,11937.036,312704
1,0,branch,whole,encrypted,false,8388608,pattern,1,263.055,21940.859,24879.970,8659328
1,0,branch,range,signed,true,8388608,pattern,1,10083.065,990.477,11129.153,322944
1,0,branch,whole,plain,true,8388608,pattern,1,320.395,11304.975,11669.071,312704
1,0,branch,stream-content,signed,true,8388608,pattern,1,7964.758,3089.123,11093.282,322944
1,0,branch,whole,plain,false,8388608,pattern,1,224.524,18997.248,21307.308,8659328
1,0,branch,range,encrypted,false,8388608,pattern,1,245.734,11742.333,13922.141,8659328
1,0,branch,stream-content,encrypted-signed,true,8388608,pattern,1,1047.908,4571.660,5649.668,322944
1,0,branch,stream,encrypted-signed,true,8388608,pattern,1,971.786,4070.661,5082.877,322944
1,0,branch,range,encrypted-signed,false,8388608,pattern,1,981.247,10959.760,13950.491,8673664
1,0,branch,stream-content,plain,false,8388608,pattern,1,216.634,14890.287,15445.647,8659328
1,0,branch,range,encrypted-signed,true,8388608,pattern,1,977.457,748.223,1737.530,322944
1,0,branch,whole,signed,true,8388608,pattern,1,7691.453,7347.407,15082.451,322944
1,0,branch,whole,encrypted-signed,false,8388608,pattern,2,965.907,20479.254,23913.403,8673664
1,0,branch,stream-content,encrypted-signed,false,8388608,pattern,2,977.157,18479.619,21482.031,8673664
1,0,branch,whole,plain,false,8388608,pattern,2,220.624,22593.700,24723.927,8659328
1,0,branch,stream,encrypted-signed,true,8388608,pattern,2,1021.217,4081.151,5130.568,322944
1,0,branch,whole,encrypted-signed,true,8388608,pattern,2,945.286,9796.380,10785.776,322944
1,0,branch,whole,encrypted,false,8388608,pattern,2,214.174,20218.199,22893.025,8659328
1,0,branch,whole,encrypted,true,8388608,pattern,2,252.995,12089.429,12383.704,312704
1,0,branch,range,encrypted-signed,false,8388608,pattern,2,968.057,8379.644,11225.044,8673664
1,0,branch,stream-content,signed,false,8388608,pattern,2,19594.318,4815.123,24702.777,8673664
1,0,branch,stream-content,encrypted,true,8388608,pattern,2,257.055,2946.491,3227.556,312704
1,0,branch,stream,signed,true,8388608,pattern,2,7718.763,2939.021,10682.924,322944
1,0,branch,stream-content,plain,false,8388608,pattern,2,200.513,10470.511,10994.660,8659328
1,0,branch,stream,plain,true,8388608,pattern,2,252.624,3052.032,3327.517,312704
1,0,branch,stream,encrypted,true,8388608,pattern,2,220.223,2970.102,3208.525,312704
1,0,branch,stream,plain,false,8388608,pattern,2,191.523,10297.688,10785.156,8659328
1,0,branch,range,plain,false,8388608,pattern,2,197.703,5101.488,5467.144,8659328
1,0,branch,stream-content,plain,true,8388608,pattern,2,210.933,3035.413,3274.686,312704
1,0,branch,whole,plain,true,8388608,pattern,2,210.253,7655.993,7909.036,312704
1,0,branch,stream-content,signed,true,8388608,pattern,2,7846.666,2876.469,10748.436,322944
1,0,branch,range,encrypted-signed,true,8388608,pattern,2,979.937,748.843,1740.820,322944
1,0,branch,range,signed,false,8388608,pattern,2,15189.542,1063.658,16514.365,8673664
1,0,branch,whole,signed,false,8388608,pattern,2,15004.509,12522.326,29515.479,8673664
1,0,branch,range,encrypted,false,8388608,pattern,2,228.584,11283.195,13287.340,8659328
1,0,branch,range,plain,true,8388608,pattern,2,242.064,2190.017,2448.392,312704
1,0,branch,stream,signed,false,8388608,pattern,2,17939.910,4616.210,22812.094,8673664
1,0,branch,stream,encrypted-signed,false,8388608,pattern,2,980.947,13904.770,16873.061,8673664
1,0,branch,range,signed,true,8388608,pattern,2,9669.777,678.142,10375.949,322944
1,0,branch,stream-content,encrypted-signed,true,8388608,pattern,2,945.066,3200.405,4214.873,322944
1,0,branch,whole,signed,true,8388608,pattern,2,8897.644,10820.647,19769.072,322944
1,0,branch,range,encrypted,true,8388608,pattern,2,243.944,792.473,1047.228,312704
1,0,branch,stream-content,encrypted,false,8388608,pattern,2,175.983,14161.755,16388.703,8659328
1,0,branch,stream,encrypted,false,8388608,pattern,2,207.933,18213.975,20437.793,8659328
1,1,main,stream,encrypted,true,8388608,pattern,1,244.254,5005.136,5290.671,312704
1,1,main,range,plain,false,8388608,pattern,1,208.993,5012.417,6742.226,8659328
1,1,main,stream,plain,false,8388608,pattern,1,187.603,10025.983,12282.222,8659328
1,1,main,whole,encrypted-signed,true,8388608,pattern,1,968.657,9412.773,10434.221,322944
1,1,main,stream,signed,false,8388608,pattern,1,14976.799,4613.270,21665.045,8673664
1,1,main,stream,plain,true,8388608,pattern,1,246.115,4978.036,5260.901,312704
1,1,main,stream-content,encrypted,true,8388608,pattern,1,237.814,2891.370,3158.984,312704
1,1,main,stream,signed,true,8388608,pattern,1,7714.183,4820.654,12577.227,322944
1,1,main,stream-content,plain,true,8388608,pattern,1,224.404,2955.721,3211.645,312704
1,1,main,stream,encrypted-signed,false,8388608,pattern,1,924.426,15828.423,20508.624,8673664
1,1,main,range,plain,true,8388608,pattern,1,244.864,2701.977,2972.601,312704
1,1,main,stream-content,signed,false,8388608,pattern,1,17987.930,4846.704,24894.069,8673664
1,1,main,stream,encrypted,false,8388608,pattern,1,229.734,15647.850,19583.498,8659328
1,1,main,range,signed,false,8388608,pattern,1,19454.156,1022.178,22515.389,8673664
1,1,main,whole,signed,false,8388608,pattern,1,14905.697,14688.004,33173.823,8673664
1,1,main,stream-content,encrypted-signed,false,8388608,pattern,1,970.277,18935.237,23654.879,8673664
1,1,main,whole,encrypted-signed,false,8388608,pattern,1,988.757,30044.318,35530.113,8673664
1,1,main,stream-content,encrypted,false,8388608,pattern,1,246.754,20244.040,24250.549,8659328
1,1,main,range,encrypted,true,8388608,pattern,1,245.574,2710.967,2979.221,312704
1,1,main,whole,encrypted,true,8388608,pattern,1,195.054,12537.356,12781.441,312704
1,1,main,whole,encrypted,false,8388608,pattern,1,229.384,25745.104,30469.666,8659328
1,1,main,range,signed,true,8388608,pattern,1,9302.851,1135.339,10472.121,322944
1,1,main,whole,plain,true,8388608,pattern,1,208.744,12440.314,12701.729,312704
1,1,main,stream-content,signed,true,8388608,pattern,1,7740.604,2888.610,10666.464,322944
1,1,main,whole,plain,false,8388608,pattern,1,203.363,20490.944,24621.985,8659328
1,1,main,range,encrypted,false,8388608,pattern,1,237.974,14070.773,17435.331,8659328
1,1,main,stream-content,encrypted-signed,true,8388608,pattern,1,977.647,4549.608,5567.806,322944
1,1,main,stream,encrypted-signed,true,8388608,pattern,1,933.807,6586.653,7562.161,322944
1,1,main,range,encrypted-signed,false,8388608,pattern,1,917.115,11225.284,15306.244,8673664
1,1,main,stream-content,plain,false,8388608,pattern,1,227.934,14676.603,16954.733,8659328
1,1,main,range,encrypted-signed,true,8388608,pattern,1,955.667,1238.951,2220.519,322944
1,1,main,whole,signed,true,8388608,pattern,1,7646.752,9274.130,16981.613,322944
1,1,main,whole,encrypted-signed,false,8388608,pattern,2,937.936,25847.967,31309.671,8673664
1,1,main,stream-content,encrypted-signed,false,8388608,pattern,2,959.437,20231.460,25003.642,8673664
1,1,main,whole,plain,false,8388608,pattern,2,226.524,24280.849,28509.632,8659328
1,1,main,stream,encrypted-signed,true,8388608,pattern,2,960.577,8072.729,9074.207,322944
1,1,main,whole,encrypted-signed,true,8388608,pattern,2,941.247,11064.381,12052.849,322944
1,1,main,whole,encrypted,false,8388608,pattern,2,223.894,26116.141,30858.553,8659328
1,1,main,whole,encrypted,true,8388608,pattern,2,262.195,14017.172,14330.028,312704
1,1,main,range,encrypted-signed,false,8388608,pattern,2,940.137,9587.125,13692.827,8673664
1,1,main,stream-content,signed,false,8388608,pattern,2,19393.844,4827.694,26290.664,8673664
1,1,main,stream-content,encrypted,true,8388608,pattern,2,246.155,2994.251,3269.997,312704
1,1,main,stream,signed,true,8388608,pattern,2,7657.043,4800.903,12495.366,322944
1,1,main,stream-content,plain,false,8388608,pattern,2,208.083,10425.560,12733.850,8659328
1,1,main,stream,plain,true,8388608,pattern,2,241.555,4964.965,5240.261,312704
1,1,main,stream,encrypted,true,8388608,pattern,2,237.004,4918.156,5197.250,312704
1,1,main,stream,plain,false,8388608,pattern,2,208.404,10117.824,12373.134,8659328
1,1,main,range,plain,false,8388608,pattern,2,197.274,4973.545,6706.766,8659328
1,1,main,stream-content,plain,true,8388608,pattern,2,209.853,2994.742,3237.535,312704
1,1,main,whole,plain,true,8388608,pattern,2,207.524,9565.465,9829.960,312704
1,1,main,stream-content,signed,true,8388608,pattern,2,7766.744,2838.409,10641.043,322944
1,1,main,range,encrypted-signed,true,8388608,pattern,2,923.556,1200.241,2147.817,322944
1,1,main,range,signed,false,8388608,pattern,2,15072.711,1021.887,18133.744,8673664
1,1,main,whole,signed,false,8388608,pattern,2,14888.987,14486.420,32948.189,8673664
1,1,main,range,encrypted,false,8388608,pattern,2,233.844,12589.427,15928.565,8659328
1,1,main,range,plain,true,8388608,pattern,2,244.724,2651.466,2921.100,312704
1,1,main,stream,signed,false,8388608,pattern,2,18009.830,4658.901,24737.197,8673664
1,1,main,stream,encrypted-signed,false,8388608,pattern,2,929.516,15746.472,20396.153,8673664
1,1,main,range,signed,true,8388608,pattern,2,9176.819,1134.349,10342.499,322944
1,1,main,stream-content,encrypted-signed,true,8388608,pattern,2,902.116,2967.511,3902.148,322944
1,1,main,whole,signed,true,8388608,pattern,2,7708.503,12373.724,20137.798,322944
1,1,main,range,encrypted,true,8388608,pattern,2,251.094,1203.991,1474.955,312704
1,1,main,stream-content,encrypted,false,8388608,pattern,2,180.083,15912.975,19839.352,8659328
1,1,main,stream,encrypted,false,8388608,pattern,2,213.934,19944.004,23884.723,8659328
1,2,main,stream,encrypted,true,8388608,pattern,1,219.774,5076.947,5334.022,312704
1,2,main,range,plain,false,8388608,pattern,1,218.134,5007.956,6741.756,8659328
1,2,main,stream,plain,false,8388608,pattern,1,186.333,10082.654,12307.672,8659328
1,2,main,whole,encrypted-signed,true,8388608,pattern,1,954.016,9413.363,10420.890,322944
1,2,main,stream,signed,false,8388608,pattern,1,15205.172,4604.980,21920.698,8673664
1,2,main,stream,plain,true,8388608,pattern,1,247.324,5133.329,5419.514,312704
1,2,main,stream-content,encrypted,true,8388608,pattern,1,247.015,3044.112,3321.048,312704
1,2,main,stream,signed,true,8388608,pattern,1,7852.366,4914.605,12807.851,322944
1,2,main,stream-content,plain,true,8388608,pattern,1,226.214,3030.392,3288.647,312704
1,2,main,stream,encrypted-signed,false,8388608,pattern,1,916.786,15819.063,20523.775,8673664
1,2,main,range,plain,true,8388608,pattern,1,243.794,2662.506,2931.910,312704
1,2,main,stream-content,signed,false,8388608,pattern,1,18047.621,4810.553,24961.271,8673664
1,2,main,stream,encrypted,false,8388608,pattern,1,248.255,15692.591,19733.421,8659328
1,2,main,range,signed,false,8388608,pattern,1,19347.244,1016.248,22399.467,8673664
1,2,main,whole,signed,false,8388608,pattern,1,14932.508,14379.098,32867.928,8673664
1,2,main,stream-content,encrypted-signed,false,8388608,pattern,1,1000.177,18869.356,23651.928,8673664
1,2,main,whole,encrypted-signed,false,8388608,pattern,1,946.506,29829.235,35300.479,8673664
1,2,main,stream-content,encrypted,false,8388608,pattern,1,240.544,20125.168,24064.405,8659328
1,2,main,range,encrypted,true,8388608,pattern,1,251.065,2705.896,2980.672,312704
1,2,main,whole,encrypted,true,8388608,pattern,1,197.593,12722.110,12962.904,312704
1,2,main,whole,encrypted,false,8388608,pattern,1,233.385,25983.858,30694.150,8659328
1,2,main,range,signed,true,8388608,pattern,1,9302.991,1152.980,10488.941,322944
1,2,main,whole,plain,true,8388608,pattern,1,203.813,12465.286,12719.579,312704
1,2,main,stream-content,signed,true,8388608,pattern,1,7782.625,2887.359,10704.315,322944
1,2,main,whole,plain,false,8388608,pattern,1,205.914,20289.750,24413.402,8659328
1,2,main,range,encrypted,false,8388608,pattern,1,241.094,14086.563,17502.852,8659328
1,2,main,stream-content,encrypted-signed,true,8388608,pattern,1,1018.597,4584.450,5639.877,322944
1,2,main,stream,encrypted-signed,true,8388608,pattern,1,924.646,6653.695,7622.211,322944
1,2,main,range,encrypted-signed,false,8388608,pattern,1,934.976,11151.133,15261.934,8673664
1,2,main,stream-content,plain,false,8388608,pattern,1,230.404,15016.330,17334.450,8659328
1,2,main,range,encrypted-signed,true,8388608,pattern,1,955.216,1280.582,2261.619,322944
1,2,main,whole,signed,true,8388608,pattern,1,7856.456,9510.114,17424.831,322944
1,2,main,whole,encrypted-signed,false,8388608,pattern,2,1041.098,26283.543,31907.710,8673664
1,2,main,stream-content,encrypted-signed,false,8388608,pattern,2,966.317,21051.823,25943.908,8673664
1,2,main,whole,plain,false,8388608,pattern,2,220.384,25254.896,29474.719,8659328
1,2,main,stream,encrypted-signed,true,8388608,pattern,2,979.556,8250.623,9272.430,322944
1,2,main,whole,encrypted-signed,true,8388608,pattern,2,963.087,11118.582,12135.420,322944
1,2,main,whole,encrypted,false,8388608,pattern,2,229.494,25879.177,30550.997,8659328
1,2,main,whole,encrypted,true,8388608,pattern,2,266.245,14023.932,14337.608,312704
1,2,main,range,encrypted-signed,false,8388608,pattern,2,945.457,9684.697,13799.019,8673664
1,2,main,stream-content,signed,false,8388608,pattern,2,19387.225,4876.174,26336.815,8673664
1,2,main,stream-content,encrypted,true,8388608,pattern,2,263.764,3875.267,4189.442,312704
1,2,main,stream,signed,true,8388608,pattern,2,8197.922,5314.241,13562.034,322944
1,2,main,stream-content,plain,false,8388608,pattern,2,241.424,10755.936,13093.136,8659328
1,2,main,stream,plain,true,8388608,pattern,2,247.114,5176.170,5458.354,312704
1,2,main,stream,encrypted,true,8388608,pattern,2,235.164,5160.829,5433.723,312704
1,2,main,stream,plain,false,8388608,pattern,2,220.144,10300.568,12617.998,8659328
1,2,main,range,plain,false,8388608,pattern,2,206.573,5049.088,6817.988,8659328
1,2,main,stream-content,plain,true,8388608,pattern,2,216.204,3021.032,3269.137,312704
1,2,main,whole,plain,true,8388608,pattern,2,214.694,9472.853,9739.298,312704
1,2,main,stream-content,signed,true,8388608,pattern,2,7772.724,2888.540,10693.995,322944
1,2,main,range,encrypted-signed,true,8388608,pattern,2,936.056,1211.531,2171.938,322944
1,2,main,range,signed,false,8388608,pattern,2,15140.532,1027.287,18226.655,8673664
1,2,main,whole,signed,false,8388608,pattern,2,15081.660,15079.130,33692.861,8673664
1,2,main,range,encrypted,false,8388608,pattern,2,239.084,12623.258,16209.320,8659328
1,2,main,range,plain,true,8388608,pattern,2,246.454,2987.332,3265.516,312704
1,2,main,stream,signed,false,8388608,pattern,2,18473.738,4971.486,25626.902,8673664
1,2,main,stream,encrypted-signed,false,8388608,pattern,2,990.067,16043.937,20822.209,8673664
1,2,main,range,signed,true,8388608,pattern,2,9305.381,1158.470,10504.391,322944
1,2,main,stream-content,encrypted-signed,true,8388608,pattern,2,940.426,2963.711,3996.369,322944
1,2,main,whole,signed,true,8388608,pattern,2,7847.005,12554.047,20458.533,322944
1,2,main,range,encrypted,true,8388608,pattern,2,251.424,1240.051,1512.006,312704
1,2,main,stream-content,encrypted,false,8388608,pattern,2,186.763,15951.716,19887.793,8659328
1,2,main,stream,encrypted,false,8388608,pattern,2,217.384,20046.286,23989.574,8659328
1,3,branch,stream,encrypted,true,8388608,pattern,1,213.734,3080.723,3320.368,312704
1,3,branch,range,plain,false,8388608,pattern,1,197.794,5102.158,5476.605,8659328
1,3,branch,stream,plain,false,8388608,pattern,1,180.323,10017.213,10470.310,8659328
1,3,branch,whole,encrypted-signed,true,8388608,pattern,1,969.487,7411.428,8424.005,322944
1,3,branch,stream,signed,false,8388608,pattern,1,14938.678,4577.949,19767.391,8673664
1,3,branch,stream,plain,true,8388608,pattern,1,226.954,3085.343,3344.358,312704
1,3,branch,stream-content,encrypted,true,8388608,pattern,1,225.244,2836.659,3078.914,312704
1,3,branch,stream,signed,true,8388608,pattern,1,7984.068,2945.921,10961.999,322944
1,3,branch,stream-content,plain,true,8388608,pattern,1,219.084,2826.639,3061.823,312704
1,3,branch,stream,encrypted-signed,false,8388608,pattern,1,943.917,13881.609,16837.141,8673664
1,3,branch,range,plain,true,8388608,pattern,1,229.984,2202.458,2448.862,312704
1,3,branch,stream-content,signed,false,8388608,pattern,1,17934.799,4816.373,23053.687,8673664
1,3,branch,stream,encrypted,false,8388608,pattern,1,216.014,13813.219,16025.727,8659328
1,3,branch,range,signed,false,8388608,pattern,1,19357.714,1020.728,20613.246,8673664
1,3,branch,whole,signed,false,8388608,pattern,1,14903.818,12673.618,29630.292,8673664
1,3,branch,stream-content,encrypted-signed,false,8388608,pattern,1,968.176,17403.991,20446.123,8673664
1,3,branch,whole,encrypted-signed,false,8388608,pattern,1,958.166,25115.024,28582.013,8673664
1,3,branch,stream-content,encrypted,false,8388608,pattern,1,222.254,18367.857,20589.876,8659328
1,3,branch,range,encrypted,true,8388608,pattern,1,242.824,2216.318,2473.092,312704
1,3,branch,whole,encrypted,true,8388608,pattern,1,189.413,10570.082,10791.586,312704
1,3,branch,whole,encrypted,false,8388608,pattern,1,216.603,20322.981,23050.388,8659328
1,3,branch,range,signed,true,8388608,pattern,1,9329.371,667.841,10017.612,322944
1,3,branch,whole,plain,true,8388608,pattern,1,193.983,10484.981,10726.045,312704
1,3,branch,stream-content,signed,true,8388608,pattern,1,7765.944,2839.799,10630.823,322944
1,3,branch,whole,plain,false,8388608,pattern,1,197.773,18129.683,20275.210,8659328
1,3,branch,range,encrypted,false,8388608,pattern,1,226.634,11238.844,13246.628,8659328
1,3,branch,stream-content,encrypted-signed,true,8388608,pattern,1,991.227,4452.007,5468.135,322944
1,3,branch,stream,encrypted-signed,true,8388608,pattern,1,950.917,3813.776,4790.393,322944
1,3,branch,range,encrypted-signed,false,8388608,pattern,1,938.966,10568.602,13350.390,8673664
1,3,branch,stream-content,plain,false,8388608,pattern,1,215.434,14586.791,15139.401,8659328
1,3,branch,range,encrypted-signed,true,8388608,pattern,1,971.867,745.243,1728.900,322944
1,3,branch,whole,signed,true,8388608,pattern,1,7657.052,7558.881,15279.954,322944
1,3,branch,whole,encrypted-signed,false,8388608,pattern,2,995.987,22777.833,26471.807,8673664
1,3,branch,stream-content,encrypted-signed,false,8388608,pattern,2,1110.739,18790.044,21938.238,8673664
1,3,branch,whole,plain,false,8388608,pattern,2,216.584,22663.761,24832.159,8659328
1,3,branch,stream,encrypted-signed,true,8388608,pattern,2,1017.427,3980.279,5025.046,322944
1,3,branch,whole,encrypted-signed,true,8388608,pattern,2,963.697,9883.340,10890.448,322944
1,3,branch,whole,encrypted,false,8388608,pattern,2,217.013,20423.073,23154.960,8659328
1,3,branch,whole,encrypted,true,8388608,pattern,2,267.555,12054.598,12363.334,312704
1,3,branch,range,encrypted-signed,false,8388608,pattern,2,1006.828,8200.851,11087.382,8673664
1,3,branch,stream-content,signed,false,8388608,pattern,2,19265.692,4812.223,24371.080,8673664
1,3,branch,stream-content,encrypted,true,8388608,pattern,2,249.964,3033.593,3305.237,312704
1,3,branch,stream,signed,true,8388608,pattern,2,7715.463,2918.460,10657.904,322944
1,3,branch,stream-content,plain,false,8388608,pattern,2,207.054,10295.678,10825.017,8659328
1,3,branch,stream,plain,true,8388608,pattern,2,230.864,3073.823,3327.738,312704
1,3,branch,stream,encrypted,true,8388608,pattern,2,218.884,3032.792,3273.367,312704
1,3,branch,stream,plain,false,8388608,pattern,2,191.954,10116.064,10610.643,8659328
1,3,branch,range,plain,false,8388608,pattern,2,192.903,4976.696,5328.982,8659328
1,3,branch,stream-content,plain,true,8388608,pattern,2,202.663,2950.511,3177.184,312704
1,3,branch,whole,plain,true,8388608,pattern,2,202.214,7556.130,7801.385,312704
1,3,branch,stream-content,signed,true,8388608,pattern,2,7827.576,2892.880,10743.706,322944
1,3,branch,range,encrypted-signed,true,8388608,pattern,2,976.566,725.333,1713.239,322944
1,3,branch,range,signed,false,8388608,pattern,2,15082.721,1029.198,16338.103,8673664
1,3,branch,whole,signed,false,8388608,pattern,2,14930.038,12526.566,29454.719,8673664
1,3,branch,range,encrypted,false,8388608,pattern,2,234.745,11261.574,13304.620,8659328
1,3,branch,range,plain,true,8388608,pattern,2,244.614,2188.938,2450.372,312704
1,3,branch,stream,signed,false,8388608,pattern,2,17969.101,4610.599,22842.945,8673664
1,3,branch,stream,encrypted-signed,false,8388608,pattern,2,966.536,13827.869,16782.049,8673664
1,3,branch,range,signed,true,8388608,pattern,2,9295.630,669.172,9987.452,322944
1,3,branch,stream-content,encrypted-signed,true,8388608,pattern,2,924.966,2943.861,3888.747,322944
1,3,branch,whole,signed,true,8388608,pattern,2,7668.453,10650.424,18363.137,322944
1,3,branch,range,encrypted,true,8388608,pattern,2,257.205,775.363,1043.238,312704
1,3,branch,stream-content,encrypted,false,8388608,pattern,2,179.933,13912.750,16098.718,8659328
1,3,branch,stream,encrypted,false,8388608,pattern,2,206.284,18157.503,20360.782,8659328
2,0,main,whole,encrypted,true,8388608,pattern,1,252.614,13962.691,14267.556,312704
2,0,main,whole,plain,false,8388608,pattern,1,230.384,20196.248,24382.491,8659328
2,0,main,range,signed,true,8388608,pattern,1,9273.720,1143.700,10450.221,322944
2,0,main,stream-content,encrypted-signed,false,8388608,pattern,1,884.776,18851.115,23478.075,8673664
2,0,main,range,encrypted-signed,true,8388608,pattern,1,966.117,2753.137,3753.985,322944
2,0,main,stream-content,encrypted,true,8388608,pattern,1,208.514,3090.893,3326.668,312704
2,0,main,stream,signed,false,8388608,pattern,1,17966.900,4578.910,24596.545,8673664
2,0,main,stream-content,encrypted,false,8388608,pattern,1,218.274,15855.863,19826.742,8659328
2,0,main,whole,encrypted,false,8388608,pattern,1,214.944,29862.315,34573.986,8659328
2,0,main,whole,plain,true,8388608,pattern,1,256.505,14014.252,14321.667,312704
2,0,main,range,signed,false,8388608,pattern,1,14848.647,1021.477,17948.060,8673664
2,0,main,stream,plain,true,8388608,pattern,1,242.354,5109.058,5387.253,312704
2,0,main,range,plain,false,8388608,pattern,1,209.334,5029.237,6802.308,8659328
2,0,main,stream,plain,false,8388608,pattern,1,185.904,9924.201,12152.550,8659328
2,0,main,stream-content,plain,true,8388608,pattern,1,224.824,3082.423,3339.947,312704
2,0,main,range,encrypted,false,8388608,pattern,1,201.864,9790.688,13242.069,8659328
2,0,main,stream,signed,true,8388608,pattern,1,9314.661,6532.143,15896.534,322944
2,0,main,stream,encrypted,false,8388608,pattern,1,221.634,17181.637,21190.496,8659328
2,0,main,stream,encrypted-signed,false,8388608,pattern,1,932.856,20049.086,24792.128,8673664
2,0,main,range,encrypted,true,8388608,pattern,1,257.455,2723.287,3008.212,312704
2,0,main,whole,encrypted-signed,true,8388608,pattern,1,922.616,12612.578,13590.055,322944
2,0,main,whole,encrypted-signed,false,8388608,pattern,1,969.387,25787.495,31281.920,8673664
2,0,main,range,encrypted-signed,false,8388608,pattern,1,949.686,14054.403,18181.504,8673664
2,0,main,range,plain,true,8388608,pattern,1,248.564,2687.947,2962.221,312704
2,0,main,stream,encrypted-signed,true,8388608,pattern,1,925.466,6649.314,7618.561,322944
2,0,main,stream,encrypted,true,8388608,pattern,1,244.524,5155.409,5436.114,312704
2,0,main,stream-content,signed,true,8388608,pattern,1,7793.325,2860.169,10697.175,322944
2,0,main,whole,signed,true,8388608,pattern,1,7740.474,11113.712,18911.307,322944
2,0,main,stream-content,signed,false,8388608,pattern,1,15068.050,4839.853,21971.749,8673664
2,0,main,stream-content,encrypted-signed,true,8388608,pattern,1,962.126,3142.715,4137.701,322944
2,0,main,stream-content,plain,false,8388608,pattern,1,196.023,10450.040,12699.179,8659328
2,0,main,whole,signed,false,8388608,pattern,1,15078.050,14488.740,33158.232,8673664
2,0,main,stream-content,encrypted-signed,true,8388608,pattern,2,1044.128,3153.134,4231.733,322944
2,0,main,range,encrypted-signed,false,8388608,pattern,2,893.765,12738.390,16812.280,8673664
2,0,main,stream-content,signed,true,8388608,pattern,2,9236.459,3000.562,12283.521,322944
2,0,main,stream-content,plain,false,8388608,pattern,2,205.774,13419.741,15669.211,8659328
2,0,main,stream-content,encrypted,true,8388608,pattern,2,246.195,3143.384,3421.909,312704
2,0,main,stream,plain,false,8388608,pattern,2,203.433,10182.846,12430.425,8659328
2,0,main,whole,plain,false,8388608,pattern,2,200.724,20216.279,24408.512,8659328
2,0,main,whole,plain,true,8388608,pattern,2,255.795,14053.702,14364.428,312704
2,0,main,stream-content,encrypted-signed,false,8388608,pattern,2,940.626,15860.824,20565.085,8673664
2,0,main,stream,encrypted-signed,false,8388608,pattern,2,929.796,20214.229,24947.540,8673664
2,0,main,range,encrypted,false,8388608,pattern,2,220.804,14054.762,17414.661,8659328
2,0,main,whole,signed,true,8388608,pattern,2,9209.659,12403.275,21673.685,322944
2,0,main,stream,encrypted,false,8388608,pattern,2,232.364,15565.859,19595.239,8659328
2,0,main,whole,signed,false,8388608,pattern,2,19450.996,14370.138,37377.725,8673664
2,0,main,range,encrypted,true,8388608,pattern,2,321.486,1308.132,1653.579,312704
2,0,main,stream,plain,true,8388608,pattern,2,195.743,6546.784,6780.187,312704
2,0,main,whole,encrypted-signed,false,8388608,pattern,2,951.946,27419.443,32945.688,8673664
2,0,main,range,signed,true,8388608,pattern,2,9263.630,1145.590,10443.210,322944
2,0,main,whole,encrypted-signed,true,8388608,pattern,2,909.396,13049.245,14005.232,322944
2,0,main,stream-content,encrypted,false,8388608,pattern,2,224.984,15953.116,19877.864,8659328
2,0,main,whole,encrypted,true,8388608,pattern,2,255.185,14443.599,14744.525,312704
2,0,main,range,signed,false,8388608,pattern,2,15181.162,1035.548,18276.096,8673664
2,0,main,stream,encrypted-signed,true,8388608,pattern,2,944.896,5154.699,6141.576,322944
2,0,main,range,plain,true,8388608,pattern,2,230.414,1197.571,1447.965,312704
2,0,main,stream,signed,true,8388608,pattern,2,7662.453,5031.667,12735.460,322944
2,0,main,range,encrypted-signed,true,8388608,pattern,2,944.506,1255.792,2224.098,322944
2,0,main,range,plain,false,8388608,pattern,2,180.463,5054.057,6772.577,8659328
2,0,main,stream-content,plain,true,8388608,pattern,2,215.324,3151.314,3400.629,312704
2,0,main,stream-content,signed,false,8388608,pattern,2,14968.418,4861.524,21899.958,8673664
2,0,main,stream,encrypted,true,8388608,pattern,2,254.845,5132.988,5427.574,312704
2,0,main,stream,signed,false,8388608,pattern,2,14968.578,4624.210,21651.113,8673664
2,0,main,whole,encrypted,false,8388608,pattern,2,231.564,25797.895,30584.138,8659328
2,1,branch,whole,encrypted,true,8388608,pattern,1,252.315,12072.828,12365.484,312704
2,1,branch,whole,plain,false,8388608,pattern,1,219.174,18139.453,20313.361,8659328
2,1,branch,range,signed,true,8388608,pattern,1,7816.085,666.941,8499.626,322944
2,1,branch,stream-content,encrypted-signed,false,8388608,pattern,1,907.155,17154.167,20174.578,8673664
2,1,branch,range,encrypted-signed,true,8388608,pattern,1,990.607,2247.099,3255.106,322944
2,1,branch,stream-content,encrypted,true,8388608,pattern,1,202.784,2916.390,3136.504,312704
2,1,branch,stream,signed,false,8388608,pattern,1,18951.017,4711.771,23983.524,8673664
2,1,branch,stream-content,encrypted,false,8388608,pattern,1,217.603,14597.122,16911.481,8659328
2,1,branch,whole,encrypted,false,8388608,pattern,1,218.494,25621.942,28354.210,8659328
2,1,branch,whole,plain,true,8388608,pattern,1,245.484,12353.343,12643.638,312704
2,1,branch,range,signed,false,8388608,pattern,1,15450.076,1038.448,16961.862,8673664
2,1,branch,stream,plain,true,8388608,pattern,1,227.544,3183.975,3443.090,312704
2,1,branch,range,plain,false,8388608,pattern,1,207.634,5128.478,5551.026,8659328
2,1,branch,stream,plain,false,8388608,pattern,1,189.193,10313.258,10838.847,8659328
2,1,branch,stream-content,plain,true,8388608,pattern,1,227.784,2975.501,3226.875,312704
2,1,branch,range,encrypted,false,8388608,pattern,1,210.054,8520.677,10686.724,8659328
2,1,branch,stream,signed,true,8388608,pattern,1,9383.972,3899.617,13322.400,322944
2,1,branch,stream,encrypted,false,8388608,pattern,1,207.513,16349.412,18625.531,8659328
2,1,branch,stream,encrypted-signed,false,8388608,pattern,1,967.197,18651.232,21703.414,8673664
2,1,branch,range,encrypted,true,8388608,pattern,1,241.884,2272.980,2531.044,312704
2,1,branch,whole,encrypted-signed,true,8388608,pattern,1,968.187,10901.358,11914.966,322944
2,1,branch,whole,encrypted-signed,false,8388608,pattern,1,964.226,20872.271,24435.701,8673664
2,1,branch,range,encrypted-signed,false,8388608,pattern,1,990.607,13488.523,16402.613,8673664
2,1,branch,range,plain,true,8388608,pattern,1,231.594,2238.449,2488.123,312704
2,1,branch,stream,encrypted-signed,true,8388608,pattern,1,967.376,3972.399,4971.195,322944
2,1,branch,stream,encrypted,true,8388608,pattern,1,219.034,3043.992,3289.767,312704
2,1,branch,stream-content,signed,true,8388608,pattern,1,7826.715,3069.773,10933.848,322944
2,1,branch,whole,signed,true,8388608,pattern,1,7908.496,10364.389,18315.006,322944
2,1,branch,stream-content,signed,false,8388608,pattern,1,15646.450,4941.015,20951.411,8673664
2,1,branch,stream-content,encrypted-signed,true,8388608,pattern,1,1023.968,3066.183,4119.641,322944
2,1,branch,stream-content,plain,false,8388608,pattern,1,208.654,10896.938,11496.849,8659328
2,1,branch,whole,signed,false,8388608,pattern,1,15553.199,12808.401,30382.205,8673664
2,1,branch,stream-content,encrypted-signed,true,8388608,pattern,2,1012.067,3075.043,4126.011,322944
2,1,branch,range,encrypted-signed,false,8388608,pattern,2,944.436,11974.886,15020.559,8673664
2,1,branch,stream-content,signed,true,8388608,pattern,2,9438.492,2960.512,12444.234,322944
2,1,branch,stream-content,plain,false,8388608,pattern,2,206.134,13711.886,14328.167,8659328
2,1,branch,stream-content,encrypted,true,8388608,pattern,2,242.564,3083.934,3357.258,312704
2,1,branch,stream,plain,false,8388608,pattern,2,218.534,10531.602,11144.902,8659328
2,1,branch,whole,plain,false,8388608,pattern,2,201.104,18606.201,20951.882,8659328
2,1,branch,whole,plain,true,8388608,pattern,2,253.004,10847.217,11143.312,312704
2,1,branch,stream-content,encrypted-signed,false,8388608,pattern,2,961.566,14397.789,17453.891,8673664
2,1,branch,stream,encrypted-signed,false,8388608,pattern,2,968.397,18612.311,21655.573,8673664
2,1,branch,range,encrypted,false,8388608,pattern,2,210.344,12946.444,15178.222,8659328
2,1,branch,whole,signed,true,8388608,pattern,2,9391.012,10833.927,20275.000,322944
2,1,branch,stream,encrypted,false,8388608,pattern,2,211.283,14092.924,16401.513,8659328
2,1,branch,whole,signed,false,8388608,pattern,2,20008.335,12731.550,34764.990,8673664
2,1,branch,range,encrypted,true,8388608,pattern,2,253.054,825.704,1092.508,312704
2,1,branch,stream,plain,true,8388608,pattern,2,198.903,3953.689,4188.642,312704
2,1,branch,whole,encrypted-signed,false,8388608,pattern,2,967.597,23308.232,26861.423,8673664
2,1,branch,range,signed,true,8388608,pattern,2,9486.404,679.122,10197.516,322944
2,1,branch,whole,encrypted-signed,true,8388608,pattern,2,967.587,11129.392,12146.200,322944
2,1,branch,stream-content,encrypted,false,8388608,pattern,2,223.994,14365.798,16646.588,8659328
2,1,branch,whole,encrypted,true,8388608,pattern,2,238.414,12525.757,12812.612,312704
2,1,branch,range,signed,false,8388608,pattern,2,15309.515,1026.337,16589.437,8673664
2,1,branch,stream,encrypted-signed,true,8388608,pattern,2,979.337,3204.315,4218.333,322944
2,1,branch,range,plain,true,8388608,pattern,2,225.154,719.012,955.336,312704
2,1,branch,stream,signed,true,8388608,pattern,2,7764.324,2977.841,10768.245,322944
2,1,branch,range,encrypted-signed,true,8388608,pattern,2,956.526,780.914,1752.510,322944
2,1,branch,range,plain,false,8388608,pattern,2,184.513,5138.639,5522.745,8659328
2,1,branch,stream-content,plain,true,8388608,pattern,2,202.284,2990.311,3215.316,312704
2,1,branch,stream-content,signed,false,8388608,pattern,2,15271.114,4927.335,20657.937,8673664
2,1,branch,stream,encrypted,true,8388608,pattern,2,267.005,3539.901,3835.816,312704
2,1,branch,stream,signed,false,8388608,pattern,2,15666.130,4726.822,20676.527,8673664
2,1,branch,whole,encrypted,false,8388608,pattern,2,214.514,20903.791,23613.448,8659328
2,2,branch,whole,encrypted,true,8388608,pattern,1,263.634,12720.510,13020.874,312704
2,2,branch,whole,plain,false,8388608,pattern,1,221.134,18800.424,21060.203,8659328
2,2,branch,range,signed,true,8388608,pattern,1,8198.122,682.621,8900.574,322944
2,2,branch,stream-content,encrypted-signed,false,8388608,pattern,1,962.147,17524.972,20694.887,8673664
2,2,branch,range,encrypted-signed,true,8388608,pattern,1,1038.648,2394.962,3461.400,322944
2,2,branch,stream-content,encrypted,true,8388608,pattern,1,232.754,3008.652,3267.866,312704
2,2,branch,stream,signed,false,8388608,pattern,1,18841.315,4692.811,23852.461,8673664
2,2,branch,stream-content,encrypted,false,8388608,pattern,1,231.474,15039.930,17340.769,8659328
2,2,branch,whole,encrypted,false,8388608,pattern,1,221.724,25605.762,28595.464,8659328
2,2,branch,whole,plain,true,8388608,pattern,1,310.556,13141.057,13492.223,312704
2,2,branch,range,signed,false,8388608,pattern,1,16272.551,1038.188,17638.044,8673664
2,2,branch,stream,plain,true,8388608,pattern,1,228.084,3150.805,3405.999,312704
2,2,branch,range,plain,false,8388608,pattern,1,289.925,5589.356,6062.024,8659328
2,2,branch,stream,plain,false,8388608,pattern,1,183.543,10278.727,10747.495,8659328
2,2,branch,stream-content,plain,true,8388608,pattern,1,222.114,2947.650,3189.425,312704
2,2,branch,range,encrypted,false,8388608,pattern,1,269.575,8972.915,11118.572,8659328
2,2,branch,stream,signed,true,8388608,pattern,1,9738.418,4209.653,13997.892,322944
2,2,branch,stream,encrypted,false,8388608,pattern,1,224.963,17049.645,19447.635,8659328
2,2,branch,stream,encrypted-signed,false,8388608,pattern,1,1112.349,20615.146,23870.482,8673664
2,2,branch,range,encrypted,true,8388608,pattern,1,336.286,2308.829,2662.776,312704
2,2,branch,whole,encrypted-signed,true,8388608,pattern,1,1083.689,10964.829,12097.269,322944
2,2,branch,whole,encrypted-signed,false,8388608,pattern,1,997.797,20888.370,24435.981,8673664
2,2,branch,range,encrypted-signed,false,8388608,pattern,1,999.428,12849.911,15707.371,8673664
2,2,branch,range,plain,true,8388608,pattern,1,339.126,2206.598,2562.944,312704
2,2,branch,stream,encrypted-signed,true,8388608,pattern,1,967.536,3962.359,4957.115,322944
2,2,branch,stream,encrypted,true,8388608,pattern,1,237.944,2994.722,3252.376,312704
2,2,branch,stream-content,signed,true,8388608,pattern,1,8010.628,2899.320,10934.148,322944
2,2,branch,whole,signed,true,8388608,pattern,1,7886.426,9851.550,17781.457,322944
2,2,branch,stream-content,signed,false,8388608,pattern,1,16205.140,4917.065,21428.760,8673664
2,2,branch,stream-content,encrypted-signed,true,8388608,pattern,1,1023.498,3109.983,4157.182,322944
2,2,branch,stream-content,plain,false,8388608,pattern,1,320.856,11431.047,12328.933,8659328
2,2,branch,whole,signed,false,8388608,pattern,1,15821.273,12799.961,30690.959,8673664
2,2,branch,stream-content,encrypted-signed,true,8388608,pattern,2,1031.588,3284.027,4340.025,322944
2,2,branch,range,encrypted-signed,false,8388608,pattern,2,1060.718,11925.346,14848.826,8673664
2,2,branch,stream-content,signed,true,8388608,pattern,2,9454.243,2964.381,12449.824,322944
2,2,branch,stream-content,plain,false,8388608,pattern,2,215.584,13869.159,14443.349,8659328
2,2,branch,stream-content,encrypted,true,8388608,pattern,2,322.716,3052.012,3395.179,312704
2,2,branch,stream,plain,false,8388608,pattern,2,192.184,10386.049,10888.738,8659328
2,2,branch,whole,plain,false,8388608,pattern,2,193.063,18462.259,20700.587,8659328
2,2,branch,whole,plain,true,8388608,pattern,2,341.596,10812.517,11197.223,312704
2,2,branch,stream-content,encrypted-signed,false,8388608,pattern,2,1126.879,14704.984,17931.199,8673664
2,2,branch,stream,encrypted-signed,false,8388608,pattern,2,979.277,18368.997,21402.409,8673664
2,2,branch,range,encrypted,false,8388608,pattern,2,393.037,13900.290,16109.008,8659328
2,2,branch,whole,signed,true,8388608,pattern,2,9479.774,10642.023,20173.668,322944
2,2,branch,stream,encrypted,false,8388608,pattern,2,232.854,14154.394,16429.813,8659328
2,2,branch,whole,signed,false,8388608,pattern,2,20622.056,12688.039,35317.820,8673664
2,2,branch,range,encrypted,true,8388608,pattern,2,366.006,832.244,1211.961,312704
2,2,branch,stream,plain,true,8388608,pattern,2,278.775,3953.998,4254.383,312704
2,2,branch,whole,encrypted-signed,false,8388608,pattern,2,1104.699,23828.661,27590.556,8673664
2,2,branch,range,signed,true,8388608,pattern,2,9828.189,699.432,10556.342,322944
2,2,branch,whole,encrypted-signed,true,8388608,pattern,2,1147.370,11005.300,12206.201,322944
2,2,branch,stream-content,encrypted,false,8388608,pattern,2,326.595,15121.751,17688.515,8659328
2,2,branch,whole,encrypted,true,8388608,pattern,2,271.315,12618.207,12924.243,312704
2,2,branch,range,signed,false,8388608,pattern,2,16478.994,1092.279,18014.500,8673664
2,2,branch,stream,encrypted-signed,true,8388608,pattern,2,1054.718,3241.016,4321.005,322944
2,2,branch,range,plain,true,8388608,pattern,2,274.115,726.173,1011.278,312704
2,2,branch,stream,signed,true,8388608,pattern,2,7908.017,3048.582,10987.410,322944
2,2,branch,range,encrypted-signed,true,8388608,pattern,2,992.008,741.752,1753.321,322944
2,2,branch,range,plain,false,8388608,pattern,2,317.616,5752.649,6250.668,8659328
2,2,branch,stream-content,plain,true,8388608,pattern,2,201.684,3052.083,3280.927,312704
2,2,branch,stream-content,signed,false,8388608,pattern,2,15506.447,5008.337,20918.551,8673664
2,2,branch,stream,encrypted,true,8388608,pattern,2,274.785,3187.575,3488.280,312704
2,2,branch,stream,signed,false,8388608,pattern,2,15249.863,4733.162,20247.099,8673664
2,2,branch,whole,encrypted,false,8388608,pattern,2,322.936,21545.032,24452.702,8659328
2,3,main,whole,encrypted,true,8388608,pattern,1,247.954,14543.471,14848.846,312704
2,3,main,whole,plain,false,8388608,pattern,1,258.984,21239.207,25523.010,8659328
2,3,main,range,signed,true,8388608,pattern,1,9640.276,1151.730,10856.957,322944
2,3,main,stream-content,encrypted-signed,false,8388608,pattern,1,932.296,19577.198,24315.880,8673664
2,3,main,range,encrypted-signed,true,8388608,pattern,1,1104.130,2904.370,4047.630,322944
2,3,main,stream-content,encrypted,true,8388608,pattern,1,218.004,3168.325,3429.129,312704
2,3,main,stream,signed,false,8388608,pattern,1,19287.073,4709.431,26099.900,8673664
2,3,main,stream-content,encrypted,false,8388608,pattern,1,347.626,17564.183,21702.565,8659328
2,3,main,whole,encrypted,false,8388608,pattern,1,247.774,31222.879,36042.171,8659328
2,3,main,whole,plain,true,8388608,pattern,1,369.327,14292.186,14712.724,312704
2,3,main,range,signed,false,8388608,pattern,1,15838.573,1041.538,18965.627,8673664
2,3,main,stream,plain,true,8388608,pattern,1,230.384,5238.840,5506.305,312704
2,3,main,range,plain,false,8388608,pattern,1,333.196,5679.888,7599.741,8659328
2,3,main,stream,plain,false,8388608,pattern,1,192.364,10397.289,12667.769,8659328
2,3,main,stream-content,plain,true,8388608,pattern,1,216.063,3189.245,3436.369,312704
2,3,main,range,encrypted,false,8388608,pattern,1,256.194,10094.774,13573.294,8659328
2,3,main,stream,signed,true,8388608,pattern,1,9577.456,6636.194,16269.381,322944
2,3,main,stream,encrypted,false,8388608,pattern,1,230.594,17523.282,21500.081,8659328
2,3,main,stream,encrypted-signed,false,8388608,pattern,1,1072.118,21392.269,26214.332,8673664
2,3,main,range,encrypted,true,8388608,pattern,1,340.456,2707.596,3075.653,312704
2,3,main,whole,encrypted-signed,true,8388608,pattern,1,1017.158,12630.898,13702.497,322944
2,3,main,whole,encrypted-signed,false,8388608,pattern,1,966.517,26152.941,31650.906,8673664
2,3,main,range,encrypted-signed,false,8388608,pattern,1,973.787,14179.765,18298.816,8673664
2,3,main,range,plain,true,8388608,pattern,1,286.025,2662.345,2973.991,312704
2,3,main,stream,encrypted-signed,true,8388608,pattern,1,931.506,6756.387,7736.984,322944
2,3,main,stream,encrypted,true,8388608,pattern,1,237.074,5030.966,5303.011,312704
2,3,main,stream-content,signed,true,8388608,pattern,1,7877.946,2911.070,10825.966,322944
2,3,main,whole,signed,true,8388608,pattern,1,7722.613,11137.052,18917.986,322944
2,3,main,stream-content,signed,false,8388608,pattern,1,15877.444,4858.954,22818.964,8673664
2,3,main,stream-content,encrypted-signed,true,8388608,pattern,1,975.456,3238.846,4254.993,322944
2,3,main,stream-content,plain,false,8388608,pattern,1,317.055,11110.852,13498.643,8659328
2,3,main,whole,signed,false,8388608,pattern,1,14965.409,14537.520,33075.791,8673664
2,3,main,stream-content,encrypted-signed,true,8388608,pattern,2,994.427,3199.185,4226.663,322944
2,3,main,range,encrypted-signed,false,8388608,pattern,2,1032.518,13051.315,17271.968,8673664
2,3,main,stream-content,signed,true,8388608,pattern,2,9407.802,2997.872,12451.865,322944
2,3,main,stream-content,plain,false,8388608,pattern,2,228.164,13648.046,15952.076,8659328
2,3,main,stream-content,encrypted,true,8388608,pattern,2,327.936,3052.983,3419.930,312704
2,3,main,stream,plain,false,8388608,pattern,2,188.303,10407.520,12673.559,8659328
2,3,main,whole,plain,false,8388608,pattern,2,192.904,20396.892,24546.614,8659328
2,3,main,whole,plain,true,8388608,pattern,2,344.746,14123.633,14523.160,312704
2,3,main,stream-content,encrypted-signed,false,8388608,pattern,2,1050.348,16523.525,21403.829,8673664
2,3,main,stream,encrypted-signed,false,8388608,pattern,2,952.856,20387.932,25097.123,8673664
2,3,main,range,encrypted,false,8388608,pattern,2,389.086,15060.910,18601.861,8659328
2,3,main,whole,signed,true,8388608,pattern,2,9450.403,12943.834,22455.188,322944
2,3,main,stream,encrypted,false,8388608,pattern,2,253.915,16038.177,20074.247,8659328
2,3,main,whole,signed,false,8388608,pattern,2,20414.522,14574.521,38589.155,8673664
2,3,main,range,encrypted,true,8388608,pattern,2,354.666,1323.603,1702.460,312704
2,3,main,stream,plain,true,8388608,pattern,2,281.395,6669.205,6988.260,312704
2,3,main,whole,encrypted-signed,false,8388608,pattern,2,1036.408,28184.436,33796.733,8673664
2,3,main,range,signed,true,8388608,pattern,2,9433.613,1142.389,10610.063,322944
2,3,main,whole,encrypted-signed,true,8388608,pattern,2,1040.748,12683.299,13780.918,322944
2,3,main,stream-content,encrypted,false,8388608,pattern,2,364.696,16633.907,20822.939,8659328
2,3,main,whole,encrypted,true,8388608,pattern,2,288.875,14117.614,14457.279,312704
2,3,main,range,signed,false,8388608,pattern,2,15593.329,1025.108,18682.543,8673664
2,3,main,stream,encrypted-signed,true,8388608,pattern,2,949.497,5145.378,6136.676,322944
2,3,main,range,plain,true,8388608,pattern,2,289.065,1196.991,1507.076,312704
2,3,main,stream,signed,true,8388608,pattern,2,7691.983,4864.604,12596.498,322944
2,3,main,range,encrypted-signed,true,8388608,pattern,2,958.347,1267.212,2250.469,322944
2,3,main,range,plain,false,8388608,pattern,2,319.586,5676.978,7543.281,8659328
2,3,main,stream-content,plain,true,8388608,pattern,2,209.474,3134.464,3376.128,312704
2,3,main,stream-content,signed,false,8388608,pattern,2,14996.809,4912.014,21989.139,8673664
2,3,main,stream,encrypted,true,8388608,pattern,2,253.384,5152.189,5444.914,312704
2,3,main,stream,signed,false,8388608,pattern,2,14873.956,4559.059,21492.030,8673664
2,3,main,whole,encrypted,false,8388608,pattern,2,230.854,25720.304,30465.326,8659328
3,0,branch,whole,encrypted-signed,false,8388608,pattern,1,931.406,20433.283,23886.462,8673664
3,0,branch,stream,signed,false,8388608,pattern,1,19363.824,4605.979,24226.818,8673664
3,0,branch,whole,plain,false,8388608,pattern,1,208.553,18038.931,20257.179,8659328
3,0,branch,whole,encrypted-signed,true,8388608,pattern,1,1025.648,10612.803,11679.401,322944
3,0,branch,stream,plain,false,8388608,pattern,1,208.784,10011.142,10513.211,8659328
3,0,branch,stream-content,signed,false,8388608,pattern,1,14999.469,4803.443,20101.777,8673664
3,0,branch,whole,plain,true,8388608,pattern,1,229.564,7347.727,7610.841,312704
3,0,branch,stream,encrypted-signed,true,8388608,pattern,1,998.267,3062.753,4087.210,322944
3,0,branch,stream,signed,true,8388608,pattern,1,7760.784,2981.821,10763.276,322944
3,0,branch,stream-content,encrypted,true,8388608,pattern,1,214.634,2893.790,3125.914,312704
3,0,branch,range,encrypted-signed,false,8388608,pattern,1,940.706,8438.426,11245.114,8673664
3,0,branch,range,encrypted-signed,true,8388608,pattern,1,999.898,2162.077,3176.975,322944
3,0,branch,stream-content,plain,true,8388608,pattern,1,187.503,2940.641,3144.194,312704
3,0,branch,whole,signed,false,8388608,pattern,1,17995.271,12513.165,32454.810,8673664
3,0,branch,range,encrypted,false,8388608,pattern,1,239.754,11312.245,13367.391,8659328
3,0,branch,stream,encrypted-signed,false,8388608,pattern,1,998.477,18047.162,21044.173,8673664
3,0,branch,stream-content,encrypted-signed,false,8388608,pattern,1,959.546,18364.637,21314.158,8673664
3,0,branch,range,plain,false,8388608,pattern,1,203.534,9322.721,9738.658,8659328
3,0,branch,stream-content,encrypted-signed,true,8388608,pattern,1,988.087,2974.391,3985.679,322944
3,0,branch,range,plain,true,8388608,pattern,1,204.054,703.872,918.786,312704
3,0,branch,stream-content,plain,false,8388608,pattern,1,166.022,10296.768,10772.405,8659328
3,0,branch,stream-content,signed,true,8388608,pattern,1,7768.784,2885.640,10684.754,322944
3,0,branch,stream,encrypted,false,8388608,pattern,1,209.894,13966.071,16188.049,8659328
3,0,branch,range,signed,true,8388608,pattern,1,9212.249,666.432,9893.411,322944
3,0,branch,stream,encrypted,true,8388608,pattern,1,199.294,3809.165,4032.520,312704
3,0,branch,whole,encrypted,true,8388608,pattern,1,207.274,9740.828,9988.023,312704
3,0,branch,range,encrypted,true,8388608,pattern,1,240.825,770.023,1022.118,312704
3,0,branch,stream,plain,true,8388608,pattern,1,191.374,3075.533,3288.097,312704
3,0,branch,stream-content,encrypted,false,8388608,pattern,1,208.523,14003.482,16219.319,8659328
3,0,branch,range,signed,false,8388608,pattern,1,19234.452,1014.637,20492.924,8673664
3,0,branch,whole,signed,true,8388608,pattern,1,7948.667,7673.973,15657.630,322944
3,0,branch,whole,encrypted,false,8388608,pattern,1,228.774,20719.408,23534.246,8659328
3,0,branch,stream,encrypted-signed,false,8388608,pattern,2,1035.348,18229.514,21252.716,8673664
3,0,branch,whole,plain,false,8388608,pattern,2,220.254,22465.358,24608.815,8659328
3,0,branch,stream,encrypted,true,8388608,pattern,2,259.604,4016.169,4300.424,312704
3,0,branch,stream,signed,false,8388608,pattern,2,17319.469,4610.160,22188.313,8673664
3,0,branch,whole,encrypted-signed,false,8388608,pattern,2,1001.127,20398.232,23899.242,8673664
3,0,branch,whole,encrypted,false,8388608,pattern,2,237.214,24707.586,27430.873,8659328
3,0,branch,stream,plain,false,8388608,pattern,2,226.684,14413.548,14909.257,8659328
3,0,branch,stream-content,encrypted-signed,true,8388608,pattern,2,986.627,2917.460,3925.048,322944
3,0,branch,stream-content,plain,true,8388608,pattern,2,201.004,2818.118,3033.932,312704
3,0,branch,stream-content,encrypted-signed,false,8388608,pattern,2,930.566,14154.164,17075.274,8673664
3,0,branch,stream-content,signed,false,8388608,pattern,2,19311.973,4815.203,24425.272,8673664
3,0,branch,range,signed,false,8388608,pattern,2,15036.330,1029.178,16294.261,8673664
3,0,branch,stream,encrypted-signed,true,8388608,pattern,2,971.667,3080.123,4076.490,322944
3,0,branch,whole,signed,true,8388608,pattern,2,7713.183,7425.908,15180.822,322944
3,0,branch,whole,plain,true,8388608,pattern,2,229.084,7362.376,7626.631,312704
3,0,branch,range,encrypted,true,8388608,pattern,2,239.124,782.893,1034.258,312704
3,0,branch,stream-content,signed,true,8388608,pattern,2,7745.794,2861.749,10626.973,322944
3,0,branch,whole,encrypted-signed,true,8388608,pattern,2,953.456,7593.391,8588.098,322944
3,0,branch,stream-content,encrypted,true,8388608,pattern,2,242.354,3064.803,3331.067,312704
3,0,branch,range,encrypted-signed,false,8388608,pattern,2,972.326,8401.995,11229.963,8673664
3,0,branch,range,plain,false,8388608,pattern,2,204.474,9297.180,9707.918,8659328
3,0,branch,range,signed,true,8388608,pattern,2,7769.324,666.972,8449.816,322944
3,0,branch,whole,encrypted,true,8388608,pattern,2,199.534,7372.387,7608.052,312704
3,0,branch,range,encrypted-signed,true,8388608,pattern,2,991.377,788.354,1791.571,322944
3,0,branch,range,encrypted,false,8388608,pattern,2,178.843,8253.262,10300.277,8659328
3,0,branch,stream,encrypted,false,8388608,pattern,2,216.684,18088.372,20302.870,8659328
3,0,branch,range,plain,true,8388608,pattern,2,229.974,2161.627,2404.911,312704
3,0,branch,stream,signed,true,8388608,pattern,2,7716.043,3763.745,11508.698,322944
3,0,branch,stream-content,encrypted,false,8388608,pattern,2,266.824,16482.595,18753.003,8659328
3,0,branch,whole,signed,false,8388608,pattern,2,19296.203,12528.176,33788.573,8673664
3,0,branch,stream,plain,true,8388608,pattern,2,248.464,3997.139,4270.603,312704
3,0,branch,stream-content,plain,false,8388608,pattern,2,201.353,12554.757,13116.926,8659328
3,1,main,whole,encrypted-signed,false,8388608,pattern,1,890.846,25839.025,31255.040,8673664
3,1,main,stream,signed,false,8388608,pattern,1,19312.063,4678.431,26053.840,8673664
3,1,main,whole,plain,false,8388608,pattern,1,216.884,20055.916,24240.689,8659328
3,1,main,whole,encrypted-signed,true,8388608,pattern,1,1011.638,13893.249,14958.668,322944
3,1,main,stream,plain,false,8388608,pattern,1,224.874,10092.044,12382.114,8659328
3,1,main,stream-content,signed,false,8388608,pattern,1,15168.512,4826.103,22072.191,8673664
3,1,main,whole,plain,true,8388608,pattern,1,235.564,9476.013,9753.558,312704
3,1,main,stream,encrypted-signed,true,8388608,pattern,1,976.807,4988.366,6004.193,322944
3,1,main,stream,signed,true,8388608,pattern,1,7783.995,4836.373,12660.859,322944
3,1,main,stream-content,encrypted,true,8388608,pattern,1,242.684,2931.901,3202.236,312704
3,1,main,range,encrypted-signed,false,8388608,pattern,1,924.316,10058.404,14197.415,8673664
3,1,main,range,encrypted-signed,true,8388608,pattern,1,986.987,2686.716,3701.704,322944
3,1,main,stream-content,plain,true,8388608,pattern,1,193.103,2968.241,3188.085,312704
3,1,main,whole,signed,false,8388608,pattern,1,18123.283,14455.829,36177.934,8673664
3,1,main,range,encrypted,false,8388608,pattern,1,249.894,12670.569,16042.107,8659328
3,1,main,stream,encrypted-signed,false,8388608,pattern,1,949.926,19993.565,24669.325,8673664
3,1,main,stream-content,encrypted-signed,false,8388608,pattern,1,941.236,20120.077,24838.088,8673664
3,1,main,range,plain,false,8388608,pattern,1,208.083,9406.463,11180.793,8659328
3,1,main,stream-content,encrypted-signed,true,8388608,pattern,1,959.117,3054.933,4050.850,322944
3,1,main,range,plain,true,8388608,pattern,1,215.424,1183.780,1419.594,312704
3,1,main,stream-content,plain,false,8388608,pattern,1,172.883,10424.710,12660.978,8659328
3,1,main,stream-content,signed,true,8388608,pattern,1,7738.283,2889.520,10661.564,322944
3,1,main,stream,encrypted,false,8388608,pattern,1,210.054,15790.382,19749.551,8659328
3,1,main,range,signed,true,8388608,pattern,1,9235.729,1135.059,10400.319,322944
3,1,main,stream,encrypted,true,8388608,pattern,1,220.324,6562.713,6819.458,312704
3,1,main,whole,encrypted,true,8388608,pattern,1,232.584,11000.249,11280.184,312704
3,1,main,range,encrypted,true,8388608,pattern,1,251.804,1208.251,1481.135,312704
3,1,main,stream,plain,true,8388608,pattern,1,193.183,4867.664,5092.178,312704
3,1,main,stream-content,encrypted,false,8388608,pattern,1,213.514,15870.613,19819.842,8659328
3,1,main,range,signed,false,8388608,pattern,1,19362.534,1021.827,22433.907,8673664
3,1,main,whole,signed,true,8388608,pattern,1,7711.423,9256.880,17017.734,322944
3,1,main,whole,encrypted,false,8388608,pattern,1,238.914,25890.976,30634.928,8659328
3,1,main,stream,encrypted-signed,false,8388608,pattern,2,965.036,20242.769,24969.670,8673664
3,1,main,whole,plain,false,8388608,pattern,2,213.944,24630.934,28759.436,8659328
3,1,main,stream,encrypted,true,8388608,pattern,2,263.784,7296.776,7598.881,312704
3,1,main,stream,signed,false,8388608,pattern,2,17249.447,4653.900,23976.353,8673664
3,1,main,whole,encrypted-signed,false,8388608,pattern,2,949.686,25681.383,31124.607,8673664
3,1,main,whole,encrypted,false,8388608,pattern,2,244.155,29980.926,34742.349,8659328
3,1,main,stream,plain,false,8388608,pattern,2,229.504,14619.442,16906.512,8659328
3,1,main,stream-content,encrypted-signed,true,8388608,pattern,2,982.127,3085.203,4106.420,322944
3,1,main,stream-content,plain,true,8388608,pattern,2,232.284,2933.751,3194.805,312704
3,1,main,stream-content,encrypted-signed,false,8388608,pattern,2,922.856,16162.268,20841.159,8673664
3,1,main,stream-content,signed,false,8388608,pattern,2,19723.330,4906.735,26785.072,8673664
3,1,main,range,signed,false,8388608,pattern,2,15165.291,1032.288,18283.565,8673664
3,1,main,stream,encrypted-signed,true,8388608,pattern,2,1009.737,5142.039,6189.027,322944
3,1,main,whole,signed,true,8388608,pattern,2,7992.998,9937.381,17971.170,322944
3,1,main,whole,plain,true,8388608,pattern,2,250.574,9743.768,10033.323,312704
3,1,main,range,encrypted,true,8388608,pattern,2,291.465,1290.572,1603.457,312704
3,1,main,stream-content,signed,true,8388608,pattern,2,7736.293,2885.170,10654.823,322944
3,1,main,whole,encrypted-signed,true,8388608,pattern,2,935.986,9633.296,10621.403,322944
3,1,main,stream-content,encrypted,true,8388608,pattern,2,255.884,3076.503,3369.178,312704
3,1,main,range,encrypted-signed,false,8388608,pattern,2,931.976,10219.466,14409.968,8673664
3,1,main,range,plain,false,8388608,pattern,2,242.934,9597.126,11396.817,8659328
3,1,main,range,signed,true,8388608,pattern,2,7866.176,1147.600,9041.946,322944
3,1,main,whole,encrypted,true,8388608,pattern,2,214.773,9459.113,9716.217,312704
3,1,main,range,encrypted-signed,true,8388608,pattern,2,1016.108,1269.791,2311.400,322944
3,1,main,range,encrypted,false,8388608,pattern,2,189.564,9787.558,13155.877,8659328
3,1,main,stream,encrypted,false,8388608,pattern,2,232.884,20101.237,24073.665,8659328
3,1,main,range,plain,true,8388608,pattern,2,233.714,2692.886,2951.541,312704
3,1,main,stream,signed,true,8388608,pattern,2,7712.333,6516.702,14272.596,322944
3,1,main,stream-content,encrypted,false,8388608,pattern,2,226.714,17516.832,21541.531,8659328
3,1,main,whole,signed,false,8388608,pattern,2,19404.145,14363.907,37341.424,8673664
3,1,main,stream,plain,true,8388608,pattern,2,298.655,6496.512,6828.168,312704
3,1,main,stream-content,plain,false,8388608,pattern,2,200.504,11999.197,14339.258,8659328
3,2,main,whole,encrypted-signed,false,8388608,pattern,1,906.726,26243.413,31702.717,8673664
3,2,main,stream,signed,false,8388608,pattern,1,19902.833,4783.093,26772.231,8673664
3,2,main,whole,plain,false,8388608,pattern,1,223.774,21181.915,25467.460,8659328
3,2,main,whole,encrypted-signed,true,8388608,pattern,1,1141.569,15174.052,16362.902,322944
3,2,main,stream,plain,false,8388608,pattern,1,229.334,11099.952,13436.822,8659328
3,2,main,stream-content,signed,false,8388608,pattern,1,16148.888,4941.686,23189.760,8673664
3,2,main,whole,plain,true,8388608,pattern,1,305.476,9838.459,10193.486,312704
3,2,main,stream,encrypted-signed,true,8388608,pattern,1,1077.419,5205.820,6322.289,322944
3,2,main,stream,signed,true,8388608,pattern,1,8083.769,5113.058,13236.918,322944
3,2,main,stream-content,encrypted,true,8388608,pattern,1,370.206,3255.246,3660.943,312704
3,2,main,range,encrypted-signed,false,8388608,pattern,1,1045.578,10201.146,14423.829,8673664
3,2,main,range,encrypted-signed,true,8388608,pattern,1,1137.329,2717.527,3883.447,322944
3,2,main,stream-content,plain,true,8388608,pattern,1,231.804,3141.404,3404.819,312704
3,2,main,whole,signed,false,8388608,pattern,1,19280.773,14768.145,37627.149,8673664
3,2,main,range,encrypted,false,8388608,pattern,1,373.097,13467.942,17017.504,8659328
3,2,main,stream,encrypted-signed,false,8388608,pattern,1,1008.688,20417.412,25256.946,8673664
3,2,main,stream-content,encrypted-signed,false,8388608,pattern,1,945.996,20334.361,25060.932,8673664
3,2,main,range,plain,false,8388608,pattern,1,301.805,9753.348,11592.810,8659328
3,2,main,stream-content,encrypted-signed,true,8388608,pattern,1,996.917,3150.254,4182.562,322944
3,2,main,range,plain,true,8388608,pattern,1,208.213,1245.702,1474.665,312704
3,2,main,stream-content,plain,false,8388608,pattern,1,174.023,10631.314,12881.873,8659328
3,2,main,stream-content,signed,true,8388608,pattern,1,7815.525,3084.953,10939.539,322944
3,2,main,stream,encrypted,false,8388608,pattern,1,215.653,16014.256,19949.754,8659328
3,2,main,range,signed,true,8388608,pattern,1,9243.590,1146.090,10420.230,322944
3,2,main,stream,encrypted,true,8388608,pattern,1,213.003,6568.803,6814.677,312704
3,2,main,whole,encrypted,true,8388608,pattern,1,219.713,11129.922,11396.656,312704
3,2,main,range,encrypted,true,8388608,pattern,1,261.955,1219.211,1501.636,312704
3,2,main,stream,plain,true,8388608,pattern,1,188.904,4979.705,5198.530,312704
3,2,main,stream-content,encrypted,false,8388608,pattern,1,210.053,15799.413,19736.980,8659328
3,2,main,range,signed,false,8388608,pattern,1,19231.091,1023.818,22297.074,8673664
3,2,main,whole,signed,true,8388608,pattern,1,7810.335,9640.096,17503.372,322944
3,2,main,whole,encrypted,false,8388608,pattern,1,232.884,25783.374,30511.866,8659328
3,2,main,stream,encrypted-signed,false,8388608,pattern,2,961.407,20017.045,24718.417,8673664
3,2,main,whole,plain,false,8388608,pattern,2,221.333,24262.579,28403.149,8659328
3,2,main,stream,encrypted,true,8388608,pattern,2,256.725,7319.896,7613.821,312704
3,2,main,stream,signed,false,8388608,pattern,2,17121.305,4583.470,23759.580,8673664
3,2,main,whole,encrypted-signed,false,8388608,pattern,2,938.746,25823.365,31308.709,8673664
3,2,main,whole,encrypted,false,8388608,pattern,2,239.005,30329.533,35113.156,8659328
3,2,main,stream,plain,false,8388608,pattern,2,233.244,14576.561,16858.270,8659328
3,2,main,stream-content,encrypted-signed,true,8388608,pattern,2,968.917,3085.403,4089.221,322944
3,2,main,stream-content,plain,true,8388608,pattern,2,209.104,3153.724,3403.699,312704
3,2,main,stream-content,encrypted-signed,false,8388608,pattern,2,929.836,16297.811,21012.562,8673664
3,2,main,stream-content,signed,false,8388608,pattern,2,19429.615,4829.143,26337.974,8673664
3,2,main,range,signed,false,8388608,pattern,2,14952.798,1015.127,18029.901,8673664
3,2,main,stream,encrypted-signed,true,8388608,pattern,2,940.896,5077.328,6059.365,322944
3,2,main,whole,signed,true,8388608,pattern,2,7863.366,9333.001,17249.588,322944
3,2,main,whole,plain,true,8388608,pattern,2,231.434,9471.473,9747.758,312704
3,2,main,range,encrypted,true,8388608,pattern,2,252.354,1213.041,1500.945,312704
3,2,main,stream-content,signed,true,8388608,pattern,2,7718.713,2957.331,10711.755,322944
3,2,main,whole,encrypted-signed,true,8388608,pattern,2,927.566,9462.173,10439.100,322944
3,2,main,stream-content,encrypted,true,8388608,pattern,2,243.024,3010.892,3283.566,312704
3,2,main,range,encrypted-signed,false,8388608,pattern,2,919.676,9896.981,14012.162,8673664
3,2,main,range,plain,false,8388608,pattern,2,220.994,9417.543,11176.263,8659328
3,2,main,range,signed,true,8388608,pattern,2,7866.795,1132.610,9025.625,322944
3,2,main,whole,encrypted,true,8388608,pattern,2,207.743,9344.492,9595.945,312704
3,2,main,range,encrypted-signed,true,8388608,pattern,2,972.557,1205.611,2204.698,322944
3,2,main,range,encrypted,false,8388608,pattern,2,182.584,9782.218,13172.278,8659328
3,2,main,stream,encrypted,false,8388608,pattern,2,233.854,20083.336,24091.476,8659328
3,2,main,range,plain,true,8388608,pattern,2,227.694,2668.256,2920.161,312704
3,2,main,stream,signed,true,8388608,pattern,2,7690.223,6548.873,14282.146,322944
3,2,main,stream-content,encrypted,false,8388608,pattern,2,227.914,17515.462,21477.220,8659328
3,2,main,whole,signed,false,8388608,pattern,2,19317.413,14363.988,37259.493,8673664
3,2,main,stream,plain,true,8388608,pattern,2,297.316,6491.902,6826.948,312704
3,2,main,stream-content,plain,false,8388608,pattern,2,203.273,11791.153,14095.443,8659328
3,3,branch,whole,encrypted-signed,false,8388608,pattern,1,918.016,20531.284,23981.323,8673664
3,3,branch,stream,signed,false,8388608,pattern,1,19378.774,4642.330,24274.349,8673664
3,3,branch,whole,plain,false,8388608,pattern,1,203.834,18267.245,20408.882,8659328
3,3,branch,whole,encrypted-signed,true,8388608,pattern,1,1004.107,10732.626,11779.673,322944
3,3,branch,stream,plain,false,8388608,pattern,1,218.464,9994.482,10507.901,8659328
3,3,branch,stream-content,signed,false,8388608,pattern,1,14926.237,4867.144,20128.957,8673664
3,3,branch,whole,plain,true,8388608,pattern,1,232.154,7418.358,7693.833,312704
3,3,branch,stream,encrypted-signed,true,8388608,pattern,1,1013.818,3089.483,4128.951,322944
3,3,branch,stream,signed,true,8388608,pattern,1,7862.555,2950.100,10839.377,322944
3,3,branch,stream-content,encrypted,true,8388608,pattern,1,216.513,2846.249,3078.663,312704
3,3,branch,range,encrypted-signed,false,8388608,pattern,1,940.036,8438.476,11275.665,8673664
3,3,branch,range,encrypted-signed,true,8388608,pattern,1,1000.367,2212.499,3226.976,322944
3,3,branch,stream-content,plain,true,8388608,pattern,1,184.053,2944.271,3143.055,312704
3,3,branch,whole,signed,false,8388608,pattern,1,18214.704,13538.693,34412.363,8673664
3,3,branch,range,encrypted,false,8388608,pattern,1,294.875,15110.031,18031.101,8659328
3,3,branch,stream,encrypted-signed,false,8388608,pattern,1,1475.725,21547.912,25082.322,8673664
3,3,branch,stream-content,encrypted-signed,false,8388608,pattern,1,998.397,18365.817,21348.348,8673664
3,3,branch,range,plain,false,8388608,pattern,1,204.034,9426.852,9867.980,8659328
3,3,branch,stream-content,encrypted-signed,true,8388608,pattern,1,979.697,3015.292,4019.329,322944
3,3,branch,range,plain,true,8388608,pattern,1,205.793,705.272,921.686,312704
3,3,branch,stream-content,plain,false,8388608,pattern,1,169.303,10352.158,10839.397,8659328
3,3,branch,stream-content,signed,true,8388608,pattern,1,7834.455,2929.441,10800.386,322944
3,3,branch,stream,encrypted,false,8388608,pattern,1,215.104,14106.943,16316.781,8659328
3,3,branch,range,signed,true,8388608,pattern,1,9253.639,672.172,9942.431,322944
3,3,branch,stream,encrypted,true,8388608,pattern,1,205.653,4044.620,4289.293,312704
3,3,branch,whole,encrypted,true,8388608,pattern,1,230.164,10596.643,10861.528,312704
3,3,branch,range,encrypted,true,8388608,pattern,1,238.194,809.664,1059.068,312704
3,3,branch,stream,plain,true,8388608,pattern,1,181.613,3097.733,3302.017,312704
3,3,branch,stream-content,encrypted,false,8388608,pattern,1,205.764,14185.104,16379.243,8659328
3,3,branch,range,signed,false,8388608,pattern,1,19618.948,1028.397,20885.499,8673664
3,3,branch,whole,signed,true,8388608,pattern,1,7798.385,7573.320,15407.876,322944
3,3,branch,whole,encrypted,false,8388608,pattern,1,224.514,20745.047,23477.354,8659328
3,3,branch,stream,encrypted-signed,false,8388608,pattern,2,985.407,18249.755,21220.806,8673664
3,3,branch,whole,plain,false,8388608,pattern,2,203.533,22617.320,24740.516,8659328
3,3,branch,stream,encrypted,true,8388608,pattern,2,250.145,3993.809,4271.754,312704
3,3,branch,stream,signed,false,8388608,pattern,2,17414.950,4636.520,22370.295,8673664
3,3,branch,whole,encrypted-signed,false,8388608,pattern,2,983.397,21084.684,24622.195,8673664
3,3,branch,whole,encrypted,false,8388608,pattern,2,236.734,25011.092,27743.819,8659328
3,3,branch,stream,plain,false,8388608,pattern,2,219.034,14502.020,15017.249,8659328
3,3,branch,stream-content,encrypted-signed,true,8388608,pattern,2,976.557,2927.920,3923.828,322944
3,3,branch,stream-content,plain,true,8388608,pattern,2,193.854,2800.468,3007.952,312704
3,3,branch,stream-content,encrypted-signed,false,8388608,pattern,2,933.926,14117.193,17057.244,8673664
3,3,branch,stream-content,signed,false,8388608,pattern,2,19403.814,4824.833,24520.602,8673664
3,3,branch,range,signed,false,8388608,pattern,2,15015.689,1024.178,16281.791,8673664
3,3,branch,stream,encrypted-signed,true,8388608,pattern,2,967.427,3076.453,4069.050,322944
3,3,branch,whole,signed,true,8388608,pattern,2,7739.673,7335.977,15112.571,322944
3,3,branch,whole,plain,true,8388608,pattern,2,226.634,7338.067,7596.521,312704
3,3,branch,range,encrypted,true,8388608,pattern,2,234.904,790.544,1036.488,312704
3,3,branch,stream-content,signed,true,8388608,pattern,2,7752.774,2894.590,10672.994,322944
3,3,branch,whole,encrypted-signed,true,8388608,pattern,2,986.017,8008.258,9027.246,322944
3,3,branch,stream-content,encrypted,true,8388608,pattern,2,247.295,3114.043,3388.019,312704
3,3,branch,range,encrypted-signed,false,8388608,pattern,2,965.457,8453.726,11265.504,8673664
3,3,branch,range,plain,false,8388608,pattern,2,209.424,9443.723,9869.700,8659328
3,3,branch,range,signed,true,8388608,pattern,2,7844.975,725.203,8590.348,322944
3,3,branch,whole,encrypted,true,8388608,pattern,2,212.573,7814.495,8062.059,312704
3,3,branch,range,encrypted-signed,true,8388608,pattern,2,1006.797,810.704,1829.051,322944
3,3,branch,range,encrypted,false,8388608,pattern,2,179.003,8451.816,10478.021,8659328
3,3,branch,stream,encrypted,false,8388608,pattern,2,219.733,18296.326,20551.644,8659328
3,3,branch,range,plain,true,8388608,pattern,2,222.944,2237.698,2479.493,312704
3,3,branch,stream,signed,true,8388608,pattern,2,7780.684,3808.056,11617.200,322944
3,3,branch,stream-content,encrypted,false,8388608,pattern,2,203.223,16264.451,18434.128,8659328
3,3,branch,whole,signed,false,8388608,pattern,2,19369.324,12581.237,33880.505,8673664
3,3,branch,stream,plain,true,8388608,pattern,2,244.515,3938.797,4209.743,312704
3,3,branch,stream-content,plain,false,8388608,pattern,2,193.734,12548.216,13072.796,8659328
4,0,main,whole,encrypted-signed,true,8388608,pattern,1,920.196,9267.550,10235.847,322944
4,0,main,whole,signed,true,8388608,pattern,1,7814.315,9227.139,17098.815,322944
4,0,main,stream-content,encrypted,false,8388608,pattern,1,241.004,15837.673,19829.122,8659328
4,0,main,range,plain,false,8388608,pattern,1,208.513,9506.174,11254.534,8659328
4,0,main,stream-content,encrypted,true,8388608,pattern,1,242.815,3009.922,3284.917,312704
4,0,main,range,signed,false,8388608,pattern,1,15058.599,1026.928,18125.472,8673664
4,0,main,range,plain,true,8388608,pattern,1,209.803,1201.791,1437.715,312704
4,0,main,whole,signed,false,8388608,pattern,1,14817.245,14564.081,33021.849,8673664
4,0,main,stream-content,signed,true,8388608,pattern,1,7748.914,2935.230,10715.515,322944
4,0,main,stream-content,plain,false,8388608,pattern,1,193.153,13378.131,15632.970,8659328
4,0,main,stream-content,encrypted-signed,true,8388608,pattern,1,972.507,2976.541,3980.099,322944
4,0,main,stream,encrypted-signed,false,8388608,pattern,1,908.545,15761.062,20449.372,8673664
4,0,main,stream-content,encrypted-signed,false,8388608,pattern,1,933.186,20252.409,25006.681,8673664
4,0,main,stream,plain,true,8388608,pattern,1,230.014,8058.219,8333.263,312704
4,0,main,whole,encrypted,false,8388608,pattern,1,229.904,27412.383,32226.366,8659328
4,0,main,range,encrypted-signed,true,8388608,pattern,1,989.927,2737.118,3756.295,322944
4,0,main,range,signed,true,8388608,pattern,1,7616.112,1138.089,8779.012,322944
4,0,main,stream,signed,false,8388608,pattern,1,17852.698,4568.159,24464.762,8673664
4,0,main,stream,signed,true,8388608,pattern,1,7781.515,4993.886,12821.441,322944
4,0,main,range,encrypted-signed,false,8388608,pattern,1,931.326,9774.919,13961.251,8673664
4,0,main,whole,encrypted-signed,false,8388608,pattern,1,942.327,29626.510,35114.476,8673664
4,0,main,stream,encrypted,true,8388608,pattern,1,272.144,8080.380,8393.374,312704
4,0,main,stream,encrypted-signed,true,8388608,pattern,1,951.326,4908.725,5898.642,322944
4,0,main,range,encrypted,true,8388608,pattern,1,221.474,1189.871,1431.835,312704
4,0,main,stream,plain,false,8388608,pattern,1,170.913,11471.638,13691.396,8659328
4,0,main,range,encrypted,false,8388608,pattern,1,218.344,9791.389,13146.077,8659328
4,0,main,stream-content,plain,true,8388608,pattern,1,233.824,4392.116,4658.931,312704
4,0,main,stream,encrypted,false,8388608,pattern,1,207.174,18693.292,22647.521,8659328
4,0,main,stream-content,signed,false,8388608,pattern,1,19339.084,4960.745,26359.205,8673664
4,0,main,whole,plain,false,8388608,pattern,1,244.864,20746.257,24933.819,8659328
4,0,main,whole,plain,true,8388608,pattern,1,250.635,15247.253,15542.928,312704
4,0,main,whole,encrypted,true,8388608,pattern,1,297.665,9513.724,9865.910,312704
4,0,main,stream,signed,false,8388608,pattern,2,15172.081,4677.661,21922.508,8673664
4,0,main,whole,encrypted,true,8388608,pattern,2,254.754,9412.622,9713.127,312704
4,0,main,whole,encrypted-signed,false,8388608,pattern,2,957.906,25682.993,31092.786,8673664
4,0,main,stream-content,encrypted,true,8388608,pattern,2,261.624,4476.417,4771.412,312704
4,0,main,whole,plain,false,8388608,pattern,2,195.874,23065.537,27133.168,8659328
4,0,main,whole,signed,true,8388608,pattern,2,9201.878,12296.522,21553.051,322944
4,0,main,range,signed,false,8388608,pattern,2,14884.967,1024.237,17934.879,8673664
4,0,main,stream,encrypted,true,8388608,pattern,2,222.984,4976.706,5234.720,312704
4,0,main,stream,plain,false,8388608,pattern,2,204.203,10013.493,12257.351,8659328
4,0,main,stream-content,signed,false,8388608,pattern,2,14802.895,4805.053,21663.313,8673664
4,0,main,whole,signed,false,8388608,pattern,2,14824.645,14440.409,32841.996,8673664
4,0,main,stream-content,signed,true,8388608,pattern,2,7911.246,2904.290,10852.657,322944
4,0,main,stream-content,plain,false,8388608,pattern,2,197.234,13280.699,15535.748,8659328
4,0,main,stream-content,encrypted-signed,false,8388608,pattern,2,923.816,15759.812,20438.782,8673664
4,0,main,stream-content,encrypted-signed,true,8388608,pattern,2,968.377,4466.537,5470.824,322944
4,0,main,range,plain,true,8388608,pattern,2,211.774,1176.420,1408.334,312704
4,0,main,whole,encrypted-signed,true,8388608,pattern,2,913.745,12534.246,13501.042,322944
4,0,main,whole,plain,true,8388608,pattern,2,241.304,9216.259,9499.964,312704
4,0,main,stream,encrypted,false,8388608,pattern,2,227.214,15621.889,19594.027,8659328
4,0,main,stream,plain,true,8388608,pattern,2,225.274,8020.399,8287.593,312704
4,0,main,range,encrypted-signed,true,8388608,pattern,2,959.657,1201.980,2185.638,322944
4,0,main,whole,encrypted,false,8388608,pattern,2,183.983,27306.611,31991.042,8659328
4,0,main,range,encrypted,false,8388608,pattern,2,242.805,13988.631,17326.259,8659328
4,0,main,stream,encrypted-signed,true,8388608,pattern,2,988.687,8024.048,9062.466,322944
4,0,main,range,encrypted-signed,false,8388608,pattern,2,931.066,11114.271,15197.581,8673664
4,0,main,stream-content,encrypted,false,8388608,pattern,2,225.344,19963.234,23903.292,8659328
4,0,main,stream,encrypted-signed,false,8388608,pattern,2,922.166,19882.993,24585.254,8673664
4,0,main,range,encrypted,true,8388608,pattern,2,247.895,2838.479,3121.214,312704
4,0,main,range,signed,true,8388608,pattern,2,7721.774,1147.139,8895.704,322944
4,0,main,stream,signed,true,8388608,pattern,2,7771.914,6637.635,14454.899,322944
4,0,main,stream-content,plain,true,8388608,pattern,2,223.174,2980.801,3231.946,312704
4,0,main,range,plain,false,8388608,pattern,2,210.234,6677.865,8458.926,8659328
4,1,branch,whole,encrypted-signed,true,8388608,pattern,1,946.376,7402.658,8384.574,322944
4,1,branch,whole,signed,true,8388608,pattern,1,7811.895,7223.144,15069.060,322944
4,1,branch,stream-content,encrypted,false,8388608,pattern,1,231.354,14011.751,16236.229,8659328
4,1,branch,range,plain,false,8388608,pattern,1,199.304,9444.303,9858.610,8659328
4,1,branch,stream-content,encrypted,true,8388608,pattern,1,233.424,2980.471,3236.666,312704
4,1,branch,range,signed,false,8388608,pattern,1,15031.449,1025.218,16290.991,8673664
4,1,branch,range,plain,true,8388608,pattern,1,198.513,738.983,949.006,312704
4,1,branch,whole,signed,false,8388608,pattern,1,15042.220,12581.016,29550.130,8673664
4,1,branch,stream-content,signed,true,8388608,pattern,1,7836.136,2945.390,10802.997,322944
4,1,branch,stream-content,plain,false,8388608,pattern,1,191.703,13305.250,13825.649,8659328
4,1,branch,stream-content,encrypted-signed,true,8388608,pattern,1,989.447,2942.711,3953.259,322944
4,1,branch,stream,encrypted-signed,false,8388608,pattern,1,927.826,13908.730,16833.780,8673664
4,1,branch,stream-content,encrypted-signed,false,8388608,pattern,1,956.957,18248.034,21193.835,8673664
4,1,branch,stream,plain,true,8388608,pattern,1,222.814,5343.592,5596.777,312704
4,1,branch,whole,encrypted,false,8388608,pattern,1,214.214,22672.581,25384.338,8659328
4,1,branch,range,encrypted-signed,true,8388608,pattern,1,1008.757,2290.689,3318.727,322944
4,1,branch,range,signed,true,8388608,pattern,1,7731.393,665.482,8409.495,322944
4,1,branch,stream,signed,false,8388608,pattern,1,18198.474,4654.280,23107.299,8673664
4,1,branch,stream,signed,true,8388608,pattern,1,7824.575,2985.641,10841.416,322944
4,1,branch,range,encrypted-signed,false,8388608,pattern,1,1002.957,8355.564,11226.433,8673664
4,1,branch,whole,encrypted-signed,false,8388608,pattern,1,965.187,24565.653,28104.975,8673664
4,1,branch,stream,encrypted,true,8388608,pattern,1,254.105,5469.804,5750.440,312704
4,1,branch,stream,encrypted-signed,true,8388608,pattern,1,979.887,2953.591,3954.178,322944
4,1,branch,range,encrypted,true,8388608,pattern,1,206.023,711.813,928.496,312704
4,1,branch,stream,plain,false,8388608,pattern,1,170.103,12425.924,12888.662,8659328
4,1,branch,range,encrypted,false,8388608,pattern,1,244.314,8374.865,10522.212,8659328
4,1,branch,stream-content,plain,true,8388608,pattern,1,228.524,4421.946,4675.131,312704
4,1,branch,stream,encrypted,false,8388608,pattern,1,206.564,16975.593,19181.391,8659328
4,1,branch,stream-content,signed,false,8388608,pattern,1,19434.845,4815.223,24559.053,8673664
4,1,branch,whole,plain,false,8388608,pattern,1,207.784,18171.753,20325.421,8659328
4,1,branch,whole,plain,true,8388608,pattern,1,236.924,10612.613,10890.838,312704
4,1,branch,whole,encrypted,true,8388608,pattern,1,242.064,7323.276,7601.201,312704
4,1,branch,stream,signed,false,8388608,pattern,2,14949.407,4584.809,19787.221,8673664
4,1,branch,whole,encrypted,true,8388608,pattern,2,235.994,7406.887,7678.422,312704
4,1,branch,whole,encrypted-signed,false,8388608,pattern,2,969.247,20529.064,23996.294,8673664
4,1,branch,stream-content,encrypted,true,8388608,pattern,2,259.004,4501.698,4785.332,312704
4,1,branch,whole,plain,false,8388608,pattern,2,191.503,21072.754,23215.710,8659328
4,1,branch,whole,signed,true,8388608,pattern,2,7829.535,10419.420,18292.635,322944
4,1,branch,range,signed,false,8388608,pattern,2,14985.548,1029.788,16461.594,8673664
4,1,branch,stream,encrypted,true,8388608,pattern,2,232.774,3297.297,3560.001,312704
4,1,branch,stream,plain,false,8388608,pattern,2,194.863,10423.950,10972.709,8659328
4,1,branch,stream-content,signed,false,8388608,pattern,2,15155.571,4800.943,20244.559,8673664
4,1,branch,whole,signed,false,8388608,pattern,2,14942.638,12500.765,29380.407,8673664
4,1,branch,stream-content,signed,true,8388608,pattern,2,7949.257,2882.729,10859.287,322944
4,1,branch,stream-content,plain,false,8388608,pattern,2,198.363,13435.402,13965.600,8659328
4,1,branch,stream-content,encrypted-signed,false,8388608,pattern,2,962.897,14027.981,17156.996,8673664
4,1,branch,stream-content,encrypted-signed,true,8388608,pattern,2,1009.988,4611.289,5661.568,322944
4,1,branch,range,plain,true,8388608,pattern,2,224.444,745.353,983.717,312704
4,1,branch,whole,encrypted-signed,true,8388608,pattern,2,950.647,10731.744,11721.732,322944
4,1,branch,whole,plain,true,8388608,pattern,2,223.834,7286.245,7544.000,312704
4,1,branch,stream,encrypted,false,8388608,pattern,2,219.114,13749.597,15956.315,8659328
4,1,branch,stream,plain,true,8388608,pattern,2,217.574,5312.661,5560.005,312704
4,1,branch,range,encrypted-signed,true,8388608,pattern,2,973.057,716.912,1700.790,322944
4,1,branch,whole,encrypted,false,8388608,pattern,2,175.113,22635.560,25269.335,8659328
4,1,branch,range,encrypted,false,8388608,pattern,2,234.384,12600.257,14603.502,8659328
4,1,branch,stream,encrypted-signed,true,8388608,pattern,2,993.057,5363.502,6386.630,322944
4,1,branch,range,encrypted-signed,false,8388608,pattern,2,946.557,10601.652,13382.421,8673664
4,1,branch,stream-content,encrypted,false,8388608,pattern,2,221.394,18240.904,20433.822,8659328
4,1,branch,stream,encrypted-signed,false,8388608,pattern,2,953.316,18159.233,21110.844,8673664
4,1,branch,range,encrypted,true,8388608,pattern,2,238.944,2227.649,2484.213,312704
4,1,branch,range,signed,true,8388608,pattern,2,7699.312,661.452,8373.284,322944
4,1,branch,stream,signed,true,8388608,pattern,2,7760.254,3832.586,11622.110,322944
4,1,branch,stream-content,plain,true,8388608,pattern,2,204.534,2845.429,3066.413,312704
4,1,branch,range,plain,false,8388608,pattern,2,179.213,7400.327,7795.654,8659328
4,2,branch,whole,encrypted-signed,true,8388608,pattern,1,945.176,7287.466,8265.982,322944
4,2,branch,whole,signed,true,8388608,pattern,1,7940.277,7397.077,15377.745,322944
4,2,branch,stream-content,encrypted,false,8388608,pattern,1,225.764,13920.009,16113.057,8659328
4,2,branch,range,plain,false,8388608,pattern,1,197.314,9460.802,9891.020,8659328
4,2,branch,stream-content,encrypted,true,8388608,pattern,1,230.244,3003.402,3256.636,312704
4,2,branch,range,signed,false,8388608,pattern,1,15050.019,1021.488,16299.391,8673664
4,2,branch,range,plain,true,8388608,pattern,1,196.724,729.532,944.267,312704
4,2,branch,whole,signed,false,8388608,pattern,1,14962.918,12531.336,29410.977,8673664
4,2,branch,stream-content,signed,true,8388608,pattern,1,7820.075,2940.230,10786.936,322944
4,2,branch,stream-content,plain,false,8388608,pattern,1,188.663,13461.502,14012.892,8659328
4,2,branch,stream-content,encrypted-signed,true,8388608,pattern,1,995.918,2960.641,3973.789,322944
4,2,branch,stream,encrypted-signed,false,8388608,pattern,1,927.895,13850.379,16845.140,8673664
4,2,branch,stream-content,encrypted-signed,false,8388608,pattern,1,973.746,18322.686,21266.836,8673664
4,2,branch,stream,plain,true,8388608,pattern,1,214.814,5426.973,5670.398,312704
4,2,branch,whole,encrypted,false,8388608,pattern,1,211.134,22759.852,25431.008,8659328
4,2,branch,range,encrypted-signed,true,8388608,pattern,1,1013.598,2274.549,3306.457,322944
4,2,branch,range,signed,true,8388608,pattern,1,7661.751,664.272,8337.853,322944
4,2,branch,stream,signed,false,8388608,pattern,1,17962.439,4599.189,22820.993,8673664
4,2,branch,stream,signed,true,8388608,pattern,1,7770.833,3118.714,10923.558,322944
4,2,branch,range,encrypted-signed,false,8388608,pattern,1,966.256,8387.325,11223.483,8673664
4,2,branch,whole,encrypted-signed,false,8388608,pattern,1,972.657,24647.514,28116.214,8673664
4,2,branch,stream,encrypted,true,8388608,pattern,1,256.544,5371.013,5654.888,312704
4,2,branch,stream,encrypted-signed,true,8388608,pattern,1,982.517,2954.571,3957.418,322944
4,2,branch,range,encrypted,true,8388608,pattern,1,204.373,715.943,930.616,312704
4,2,branch,stream,plain,false,8388608,pattern,1,165.673,12559.337,13037.815,8659328
4,2,branch,range,encrypted,false,8388608,pattern,1,209.193,8562.408,10635.643,8659328
4,2,branch,stream-content,plain,true,8388608,pattern,1,225.954,4382.295,4632.030,312704
4,2,branch,stream,encrypted,false,8388608,pattern,1,201.284,16803.769,18980.197,8659328
4,2,branch,stream-content,signed,false,8388608,pattern,1,19466.236,4840.553,24602.024,8673664
4,2,branch,whole,plain,false,8388608,pattern,1,204.883,18117.083,20271.579,8659328
4,2,branch,whole,plain,true,8388608,pattern,1,242.554,10561.862,10848.677,312704
4,2,branch,whole,encrypted,true,8388608,pattern,1,250.414,7315.156,7603.011,312704
4,2,branch,stream,signed,false,8388608,pattern,2,15001.048,4587.279,19847.432,8673664
4,2,branch,whole,encrypted,true,8388608,pattern,2,234.914,7374.107,7642.611,312704
4,2,branch,whole,encrypted-signed,false,8388608,pattern,2,978.827,20606.895,24199.887,8673664
4,2,branch,stream-content,encrypted,true,8388608,pattern,2,246.474,4506.138,4779.852,312704
4,2,branch,whole,plain,false,8388608,pattern,2,200.213,21239.026,23481.694,8659328
4,2,branch,whole,signed,true,8388608,pattern,2,7877.436,10485.131,18405.687,322944
4,2,branch,range,signed,false,8388608,pattern,2,15292.674,1036.017,16622.706,8673664
4,2,branch,stream,encrypted,true,8388608,pattern,2,229.094,3159.134,3412.549,312704
4,2,branch,stream,plain,false,8388608,pattern,2,198.863,10186.596,10657.333,8659328
4,2,branch,stream-content,signed,false,8388608,pattern,2,15052.449,4793.443,20146.187,8673664
4,2,branch,whole,signed,false,8388608,pattern,2,14995.888,12606.608,29530.479,8673664
4,2,branch,stream-content,signed,true,8388608,pattern,2,7823.495,2923.350,10768.805,322944
4,2,branch,stream-content,plain,false,8388608,pattern,2,180.733,13292.409,13823.848,8659328
4,2,branch,stream-content,encrypted-signed,false,8388608,pattern,2,965.617,13990.621,16925.742,8673664
4,2,branch,stream-content,encrypted-signed,true,8388608,pattern,2,994.277,4478.207,5498.085,322944
4,2,branch,range,plain,true,8388608,pattern,2,199.023,718.302,928.156,312704
4,2,branch,whole,encrypted-signed,true,8388608,pattern,2,937.166,10588.282,11564.449,322944
4,2,branch,whole,plain,true,8388608,pattern,2,227.414,7440.788,7705.353,312704
4,2,branch,stream,encrypted,false,8388608,pattern,2,229.643,13820.019,16050.696,8659328
4,2,branch,stream,plain,true,8388608,pattern,2,223.254,5342.292,5593.436,312704
4,2,branch,range,encrypted-signed,true,8388608,pattern,2,1039.148,725.752,1776.250,322944
4,2,branch,whole,encrypted,false,8388608,pattern,2,176.473,22690.761,25336.766,8659328
4,2,branch,range,encrypted,false,8388608,pattern,2,240.504,12665.859,14710.064,8659328
4,2,branch,stream,encrypted-signed,true,8388608,pattern,2,1007.107,5425.683,6461.151,322944
4,2,branch,range,encrypted-signed,false,8388608,pattern,2,952.586,10415.589,13250.588,8673664
4,2,branch,stream-content,encrypted,false,8388608,pattern,2,222.293,18371.237,20537.824,8659328
4,2,branch,stream,encrypted-signed,false,8388608,pattern,2,959.797,18090.122,21056.393,8673664
4,2,branch,range,encrypted,true,8388608,pattern,2,233.314,2213.878,2464.982,312704
4,2,branch,range,signed,true,8388608,pattern,2,7742.453,669.962,8425.135,322944
4,2,branch,stream,signed,true,8388608,pattern,2,7707.263,3855.167,11591.870,322944
4,2,branch,stream-content,plain,true,8388608,pattern,2,212.053,2990.242,3224.025,312704
4,2,branch,range,plain,false,8388608,pattern,2,196.523,7397.968,7810.405,8659328
4,3,main,whole,encrypted-signed,true,8388608,pattern,1,927.266,9336.081,10314.967,322944
4,3,main,whole,signed,true,8388608,pattern,1,7728.213,9284.940,17061.964,322944
4,3,main,stream-content,encrypted,false,8388608,pattern,1,230.784,15815.693,19808.281,8659328
4,3,main,range,plain,false,8388608,pattern,1,219.974,9458.283,11220.354,8659328
4,3,main,stream-content,encrypted,true,8388608,pattern,1,231.324,3001.142,3265.266,312704
4,3,main,range,signed,false,8388608,pattern,1,15024.619,1032.158,18118.712,8673664
4,3,main,range,plain,true,8388608,pattern,1,212.543,1234.662,1469.005,312704
4,3,main,whole,signed,false,8388608,pattern,1,14810.666,14521.160,32967.969,8673664
4,3,main,stream-content,signed,true,8388608,pattern,1,7829.365,2951.751,10818.517,322944
4,3,main,stream-content,plain,false,8388608,pattern,1,200.824,13411.991,15671.190,8659328
4,3,main,stream-content,encrypted-signed,true,8388608,pattern,1,960.937,2983.111,3976.959,322944
4,3,main,stream,encrypted-signed,false,8388608,pattern,1,906.426,15905.504,20548.824,8673664
4,3,main,stream-content,encrypted-signed,false,8388608,pattern,1,942.906,20368.041,25056.212,8673664
4,3,main,stream,plain,true,8388608,pattern,1,223.684,7988.118,8253.943,312704
4,3,main,whole,encrypted,false,8388608,pattern,1,228.014,27480.924,32202.215,8659328
4,3,main,range,encrypted-signed,true,8388608,pattern,1,988.217,2768.058,3785.275,322944
4,3,main,range,signed,true,8388608,pattern,1,7721.783,1144.079,8893.903,322944
4,3,main,stream,signed,false,8388608,pattern,1,17988.980,4676.571,24760.197,8673664
4,3,main,stream,signed,true,8388608,pattern,1,7781.154,4914.244,12742.379,322944
4,3,main,range,encrypted-signed,false,8388608,pattern,1,944.396,9810.589,13931.430,8673664
4,3,main,whole,encrypted-signed,false,8388608,pattern,1,945.766,29961.116,35530.442,8673664
4,3,main,stream,encrypted,true,8388608,pattern,1,274.995,8170.030,8491.166,312704
4,3,main,stream,encrypted-signed,true,8388608,pattern,1,977.287,5105.218,6130.906,322944
4,3,main,range,encrypted,true,8388608,pattern,1,241.464,1229.852,1491.976,312704
4,3,main,stream,plain,false,8388608,pattern,1,177.623,11725.912,13965.111,8659328
4,3,main,range,encrypted,false,8388608,pattern,1,216.773,9918.851,13340.259,8659328
4,3,main,stream-content,plain,true,8388608,pattern,1,234.654,4535.228,4805.963,312704
4,3,main,stream,encrypted,false,8388608,pattern,1,213.973,18737.893,22761.522,8659328
4,3,main,stream-content,signed,false,8388608,pattern,1,19475.825,4829.273,26359.334,8673664
4,3,main,whole,plain,false,8388608,pattern,1,212.093,20341.671,24535.302,8659328
4,3,main,whole,plain,true,8388608,pattern,1,263.285,13863.689,14178.835,312704
4,3,main,whole,encrypted,true,8388608,pattern,1,251.135,9481.403,9785.409,312704
4,3,main,stream,signed,false,8388608,pattern,2,15003.428,4669.051,21765.125,8673664
4,3,main,whole,encrypted,true,8388608,pattern,2,252.344,9366.781,9662.146,312704
4,3,main,whole,encrypted-signed,false,8388608,pattern,2,947.156,25929.877,31375.570,8673664
4,3,main,stream-content,encrypted,true,8388608,pattern,2,264.255,4493.337,4795.033,312704
4,3,main,whole,plain,false,8388608,pattern,2,205.254,23204.790,27371.332,8659328
4,3,main,whole,signed,true,8388608,pattern,2,9229.319,12510.735,21797.825,322944
4,3,main,range,signed,false,8388608,pattern,2,14964.128,1021.397,18018.460,8673664
4,3,main,stream,encrypted,true,8388608,pattern,2,223.324,4978.886,5238.350,312704
4,3,main,stream,plain,false,8388608,pattern,2,204.814,10090.644,12325.562,8659328
4,3,main,stream-content,signed,false,8388608,pattern,2,14882.877,4848.413,21797.636,8673664
4,3,main,whole,signed,false,8388608,pattern,2,14911.397,14486.430,33053.700,8673664
4,3,main,stream-content,signed,true,8388608,pattern,2,7885.766,2953.901,10874.327,322944
4,3,main,stream-content,plain,false,8388608,pattern,2,196.223,13534.643,15857.453,8659328
4,3,main,stream-content,encrypted-signed,false,8388608,pattern,2,947.066,15924.034,20622.035,8673664
4,3,main,stream-content,encrypted-signed,true,8388608,pattern,2,968.147,4431.406,5436.013,322944
4,3,main,range,plain,true,8388608,pattern,2,207.144,1175.370,1403.144,312704
4,3,main,whole,encrypted-signed,true,8388608,pattern,2,1002.577,12640.218,13701.836,322944
4,3,main,whole,plain,true,8388608,pattern,2,243.644,9570.535,9864.220,312704
4,3,main,stream,encrypted,false,8388608,pattern,2,245.935,15559.228,19542.227,8659328
4,3,main,stream,plain,true,8388608,pattern,2,231.244,8152.090,8427.725,312704
4,3,main,range,encrypted-signed,true,8388608,pattern,2,955.966,1221.071,2201.168,322944
4,3,main,whole,encrypted,false,8388608,pattern,2,220.894,27446.713,32235.486,8659328
4,3,main,range,encrypted,false,8388608,pattern,2,246.445,14210.424,17613.434,8659328
4,3,main,stream,encrypted-signed,true,8388608,pattern,2,967.776,8136.330,9149.857,322944
4,3,main,range,encrypted-signed,false,8388608,pattern,2,940.466,11204.903,15297.854,8673664
4,3,main,stream-content,encrypted,false,8388608,pattern,2,231.204,20337.741,24321.189,8659328
4,3,main,stream,encrypted-signed,false,8388608,pattern,2,932.416,20066.276,24749.727,8673664
4,3,main,range,encrypted,true,8388608,pattern,2,251.385,2764.727,3046.293,312704
4,3,main,range,signed,true,8388608,pattern,2,7651.152,1240.061,8919.224,322944
4,3,main,stream,signed,true,8388608,pattern,2,7630.832,6556.333,14243.336,322944
4,3,main,stream-content,plain,true,8388608,pattern,2,220.294,3000.302,3257.747,312704
4,3,main,range,plain,false,8388608,pattern,2,230.184,6703.766,8471.096,8659328
5,0,branch,stream-content,encrypted-signed,false,8388608,pattern,1,925.206,17017.164,19953.714,8673664
5,0,branch,stream,signed,false,8388608,pattern,1,19692.019,4633.610,24617.934,8673664
5,0,branch,range,encrypted,true,8388608,pattern,1,241.494,797.314,1050.328,312704
5,0,branch,stream,encrypted,false,8388608,pattern,1,178.763,14005.972,16207.499,8659328
5,0,branch,stream-content,plain,true,8388608,pattern,1,219.804,4586.129,4832.404,312704
5,0,branch,whole,signed,false,8388608,pattern,1,19241.942,12834.861,34106.838,8673664
5,0,branch,stream,encrypted-signed,false,8388608,pattern,1,1010.357,17057.834,20104.666,8673664
5,0,branch,whole,encrypted,false,8388608,pattern,1,223.784,25270.635,28041.043,8659328
5,0,branch,stream,signed,true,8388608,pattern,1,9570.805,4229.992,13832.868,322944
5,0,branch,range,encrypted-signed,false,8388608,pattern,1,989.537,10955.159,13811.408,8673664
5,0,branch,whole,plain,false,8388608,pattern,1,210.844,23758.709,25902.077,8659328
5,0,branch,whole,encrypted-signed,false,8388608,pattern,1,988.977,23990.573,27460.363,8673664
5,0,branch,whole,encrypted,true,8388608,pattern,1,258.085,12319.692,12622.288,312704
5,0,branch,whole,signed,true,8388608,pattern,1,7885.046,7362.726,15286.273,322944
5,0,branch,stream,encrypted-signed,true,8388608,pattern,1,998.937,3144.784,4171.182,322944
5,0,branch,stream-content,signed,true,8388608,pattern,1,7777.974,2902.200,10699.675,322944
5,0,branch,stream-content,plain,false,8388608,pattern,1,194.084,10443.850,10969.989,8659328
5,0,branch,stream-content,signed,false,8388608,pattern,1,15096.950,4876.764,20285.649,8673664
5,0,branch,whole,encrypted-signed,true,8388608,pattern,1,998.957,7406.468,8444.006,322944
5,0,branch,stream,plain,true,8388608,pattern,1,227.614,3138.784,3391.829,312704
5,0,branch,range,plain,false,8388608,pattern,1,197.934,5173.489,5559.826,8659328
5,0,branch,range,encrypted-signed,true,8388608,pattern,1,973.857,769.343,1754.980,322944
5,0,branch,stream-content,encrypted,false,8388608,pattern,1,176.223,14151.013,16311.251,8659328
5,0,branch,range,signed,false,8388608,pattern,1,19525.727,1026.307,20793.548,8673664
5,0,branch,stream-content,encrypted,true,8388608,pattern,1,223.574,3147.424,3398.139,312704
5,0,branch,whole,plain,true,8388608,pattern,1,209.754,7440.348,7690.273,312704
5,0,branch,stream,plain,false,8388608,pattern,1,219.713,10005.453,10506.801,8659328
5,0,branch,range,signed,true,8388608,pattern,1,7765.934,663.662,8443.846,322944
5,0,branch,stream-content,encrypted-signed,true,8388608,pattern,1,928.966,2995.992,3943.648,322944
5,0,branch,stream,encrypted,true,8388608,pattern,1,209.483,3015.012,3246.576,312704
5,0,branch,range,plain,true,8388608,pattern,1,200.274,713.782,924.066,312704
5,0,branch,range,encrypted,false,8388608,pattern,1,175.923,8617.639,10626.483,8659328
5,0,branch,stream,plain,true,8388608,pattern,2,235.334,5322.672,5584.306,312704
5,0,branch,whole,signed,false,8388608,pattern,2,17253.517,12636.368,31848.239,8673664
5,0,branch,range,encrypted,true,8388608,pattern,2,255.674,818.934,1088.498,312704
5,0,branch,stream,encrypted,true,8388608,pattern,2,179.823,3886.087,4086.930,312704
5,0,branch,whole,signed,true,8388608,pattern,2,7698.173,9787.499,17533.902,322944
5,0,branch,whole,encrypted-signed,false,8388608,pattern,2,961.567,20566.044,24057.465,8673664
5,0,branch,range,signed,true,8388608,pattern,2,9291.330,668.931,9979.402,322944
5,0,branch,range,plain,false,8388608,pattern,2,168.773,7956.437,8330.673,8659328
5,0,branch,stream-content,encrypted-signed,true,8388608,pattern,2,966.157,3080.473,4071.470,322944
5,0,branch,whole,encrypted,false,8388608,pattern,2,196.103,20660.416,23365.122,8659328
5,0,branch,stream-content,signed,false,8388608,pattern,2,19428.885,4836.353,24559.263,8673664
5,0,branch,stream-content,plain,false,8388608,pattern,2,206.834,10720.464,11462.978,8659328
5,0,branch,range,plain,true,8388608,pattern,2,237.124,828.524,1080.088,312704
5,0,branch,stream-content,encrypted,false,8388608,pattern,2,187.173,14354.977,16746.568,8659328
5,0,branch,stream-content,plain,true,8388608,pattern,2,296.075,4700.691,5032.046,312704
5,0,branch,whole,plain,true,8388608,pattern,2,208.394,11147.492,11395.657,312704
5,0,branch,range,signed,false,8388608,pattern,2,15753.922,1042.518,17162.706,8673664
5,0,branch,stream-content,signed,true,8388608,pattern,2,7973.537,2994.792,11004.209,322944
5,0,branch,stream-content,encrypted,true,8388608,pattern,2,232.684,2981.091,3238.246,312704
5,0,branch,range,encrypted-signed,false,8388608,pattern,2,961.717,8562.287,11432.767,8673664
5,0,branch,stream,encrypted-signed,true,8388608,pattern,2,1004.177,5627.667,6668.595,322944
5,0,branch,range,encrypted,false,8388608,pattern,2,205.793,10675.684,12801.810,8659328
5,0,branch,whole,encrypted-signed,true,8388608,pattern,2,1012.497,12408.684,13467.292,322944
5,0,branch,stream,encrypted-signed,false,8388608,pattern,2,975.417,14198.814,17262.497,8673664
5,0,branch,range,encrypted-signed,true,8388608,pattern,2,997.577,2317.950,3333.768,322944
5,0,branch,stream,signed,false,8388608,pattern,2,18233.294,4769.042,23420.724,8673664
5,0,branch,whole,plain,false,8388608,pattern,2,250.295,20939.670,23565.016,8659328
5,0,branch,stream,plain,false,8388608,pattern,2,266.875,13449.562,13991.161,8659328
5,0,branch,stream,encrypted,false,8388608,pattern,2,205.714,14114.013,16359.312,8659328
5,0,branch,stream-content,encrypted-signed,false,8388608,pattern,2,976.456,18986.668,22093.720,8673664
5,0,branch,whole,encrypted,true,8388608,pattern,2,242.514,12635.268,12908.292,312704
5,0,branch,stream,signed,true,8388608,pattern,2,8041.618,3225.606,11297.624,322944
5,1,main,stream-content,encrypted-signed,false,8388608,pattern,1,901.885,19186.051,23854.380,8673664
5,1,main,stream,signed,false,8388608,pattern,1,19613.168,4693.731,26389.295,8673664
5,1,main,range,encrypted,true,8388608,pattern,1,256.934,1294.262,1572.977,312704
5,1,main,stream,encrypted,false,8388608,pattern,1,188.303,15879.984,19864.512,8659328
5,1,main,stream-content,plain,true,8388608,pattern,1,229.434,4534.208,4797.023,312704
5,1,main,whole,signed,false,8388608,pattern,1,18190.844,14578.291,36380.127,8673664
5,1,main,stream,encrypted-signed,false,8388608,pattern,1,968.226,18882.996,23700.918,8673664
5,1,main,whole,encrypted,false,8388608,pattern,1,226.024,30527.875,35358.539,8659328
5,1,main,stream,signed,true,8388608,pattern,1,9434.712,6825.868,16320.171,322944
5,1,main,range,encrypted-signed,false,8388608,pattern,1,963.006,11876.555,16264.120,8673664
5,1,main,whole,plain,false,8388608,pattern,1,246.394,24740.576,28911.448,8659328
5,1,main,whole,encrypted-signed,false,8388608,pattern,1,959.656,30242.851,35749.915,8673664
5,1,main,whole,encrypted,true,8388608,pattern,1,263.815,14081.352,14400.018,312704
5,1,main,whole,signed,true,8388608,pattern,1,7827.115,9318.451,17196.796,322944
5,1,main,stream,encrypted-signed,true,8388608,pattern,1,992.837,4941.935,5970.163,322944
5,1,main,stream-content,signed,true,8388608,pattern,1,7805.094,2875.940,10715.404,322944
5,1,main,stream-content,plain,false,8388608,pattern,1,194.143,10644.654,12965.643,8659328
5,1,main,stream-content,signed,false,8388608,pattern,1,15687.420,4983.666,22782.042,8673664
5,1,main,whole,encrypted-signed,true,8388608,pattern,1,1012.568,10045.683,11119.582,322944
5,1,main,stream,plain,true,8388608,pattern,1,252.524,5105.258,5404.113,312704
5,1,main,range,plain,false,8388608,pattern,1,238.684,5443.464,7339.196,8659328
5,1,main,range,encrypted-signed,true,8388608,pattern,1,1047.168,1379.044,2459.522,322944
5,1,main,stream-content,encrypted,false,8388608,pattern,1,217.174,16771.349,20738.757,8659328
5,1,main,range,signed,false,8388608,pattern,1,19697.019,1035.618,22812.463,8673664
5,1,main,stream-content,encrypted,true,8388608,pattern,1,236.304,3057.273,3325.917,312704
5,1,main,whole,plain,true,8388608,pattern,1,219.593,9512.424,9783.648,312704
5,1,main,stream,plain,false,8388608,pattern,1,227.694,10275.507,12573.617,8659328
5,1,main,range,signed,true,8388608,pattern,1,7832.525,1168.800,9029.246,322944
5,1,main,stream-content,encrypted-signed,true,8388608,pattern,1,952.177,2980.351,3962.838,322944
5,1,main,stream,encrypted,true,8388608,pattern,1,221.494,4949.865,5204.330,312704
5,1,main,range,plain,true,8388608,pattern,1,213.684,1269.752,1503.566,312704
5,1,main,range,encrypted,false,8388608,pattern,1,184.404,9842.819,13263.879,8659328
5,1,main,stream,plain,true,8388608,pattern,2,247.544,7372.037,7657.622,312704
5,1,main,whole,signed,false,8388608,pattern,2,17564.823,14650.912,35827.167,8673664
5,1,main,range,encrypted,true,8388608,pattern,2,269.735,1368.513,1662.059,312704
5,1,main,stream,encrypted,true,8388608,pattern,2,189.703,6679.925,6905.069,312704
5,1,main,whole,signed,true,8388608,pattern,2,7938.946,11408.337,19409.684,322944
5,1,main,whole,encrypted-signed,false,8388608,pattern,2,978.517,26968.464,32485.109,8673664
5,1,main,range,signed,true,8388608,pattern,2,9629.666,1178.080,10851.107,322944
5,1,main,range,plain,false,8388608,pattern,2,212.974,8592.777,10395.249,8659328
5,1,main,stream-content,encrypted-signed,true,8388608,pattern,2,1021.887,3313.618,4384.435,322944
5,1,main,whole,encrypted,false,8388608,pattern,2,231.604,27278.830,32166.604,8659328
5,1,main,stream-content,signed,false,8388608,pattern,2,20511.903,5116.289,27793.639,8673664
5,1,main,stream-content,plain,false,8388608,pattern,2,260.485,11655.610,14003.881,8659328
5,1,main,range,plain,true,8388608,pattern,2,241.594,1283.812,1547.307,312704
5,1,main,stream-content,encrypted,false,8388608,pattern,2,188.503,16344.112,20297.349,8659328
5,1,main,stream-content,plain,true,8388608,pattern,2,231.434,4492.168,4755.032,312704
5,1,main,whole,plain,true,8388608,pattern,2,204.183,12737.060,12992.193,312704
5,1,main,range,signed,false,8388608,pattern,2,15224.053,1044.028,18354.696,8673664
5,1,main,stream-content,signed,true,8388608,pattern,2,7832.395,3024.122,10897.058,322944
5,1,main,stream-content,encrypted,true,8388608,pattern,2,233.314,2912.780,3171.484,312704
5,1,main,range,encrypted-signed,false,8388608,pattern,2,941.416,10069.053,14232.215,8673664
5,1,main,stream,encrypted-signed,true,8388608,pattern,2,995.347,7463.098,8510.626,322944
5,1,main,range,encrypted,false,8388608,pattern,2,245.574,12259.551,15882.864,8659328
5,1,main,whole,encrypted-signed,true,8388608,pattern,2,1023.458,14485.479,15564.048,322944
5,1,main,stream,encrypted-signed,false,8388608,pattern,2,968.797,16333.561,21186.795,8673664
5,1,main,range,encrypted-signed,true,8388608,pattern,2,1020.328,2840.719,3896.427,322944
5,1,main,stream,signed,false,8388608,pattern,2,18907.366,4831.453,25874.296,8673664
5,1,main,whole,plain,false,8388608,pattern,2,239.175,21502.730,26175.731,8659328
5,1,main,stream,plain,false,8388608,pattern,2,314.936,15557.478,18046.701,8659328
5,1,main,stream,encrypted,false,8388608,pattern,2,244.574,16943.362,20981.231,8659328
5,1,main,stream-content,encrypted-signed,false,8388608,pattern,2,971.197,21067.503,25845.635,8673664
5,1,main,whole,encrypted,true,8388608,pattern,2,252.954,15071.730,15367.625,312704
5,1,main,stream,signed,true,8388608,pattern,2,8048.098,5554.786,13651.285,322944
5,2,main,stream-content,encrypted-signed,false,8388608,pattern,1,892.565,19159.070,23817.680,8673664
5,2,main,stream,signed,false,8388608,pattern,1,19498.256,4727.442,26300.343,8673664
5,2,main,range,encrypted,true,8388608,pattern,1,249.444,1302.513,1573.047,312704
5,2,main,stream,encrypted,false,8388608,pattern,1,187.313,15856.233,19816.531,8659328
5,2,main,stream-content,plain,true,8388608,pattern,1,228.334,4464.007,4723.292,312704
5,2,main,whole,signed,false,8388608,pattern,1,18224.023,14595.162,36421.947,8673664
5,2,main,stream,encrypted-signed,false,8388608,pattern,1,975.156,18840.885,23582.176,8673664
5,2,main,whole,encrypted,false,8388608,pattern,1,229.314,30324.323,35105.525,8659328
5,2,main,stream,signed,true,8388608,pattern,1,9313.430,6639.015,15997.755,322944
5,2,main,range,encrypted-signed,false,8388608,pattern,1,949.636,11279.485,15419.046,8673664
5,2,main,whole,plain,false,8388608,pattern,1,219.954,24554.803,28740.705,8659328
5,2,main,whole,encrypted-signed,false,8388608,pattern,1,974.107,30949.313,36438.338,8673664
5,2,main,whole,encrypted,true,8388608,pattern,1,277.145,15723.051,16048.447,312704
5,2,main,whole,signed,true,8388608,pattern,1,7996.007,9469.053,17521.421,322944
5,2,main,stream,encrypted-signed,true,8388608,pattern,1,1000.997,5116.769,6157.506,322944
5,2,main,stream-content,signed,true,8388608,pattern,1,7992.367,2937.421,10971.379,322944
5,2,main,stream-content,plain,false,8388608,pattern,1,206.704,10550.862,12842.012,8659328
5,2,main,stream-content,signed,false,8388608,pattern,1,15575.609,5037.436,22739.772,8673664
5,2,main,whole,encrypted-signed,true,8388608,pattern,1,1014.067,11262.744,12343.512,322944
5,2,main,stream,plain,true,8388608,pattern,1,263.135,5786.600,6100.615,312704
5,2,main,range,plain,false,8388608,pattern,1,237.164,5748.629,7577.651,8659328
5,2,main,range,encrypted-signed,true,8388608,pattern,1,1021.537,1407.675,2463.192,322944
5,2,main,stream-content,encrypted,false,8388608,pattern,1,197.843,16917.981,21042.682,8659328
5,2,main,range,signed,false,8388608,pattern,1,20412.921,1047.728,23578.286,8673664
5,2,main,stream-content,encrypted,true,8388608,pattern,1,284.465,3269.796,3598.582,312704
5,2,main,whole,plain,true,8388608,pattern,1,234.984,10093.823,10378.168,312704
5,2,main,stream,plain,false,8388608,pattern,1,234.074,10644.863,12959.963,8659328
5,2,main,range,signed,true,8388608,pattern,1,7838.135,1161.080,9026.856,322944
5,2,main,stream-content,encrypted-signed,true,8388608,pattern,1,920.876,3075.213,4025.459,322944
5,2,main,stream,encrypted,true,8388608,pattern,1,273.194,5172.089,5486.814,312704
5,2,main,range,plain,true,8388608,pattern,1,235.764,1298.972,1554.917,312704
5,2,main,range,encrypted,false,8388608,pattern,1,192.063,10148.505,13557.784,8659328
5,2,main,stream,plain,true,8388608,pattern,2,240.975,7480.768,7768.434,312704
5,2,main,whole,signed,false,8388608,pattern,2,17611.553,14688.853,35897.158,8673664
5,2,main,range,encrypted,true,8388608,pattern,2,268.235,1341.273,1633.048,312704
5,2,main,stream,encrypted,true,8388608,pattern,2,190.003,6737.586,6966.760,312704
5,2,main,whole,signed,true,8388608,pattern,2,7895.326,11093.081,19041.998,322944
5,2,main,whole,encrypted-signed,false,8388608,pattern,2,965.647,26353.603,31812.808,8673664
5,2,main,range,signed,true,8388608,pattern,2,9375.651,1154.980,10559.631,322944
5,2,main,range,plain,false,8388608,pattern,2,184.043,8098.659,9845.779,8659328
5,2,main,stream-content,encrypted-signed,true,8388608,pattern,2,958.186,3097.954,4098.721,322944
5,2,main,whole,encrypted,false,8388608,pattern,2,224.144,33776.222,40097.101,8659328
5,2,main,stream-content,signed,false,8388608,pattern,2,22434.456,5215.380,30347.242,8673664
5,2,main,stream-content,plain,false,8388608,pattern,2,261.345,10984.969,13546.294,8659328
5,2,main,range,plain,true,8388608,pattern,2,297.435,1689.839,2019.864,312704
5,2,main,stream-content,encrypted,false,8388608,pattern,2,253.884,17677.185,21730.804,8659328
5,2,main,stream-content,plain,true,8388608,pattern,2,229.464,4469.267,4730.571,312704
5,2,main,whole,plain,true,8388608,pattern,2,206.863,12676.059,12932.523,312704
5,2,main,range,signed,false,8388608,pattern,2,15109.350,1039.888,18213.803,8673664
5,2,main,stream-content,signed,true,8388608,pattern,2,7793.904,2957.621,10790.506,322944
5,2,main,stream-content,encrypted,true,8388608,pattern,2,228.324,2878.300,3131.324,312704
5,2,main,range,encrypted-signed,false,8388608,pattern,2,954.236,10024.963,14179.584,8673664
5,2,main,stream,encrypted-signed,true,8388608,pattern,2,990.197,7379.977,8412.445,322944
5,2,main,range,encrypted,false,8388608,pattern,2,221.824,12070.018,15486.267,8659328
5,2,main,whole,encrypted-signed,true,8388608,pattern,2,998.057,13941.950,14993.718,322944
5,2,main,stream,encrypted-signed,false,8388608,pattern,2,1002.757,15799.942,20575.044,8673664
5,2,main,range,encrypted-signed,true,8388608,pattern,2,981.267,2697.446,3705.544,322944
5,2,main,stream,signed,false,8388608,pattern,2,18140.303,4740.131,24960.990,8673664
5,2,main,whole,plain,false,8388608,pattern,2,218.094,20449.552,24628.514,8659328
5,2,main,stream,plain,false,8388608,pattern,2,242.514,14650.732,16956.412,8659328
5,2,main,stream,encrypted,false,8388608,pattern,2,222.474,15767.012,19807.242,8659328
5,2,main,stream-content,encrypted-signed,false,8388608,pattern,2,981.107,20494.723,25210.914,8673664
5,2,main,whole,encrypted,true,8388608,pattern,2,243.785,14050.342,14343.477,312704
5,2,main,stream,signed,true,8388608,pattern,2,7817.855,4882.294,12738.899,322944
5,3,branch,stream-content,encrypted-signed,false,8388608,pattern,1,918.946,17161.835,20094.236,8673664
5,3,branch,stream,signed,false,8388608,pattern,1,19352.824,4634.460,24252.708,8673664
5,3,branch,range,encrypted,true,8388608,pattern,1,252.184,792.734,1056.568,312704
5,3,branch,stream,encrypted,false,8388608,pattern,1,189.283,14019.181,16218.799,8659328
5,3,branch,stream-content,plain,true,8388608,pattern,1,226.644,4459.126,4711.511,312704
5,3,branch,whole,signed,false,8388608,pattern,1,18277.634,12738.710,33014.428,8673664
5,3,branch,stream,encrypted-signed,false,8388608,pattern,1,986.827,17055.094,20160.057,8673664
5,3,branch,whole,encrypted,false,8388608,pattern,1,226.774,25107.102,27905.920,8659328
5,3,branch,stream,signed,true,8388608,pattern,1,9471.123,3915.878,13420.321,322944
5,3,branch,range,encrypted-signed,false,8388608,pattern,1,962.207,10646.853,13447.052,8673664
5,3,branch,whole,plain,false,8388608,pattern,1,210.363,22691.791,24906.688,8659328
5,3,branch,whole,encrypted-signed,false,8388608,pattern,1,993.717,23678.268,27241.979,8673664
5,3,branch,whole,encrypted,true,8388608,pattern,1,260.085,12146.659,12448.565,312704
5,3,branch,whole,signed,true,8388608,pattern,1,7835.985,7406.618,15279.853,322944
5,3,branch,stream,encrypted-signed,true,8388608,pattern,1,1011.838,3120.513,4158.562,322944
5,3,branch,stream-content,signed,true,8388608,pattern,1,7809.815,2812.049,10640.674,322944
5,3,branch,stream-content,plain,false,8388608,pattern,1,180.643,10495.761,11020.120,8659328
5,3,branch,stream-content,signed,false,8388608,pattern,1,15081.219,4907.905,20301.369,8673664
5,3,branch,whole,encrypted-signed,true,8388608,pattern,1,998.677,7495.789,8530.867,322944
5,3,branch,stream,plain,true,8388608,pattern,1,225.674,3167.224,3420.399,312704
5,3,branch,range,plain,false,8388608,pattern,1,207.744,5098.898,5482.975,8659328
5,3,branch,range,encrypted-signed,true,8388608,pattern,1,960.457,743.673,1716.500,322944
5,3,branch,stream-content,encrypted,false,8388608,pattern,1,176.463,14076.643,16241.330,8659328
5,3,branch,range,signed,false,8388608,pattern,1,19553.276,1064.829,20862.679,8673664
5,3,branch,stream-content,encrypted,true,8388608,pattern,1,225.614,2989.291,3238.556,312704
5,3,branch,whole,plain,true,8388608,pattern,1,203.844,7601.491,7845.045,312704
5,3,branch,stream,plain,false,8388608,pattern,1,206.824,10123.394,10618.133,8659328
5,3,branch,range,signed,true,8388608,pattern,1,7778.224,673.861,8465.645,322944
5,3,branch,stream-content,encrypted-signed,true,8388608,pattern,1,935.126,2920.830,3874.656,322944
5,3,branch,stream,encrypted,true,8388608,pattern,1,206.073,3153.955,3389.588,312704
5,3,branch,range,plain,true,8388608,pattern,1,209.314,743.523,963.787,312704
5,3,branch,range,encrypted,false,8388608,pattern,1,183.883,8603.128,10725.855,8659328
5,3,branch,stream,plain,true,8388608,pattern,2,238.194,5413.963,5679.217,312704
5,3,branch,whole,signed,false,8388608,pattern,2,17426.860,12741.199,32117.333,8673664
5,3,branch,range,encrypted,true,8388608,pattern,2,255.474,824.734,1093.789,312704
5,3,branch,stream,encrypted,true,8388608,pattern,2,181.483,3966.518,4173.102,312704
5,3,branch,whole,signed,true,8388608,pattern,2,7811.545,9847.689,17702.075,322944
5,3,branch,whole,encrypted-signed,false,8388608,pattern,2,975.557,21171.914,24649.844,8673664
5,3,branch,range,signed,true,8388608,pattern,2,9384.322,676.301,10081.274,322944
5,3,branch,range,plain,false,8388608,pattern,2,174.563,8169.741,8580.318,8659328
5,3,branch,stream-content,encrypted-signed,true,8388608,pattern,2,986.037,3042.152,4053.919,322944
5,3,branch,whole,encrypted,false,8388608,pattern,2,211.694,20919.260,23637.407,8659328
5,3,branch,stream-content,signed,false,8388608,pattern,2,19691.569,4926.905,24940.169,8673664
5,3,branch,stream-content,plain,false,8388608,pattern,2,213.684,10376.039,10936.559,8659328
5,3,branch,range,plain,true,8388608,pattern,2,219.474,753.183,984.057,312704
5,3,branch,stream-content,encrypted,false,8388608,pattern,2,179.793,14214.914,16398.932,8659328
5,3,branch,stream-content,plain,true,8388608,pattern,2,230.134,4493.997,4750.991,312704
5,3,branch,whole,plain,true,8388608,pattern,2,201.473,10841.217,11083.931,312704
5,3,branch,range,signed,false,8388608,pattern,2,15174.531,1029.848,16486.874,8673664
5,3,branch,stream-content,signed,true,8388608,pattern,2,7867.856,2998.481,10894.088,322944
5,3,branch,stream-content,encrypted,true,8388608,pattern,2,223.024,2852.099,3092.054,312704
5,3,branch,range,encrypted-signed,false,8388608,pattern,2,973.167,8530.817,11352.486,8673664
5,3,branch,stream,encrypted-signed,true,8388608,pattern,2,1004.998,5340.172,6374.490,322944
5,3,branch,range,encrypted,false,8388608,pattern,2,210.593,10700.015,12717.189,8659328
5,3,branch,whole,encrypted-signed,true,8388608,pattern,2,1018.607,12219.951,13283.898,322944
5,3,branch,stream,encrypted-signed,false,8388608,pattern,2,977.027,13837.288,16805.169,8673664
5,3,branch,range,encrypted-signed,true,8388608,pattern,2,992.587,2294.150,3303.237,322944
5,3,branch,stream,signed,false,8388608,pattern,2,18050.801,4664.530,22975.565,8673664
5,3,branch,whole,plain,false,8388608,pattern,2,209.154,18483.768,20705.767,8659328
5,3,branch,stream,plain,false,8388608,pattern,2,224.634,13295.589,13828.229,8659328
5,3,branch,stream,encrypted,false,8388608,pattern,2,207.504,13970.120,16192.009,8659328
5,3,branch,stream-content,encrypted-signed,false,8388608,pattern,2,961.126,18596.011,21632.122,8673664
5,3,branch,whole,encrypted,true,8388608,pattern,2,242.454,12258.561,12542.746,312704
5,3,branch,stream,signed,true,8388608,pattern,2,7831.455,2989.161,10849.057,322944
6,0,main,whole,encrypted,false,8388608,pattern,1,193.353,29219.443,33925.324,8659328
6,0,main,stream,signed,false,8388608,pattern,1,19922.053,4684.450,26695.359,8673664
6,0,main,stream,signed,true,8388608,pattern,1,7951.547,4977.106,12978.624,322944
6,0,main,stream-content,encrypted-signed,true,8388608,pattern,1,977.417,2999.082,4010.369,322944
6,0,main,stream,encrypted,false,8388608,pattern,1,207.474,16090.487,20076.306,8659328
6,0,main,stream-content,signed,false,8388608,pattern,1,19672.878,5088.088,26926.293,8673664
6,0,main,range,plain,true,8388608,pattern,1,269.955,1362.133,1664.189,312704
6,0,main,range,plain,false,8388608,pattern,1,218.934,5619.897,7413.098,8659328
6,0,main,stream-content,encrypted-signed,false,8388608,pattern,1,978.807,17233.726,22242.603,8673664
6,0,main,whole,encrypted-signed,false,8388608,pattern,1,1002.047,32019.921,37710.349,8673664
6,0,main,whole,signed,true,8388608,pattern,1,9971.101,13363.430,23405.053,322944
6,0,main,stream,encrypted,true,8388608,pattern,1,266.764,5329.212,5644.407,312704
6,0,main,stream-content,signed,true,8388608,pattern,1,7978.577,3000.112,11032.990,322944
6,0,main,whole,encrypted,true,8388608,pattern,1,256.335,9785.858,10093.384,312704
6,0,main,range,signed,true,8388608,pattern,1,7924.636,1157.410,9108.017,322944
6,0,main,stream,encrypted-signed,false,8388608,pattern,1,902.836,16600.695,21332.857,8673664
6,0,main,stream,encrypted-signed,true,8388608,pattern,1,984.397,8175.981,9203.848,322944
6,0,main,stream-content,plain,true,8388608,pattern,1,228.734,2946.691,3205.705,312704
6,0,main,whole,encrypted-signed,true,8388608,pattern,1,964.567,11318.084,12336.582,322944
6,0,main,range,signed,false,8388608,pattern,1,15182.371,1036.748,18284.785,8673664
6,0,main,stream,plain,true,8388608,pattern,1,208.874,5065.627,5312.812,312704
6,0,main,stream-content,plain,false,8388608,pattern,1,209.213,10487.471,12805.730,8659328
6,0,main,whole,plain,true,8388608,pattern,1,226.224,9317.630,9585.705,312704
6,0,main,range,encrypted,false,8388608,pattern,1,237.304,9647.206,13081.115,8659328
6,0,main,range,encrypted-signed,true,8388608,pattern,1,990.297,2771.387,3790.925,322944
6,0,main,whole,signed,false,8388608,pattern,1,17971.310,14870.756,36510.059,8673664
6,0,main,stream-content,encrypted,false,8388608,pattern,1,239.634,19196.820,23221.089,8659328
6,0,main,range,encrypted-signed,false,8388608,pattern,1,957.867,14805.775,19000.287,8673664
6,0,main,whole,plain,false,8388608,pattern,1,236.414,25054.761,29269.894,8659328
6,0,main,stream-content,encrypted,true,8388608,pattern,1,271.544,4683.041,4989.416,312704
6,0,main,stream,plain,false,8388608,pattern,1,206.264,13309.329,15573.779,8659328
6,0,main,range,encrypted,true,8388608,pattern,1,233.224,1237.592,1491.556,312704
6,0,main,range,plain,true,8388608,pattern,2,187.104,1198.970,1406.255,312704
6,0,main,range,encrypted,true,8388608,pattern,2,189.283,1208.871,1418.394,312704
6,0,main,whole,plain,true,8388608,pattern,2,176.043,9414.092,9643.196,312704
6,0,main,whole,plain,false,8388608,pattern,2,230.724,21522.181,25900.576,8659328
6,0,main,whole,encrypted-signed,true,8388608,pattern,2,1001.737,14742.994,15805.272,322944
6,0,main,stream-content,plain,false,8388608,pattern,2,277.435,11141.321,13529.013,8659328
6,0,main,stream,encrypted-signed,false,8388608,pattern,2,962.287,16163.728,20892.330,8673664
6,0,main,stream,signed,false,8388608,pattern,2,19774.080,4717.121,26618.528,8673664
6,0,main,range,plain,false,8388608,pattern,2,229.704,5237.530,7009.751,8659328
6,0,main,stream-content,plain,true,8388608,pattern,2,219.604,3043.443,3297.427,312704
6,0,main,stream-content,encrypted-signed,true,8388608,pattern,2,958.086,2915.270,3906.277,322944
6,0,main,whole,encrypted,false,8388608,pattern,2,209.053,26233.522,30937.542,8659328
6,0,main,stream,encrypted,false,8388608,pattern,2,247.224,20362.831,24339.459,8659328
6,0,main,range,signed,true,8388608,pattern,2,9358.221,1157.290,10563.122,322944
6,0,main,stream,encrypted,true,8388608,pattern,2,208.834,6806.427,7055.202,312704
6,0,main,stream,signed,true,8388608,pattern,2,7884.276,4905.814,12832.461,322944
6,0,main,range,encrypted,false,8388608,pattern,2,229.184,11355.245,14829.515,8659328
6,0,main,whole,signed,false,8388608,pattern,2,19569.347,14642.162,37816.691,8673664
6,0,main,range,signed,false,8388608,pattern,2,18401.647,1037.958,21533.031,8673664
6,0,main,stream,plain,true,8388608,pattern,2,222.534,5374.143,5641.948,312704
6,0,main,stream-content,signed,false,8388608,pattern,2,15351.645,4865.543,22303.474,8673664
6,0,main,range,encrypted-signed,false,8388608,pattern,2,953.597,9781.438,14059.572,8673664
6,0,main,stream-content,encrypted-signed,false,8388608,pattern,2,964.277,20458.022,25238.785,8673664
6,0,main,whole,encrypted-signed,false,8388608,pattern,2,948.497,30387.993,35843.987,8673664
6,0,main,stream-content,encrypted,true,8388608,pattern,2,333.536,4550.098,4917.855,312704
6,0,main,stream-content,signed,true,8388608,pattern,2,7819.864,2830.829,10681.713,322944
6,0,main,whole,encrypted,true,8388608,pattern,2,217.524,13041.084,13315.649,312704
6,0,main,stream,encrypted-signed,true,8388608,pattern,2,986.277,5219.340,6256.428,322944
6,0,main,stream-content,encrypted,false,8388608,pattern,2,223.324,16504.034,20547.433,8659328
6,0,main,range,encrypted-signed,true,8388608,pattern,2,980.957,2844.039,3858.687,322944
6,0,main,stream,plain,false,8388608,pattern,2,182.213,13582.674,15873.754,8659328
6,0,main,whole,signed,true,8388608,pattern,2,7947.297,10026.033,18029.311,322944
6,1,branch,whole,encrypted,false,8388608,pattern,1,185.183,23629.287,26350.003,8659328
6,1,branch,stream,signed,false,8388608,pattern,1,20002.354,4726.272,25096.812,8673664
6,1,branch,stream,signed,true,8388608,pattern,1,7921.647,3100.093,11063.221,322944
6,1,branch,stream-content,encrypted-signed,true,8388608,pattern,1,1012.307,2993.122,4033.229,322944
6,1,branch,stream,encrypted,false,8388608,pattern,1,209.743,14646.043,17025.143,8659328
6,1,branch,stream-content,signed,false,8388608,pattern,1,20303.690,5010.626,25708.573,8673664
6,1,branch,range,plain,true,8388608,pattern,1,240.404,832.074,1085.749,312704
6,1,branch,range,plain,false,8388608,pattern,1,170.693,5401.513,5874.441,8659328
6,1,branch,stream-content,encrypted-signed,false,8388608,pattern,1,994.797,15347.864,18595.040,8673664
6,1,branch,whole,encrypted-signed,false,8388608,pattern,1,1014.577,26413.255,30018.307,8673664
6,1,branch,whole,signed,true,8388608,pattern,1,9431.853,10850.956,20333.090,322944
6,1,branch,stream,encrypted,true,8388608,pattern,1,262.925,3553.901,3862.147,312704
6,1,branch,stream-content,signed,true,8388608,pattern,1,7892.496,2875.879,10800.266,322944
6,1,branch,whole,encrypted,true,8388608,pattern,1,239.044,7803.025,8086.880,312704
6,1,branch,range,signed,true,8388608,pattern,1,7948.587,666.682,8628.229,322944
6,1,branch,stream,encrypted-signed,false,8388608,pattern,1,917.976,14614.962,17780.156,8673664
6,1,branch,stream,encrypted-signed,true,8388608,pattern,1,1016.298,5501.895,6554.083,322944
6,1,branch,stream-content,plain,true,8388608,pattern,1,218.074,2884.159,3119.144,312704
6,1,branch,whole,encrypted-signed,true,8388608,pattern,1,996.347,10506.451,11550.089,322944
6,1,branch,range,signed,false,8388608,pattern,1,15984.825,1049.688,17434.990,8673664
6,1,branch,stream,plain,true,8388608,pattern,1,221.503,3246.546,3500.050,312704
6,1,branch,stream-content,plain,false,8388608,pattern,1,217.903,10833.517,11500.678,8659328
6,1,branch,whole,plain,true,8388608,pattern,1,233.734,7737.534,8006.448,312704
6,1,branch,range,encrypted,false,8388608,pattern,1,223.474,8596.738,10730.555,8659328
6,1,branch,range,encrypted-signed,true,8388608,pattern,1,1011.417,2700.907,3735.004,322944
6,1,branch,whole,signed,false,8388608,pattern,1,19896.422,12801.930,34651.036,8673664
6,1,branch,stream-content,encrypted,false,8388608,pattern,1,246.454,17127.375,19407.824,8659328
6,1,branch,range,encrypted-signed,false,8388608,pattern,1,969.276,12896.882,15806.542,8673664
6,1,branch,whole,plain,false,8388608,pattern,1,223.863,22905.785,25176.133,8659328
6,1,branch,stream-content,encrypted,true,8388608,pattern,1,257.284,3094.073,3371.118,312704
6,1,branch,stream,plain,false,8388608,pattern,1,179.813,13183.897,13645.525,8659328
6,1,branch,range,encrypted,true,8388608,pattern,1,221.454,740.463,972.867,312704
6,1,branch,range,plain,true,8388608,pattern,2,177.173,708.492,896.215,312704
6,1,branch,range,encrypted,true,8388608,pattern,2,180.623,735.053,926.076,312704
6,1,branch,whole,plain,true,8388608,pattern,2,169.853,7497.769,7713.363,312704
6,1,branch,whole,plain,false,8388608,pattern,2,208.343,19234.071,21393.168,8659328
6,1,branch,whole,encrypted-signed,true,8388608,pattern,2,1019.027,10805.176,11864.494,322944
6,1,branch,stream-content,plain,false,8388608,pattern,2,217.533,10699.245,11316.674,8659328
6,1,branch,stream,encrypted-signed,false,8388608,pattern,2,972.377,14471.279,17591.483,8673664
6,1,branch,stream,signed,false,8388608,pattern,2,20192.387,4853.584,25432.438,8673664
6,1,branch,range,plain,false,8388608,pattern,2,297.545,5441.754,5973.133,8659328
6,1,branch,stream-content,plain,true,8388608,pattern,2,223.224,3102.803,3354.388,312704
6,1,branch,stream-content,encrypted-signed,true,8388608,pattern,2,988.547,2960.931,3976.729,322944
6,1,branch,whole,encrypted,false,8388608,pattern,2,196.634,20969.951,23686.778,8659328
6,1,branch,stream,encrypted,false,8388608,pattern,2,227.444,18425.077,20677.146,8659328
6,1,branch,range,signed,true,8388608,pattern,2,9435.472,670.242,10137.914,322944
6,1,branch,stream,encrypted,true,8388608,pattern,2,233.134,3909.157,4179.502,312704
6,1,branch,stream,signed,true,8388608,pattern,2,7803.214,2990.471,10825.176,322944
6,1,branch,range,encrypted,false,8388608,pattern,2,203.493,10717.435,12825.300,8659328
6,1,branch,whole,signed,false,8388608,pattern,2,19726.180,12667.378,34345.042,8673664
6,1,branch,range,signed,false,8388608,pattern,2,18484.118,1056.148,19953.934,8673664
6,1,branch,stream,plain,true,8388608,pattern,2,220.084,3220.476,3471.300,312704
6,1,branch,stream-content,signed,false,8388608,pattern,2,15320.474,4841.693,20501.733,8673664
6,1,branch,range,encrypted-signed,false,8388608,pattern,2,962.346,8623.219,11490.277,8673664
6,1,branch,stream-content,encrypted-signed,false,8388608,pattern,2,972.957,18830.984,21833.916,8673664
6,1,branch,whole,encrypted-signed,false,8388608,pattern,2,962.876,25820.205,29565.149,8673664
6,1,branch,stream-content,encrypted,true,8388608,pattern,2,250.034,4694.701,4981.915,312704
6,1,branch,stream-content,signed,true,8388608,pattern,2,7929.387,2970.071,10939.778,322944
6,1,branch,whole,encrypted,true,8388608,pattern,2,237.464,11512.518,11792.703,312704
6,1,branch,stream,encrypted-signed,true,8388608,pattern,2,1087.329,3388.298,4510.908,322944
6,1,branch,stream-content,encrypted,false,8388608,pattern,2,223.513,14651.983,16971.612,8659328
6,1,branch,range,encrypted-signed,true,8388608,pattern,2,1017.047,2374.311,3413.758,322944
6,1,branch,stream,plain,false,8388608,pattern,2,185.053,13547.573,14107.322,8659328
6,1,branch,whole,signed,true,8388608,pattern,2,8149.990,8046.279,16247.860,322944
6,2,branch,whole,encrypted,false,8388608,pattern,1,216.314,24645.114,27421.552,8659328
6,2,branch,stream,signed,false,8388608,pattern,1,20032.965,4707.091,25063.422,8673664
6,2,branch,stream,signed,true,8388608,pattern,1,7970.548,3133.864,11132.122,322944
6,2,branch,stream-content,encrypted-signed,true,8388608,pattern,1,1017.377,3009.432,4053.159,322944
6,2,branch,stream,encrypted,false,8388608,pattern,1,211.294,14248.665,16476.284,8659328
6,2,branch,stream-content,signed,false,8388608,pattern,1,19885.782,4904.194,25096.892,8673664
6,2,branch,range,plain,true,8388608,pattern,1,226.664,834.095,1082.979,312704
6,2,branch,range,plain,false,8388608,pattern,1,174.713,5099.848,5459.504,8659328
6,2,branch,stream-content,encrypted-signed,false,8388608,pattern,1,1008.287,14447.939,17552.182,8673664
6,2,branch,whole,encrypted-signed,false,8388608,pattern,1,973.967,25164.643,28688.384,8673664
6,2,branch,whole,signed,true,8388608,pattern,1,9384.072,10578.122,20006.155,322944
6,2,branch,stream,encrypted,true,8388608,pattern,1,242.084,3330.717,3597.241,312704
6,2,branch,stream-content,signed,true,8388608,pattern,1,7885.536,2936.620,10849.017,322944
6,2,branch,whole,encrypted,true,8388608,pattern,1,239.544,7896.606,8164.500,312704
6,2,branch,range,signed,true,8388608,pattern,1,8112.880,687.801,8820.902,322944
6,2,branch,stream,encrypted-signed,false,8388608,pattern,1,978.747,14408.478,17422.350,8673664
6,2,branch,stream,encrypted-signed,true,8388608,pattern,1,1009.597,5443.554,6484.782,322944
6,2,branch,stream-content,plain,true,8388608,pattern,1,222.374,2892.250,3130.564,312704
6,2,branch,whole,encrypted-signed,true,8388608,pattern,1,973.506,10118.735,11134.391,322944
6,2,branch,range,signed,false,8388608,pattern,1,15148.381,1033.448,16411.743,8673664
6,2,branch,stream,plain,true,8388608,pattern,1,197.064,3124.893,3348.018,312704
6,2,branch,stream-content,plain,false,8388608,pattern,1,192.613,10585.872,11129.231,8659328
6,2,branch,whole,plain,true,8388608,pattern,1,213.234,7489.118,7745.943,312704
6,2,branch,range,encrypted,false,8388608,pattern,1,223.974,8353.364,10463.510,8659328
6,2,branch,range,encrypted-signed,true,8388608,pattern,1,1012.817,2240.429,3268.736,322944
6,2,branch,whole,signed,false,8388608,pattern,1,18056.581,12730.749,32793.505,8673664
6,2,branch,stream-content,encrypted,false,8388608,pattern,1,240.924,17752.845,20221.138,8659328
6,2,branch,range,encrypted-signed,false,8388608,pattern,1,1010.757,13414.261,16417.672,8673664
6,2,branch,whole,plain,false,8388608,pattern,1,228.684,23629.487,25919.966,8659328
6,2,branch,stream-content,encrypted,true,8388608,pattern,1,255.135,3167.924,3448.509,312704
6,2,branch,stream,plain,false,8388608,pattern,1,200.314,13352.669,14034.352,8659328
6,2,branch,range,encrypted,true,8388608,pattern,1,243.434,781.933,1039.718,312704
6,2,branch,range,plain,true,8388608,pattern,2,199.653,822.164,1037.738,312704
6,2,branch,range,encrypted,true,8388608,pattern,2,205.334,750.743,969.867,312704
6,2,branch,whole,plain,true,8388608,pattern,2,176.633,7965.737,8177.281,312704
6,2,branch,whole,plain,false,8388608,pattern,2,218.844,18796.343,20997.151,8659328
6,2,branch,whole,encrypted-signed,true,8388608,pattern,2,1018.968,11900.474,12959.043,322944
6,2,branch,stream-content,plain,false,8388608,pattern,2,223.834,11393.226,12085.668,8659328
6,2,branch,stream,encrypted-signed,false,8388608,pattern,2,1005.957,14336.087,17553.072,8673664
6,2,branch,stream,signed,false,8388608,pattern,2,20499.162,4825.164,25725.352,8673664
6,2,branch,range,plain,false,8388608,pattern,2,228.294,5591.957,6125.796,8659328
6,2,branch,stream-content,plain,true,8388608,pattern,2,234.314,3217.205,3485.620,312704
6,2,branch,stream-content,encrypted-signed,true,8388608,pattern,2,1007.908,3017.172,4046.680,322944
6,2,branch,whole,encrypted,false,8388608,pattern,2,205.893,21537.741,24319.678,8659328
6,2,branch,stream,encrypted,false,8388608,pattern,2,237.534,18403.297,20718.186,8659328
6,2,branch,range,signed,true,8388608,pattern,2,9332.011,671.421,10023.013,322944
6,2,branch,stream,encrypted,true,8388608,pattern,2,206.574,3958.638,4191.642,312704
6,2,branch,stream,signed,true,8388608,pattern,2,7903.396,2961.491,10896.357,322944
6,2,branch,range,encrypted,false,8388608,pattern,2,210.844,10615.962,12653.778,8659328
6,2,branch,whole,signed,false,8388608,pattern,2,19647.559,12936.052,34657.467,8673664
6,2,branch,range,signed,false,8388608,pattern,2,18417.587,1034.688,19743.720,8673664
6,2,branch,stream,plain,true,8388608,pattern,2,211.474,3300.427,3542.931,312704
6,2,branch,stream-content,signed,false,8388608,pattern,2,15381.445,4942.845,20636.785,8673664
6,2,branch,range,encrypted-signed,false,8388608,pattern,2,1033.368,8486.986,11408.336,8673664
6,2,branch,stream-content,encrypted-signed,false,8388608,pattern,2,984.417,18507.299,21604.742,8673664
6,2,branch,whole,encrypted-signed,false,8388608,pattern,2,971.916,24966.850,28526.971,8673664
6,2,branch,stream-content,encrypted,true,8388608,pattern,2,253.015,4571.978,4846.924,312704
6,2,branch,stream-content,signed,true,8388608,pattern,2,7802.935,2818.228,10640.044,322944
6,2,branch,whole,encrypted,true,8388608,pattern,2,206.904,10983.699,11236.253,312704
6,2,branch,stream,encrypted-signed,true,8388608,pattern,2,1015.747,3189.285,4233.892,322944
6,2,branch,stream-content,encrypted,false,8388608,pattern,2,207.734,14617.881,17067.234,8659328
6,2,branch,range,encrypted-signed,true,8388608,pattern,2,1114.529,2502.553,3640.792,322944
6,2,branch,stream,plain,false,8388608,pattern,2,195.573,14063.972,14739.724,8659328
6,2,branch,whole,signed,true,8388608,pattern,2,8004.708,8072.249,16132.668,322944
6,3,main,whole,encrypted,false,8388608,pattern,1,192.384,29193.302,34014.746,8659328
6,3,main,stream,signed,false,8388608,pattern,1,19631.668,4733.112,26451.926,8673664
6,3,main,stream,signed,true,8388608,pattern,1,7925.657,5091.077,13067.935,322944
6,3,main,stream-content,encrypted-signed,true,8388608,pattern,1,999.917,3147.785,4193.232,322944
6,3,main,stream,encrypted,false,8388608,pattern,1,215.804,16388.772,20390.351,8659328
6,3,main,stream-content,signed,false,8388608,pattern,1,19696.289,4920.864,26708.389,8673664
6,3,main,range,plain,true,8388608,pattern,1,233.054,1267.932,1522.836,312704
6,3,main,range,plain,false,8388608,pattern,1,177.313,5182.179,6902.619,8659328
6,3,main,stream-content,encrypted-signed,false,8388608,pattern,1,927.816,16205.829,20982.651,8673664
6,3,main,whole,encrypted-signed,false,8388608,pattern,1,979.777,30655.947,36349.325,8673664
6,3,main,whole,signed,true,8388608,pattern,1,9619.116,13321.759,23007.376,322944
6,3,main,stream,encrypted,true,8388608,pattern,1,264.635,5220.109,5530.175,312704
6,3,main,stream-content,signed,true,8388608,pattern,1,8014.798,3028.752,11097.711,322944
6,3,main,whole,encrypted,true,8388608,pattern,1,267.835,10131.384,10461.450,312704
6,3,main,range,signed,true,8388608,pattern,1,8043.878,1159.970,9254.189,322944
6,3,main,stream,encrypted-signed,false,8388608,pattern,1,962.526,16811.550,21685.013,8673664
6,3,main,stream,encrypted-signed,true,8388608,pattern,1,1011.917,8707.180,9779.708,322944
6,3,main,stream-content,plain,true,8388608,pattern,1,245.194,3219.286,3510.301,312704
6,3,main,whole,encrypted-signed,true,8388608,pattern,1,991.557,11896.725,12944.043,322944
6,3,main,range,signed,false,8388608,pattern,1,16178.138,1040.818,19310.902,8673664
6,3,main,stream,plain,true,8388608,pattern,1,220.354,5330.502,5593.906,312704
6,3,main,stream-content,plain,false,8388608,pattern,1,261.845,10894.707,13240.908,8659328
6,3,main,whole,plain,true,8388608,pattern,1,222.684,9610.065,9883.580,312704
6,3,main,range,encrypted,false,8388608,pattern,1,238.085,9799.098,13239.238,8659328
6,3,main,range,encrypted-signed,true,8388608,pattern,1,1033.978,2777.788,3844.416,322944
6,3,main,whole,signed,false,8388608,pattern,1,18245.234,14698.673,36543.329,8673664
6,3,main,stream-content,encrypted,false,8388608,pattern,1,276.405,19448.855,23613.736,8659328
6,3,main,range,encrypted-signed,false,8388608,pattern,1,1038.278,14751.704,19151.020,8673664
6,3,main,whole,plain,false,8388608,pattern,1,237.084,25383.476,29676.280,8659328
6,3,main,stream-content,encrypted,true,8388608,pattern,1,267.215,4795.762,5099.078,312704
6,3,main,stream,plain,false,8388608,pattern,1,266.035,13527.393,15877.184,8659328
6,3,main,range,encrypted,true,8388608,pattern,1,240.044,1348.673,1613.647,312704
6,3,main,range,plain,true,8388608,pattern,2,221.013,1226.522,1468.865,312704
6,3,main,range,encrypted,true,8388608,pattern,2,195.884,1230.061,1446.475,312704
6,3,main,whole,plain,true,8388608,pattern,2,182.493,9697.996,9944.591,312704
6,3,main,whole,plain,false,8388608,pattern,2,230.014,20930.321,25223.375,8659328
6,3,main,whole,encrypted-signed,true,8388608,pattern,2,1006.278,14273.565,15334.194,322944
6,3,main,stream-content,plain,false,8388608,pattern,2,228.144,10557.602,12862.921,8659328
6,3,main,stream,encrypted-signed,false,8388608,pattern,2,941.336,15929.745,20629.105,8673664
6,3,main,stream,signed,false,8388608,pattern,2,19607.877,4691.221,26474.656,8673664
6,3,main,range,plain,false,8388608,pattern,2,235.144,5368.863,7144.683,8659328
6,3,main,stream-content,plain,true,8388608,pattern,2,217.464,3059.983,3309.357,312704
6,3,main,stream-content,encrypted-signed,true,8388608,pattern,2,959.566,2870.720,3858.706,322944
6,3,main,whole,encrypted,false,8388608,pattern,2,196.433,26635.298,31380.540,8659328
6,3,main,stream,encrypted,false,8388608,pattern,2,244.085,20391.150,24411.370,8659328
6,3,main,range,signed,true,8388608,pattern,2,9371.102,1149.029,10556.022,322944
6,3,main,stream,encrypted,true,8388608,pattern,2,215.014,6778.977,7036.842,312704
6,3,main,stream,signed,true,8388608,pattern,2,7890.586,5026.347,12963.033,322944
6,3,main,range,encrypted,false,8388608,pattern,2,237.344,11344.065,14825.495,8659328
6,3,main,whole,signed,false,8388608,pattern,2,19669.859,14626.201,37999.304,8673664
6,3,main,range,signed,false,8388608,pattern,2,18224.283,1086.619,21390.378,8673664
6,3,main,stream,plain,true,8388608,pattern,2,222.954,5112.948,5372.992,312704
6,3,main,stream-content,signed,false,8388608,pattern,2,15327.834,4911.074,22330.004,8673664
6,3,main,range,encrypted-signed,false,8388608,pattern,2,961.326,9881.771,14115.723,8673664
6,3,main,stream-content,encrypted-signed,false,8388608,pattern,2,964.706,20504.223,25259.324,8673664
6,3,main,whole,encrypted-signed,false,8388608,pattern,2,950.157,30429.383,35958.019,8673664
6,3,main,stream-content,encrypted,true,8388608,pattern,2,265.914,4615.210,4915.844,312704
6,3,main,stream-content,signed,true,8388608,pattern,2,7857.215,2867.050,10761.495,322944
6,3,main,whole,encrypted,true,8388608,pattern,2,220.974,12682.218,12953.163,312704
6,3,main,stream,encrypted-signed,true,8388608,pattern,2,984.317,5107.037,6139.895,322944
6,3,main,stream-content,encrypted,false,8388608,pattern,2,225.824,16130.487,20119.566,8659328
6,3,main,range,encrypted-signed,true,8388608,pattern,2,979.657,2750.547,3759.065,322944
6,3,main,stream,plain,false,8388608,pattern,2,177.523,13325.039,15638.069,8659328
6,3,main,whole,signed,true,8388608,pattern,2,7875.736,9550.784,17488.591,322944
7,0,branch,stream-content,encrypted,true,8388608,pattern,1,251.834,3186.385,3468.479,312704
7,0,branch,range,encrypted-signed,false,8388608,pattern,1,979.637,8842.532,11912.575,8673664
7,0,branch,whole,signed,false,8388608,pattern,1,20532.073,13061.195,35669.474,8673664
7,0,branch,whole,encrypted,false,8388608,pattern,1,245.485,25461.858,28387.769,8659328
7,0,branch,range,encrypted,false,8388608,pattern,1,247.014,13861.149,16233.099,8659328
7,0,branch,whole,encrypted-signed,true,8388608,pattern,1,1119.600,12984.603,14152.444,322944
7,0,branch,stream-content,plain,false,8388608,pattern,1,263.265,11042.820,11760.933,8659328
7,0,branch,stream-content,plain,true,8388608,pattern,1,233.784,3344.167,3613.202,312704
7,0,branch,stream,signed,false,8388608,pattern,1,15744.580,4832.834,20936.580,8673664
7,0,branch,whole,plain,true,8388608,pattern,1,226.144,8000.817,8267.272,312704
7,0,branch,stream,encrypted,true,8388608,pattern,1,260.974,3427.589,3724.574,312704
7,0,branch,whole,plain,false,8388608,pattern,1,221.853,19975.804,22421.706,8659328
7,0,branch,range,signed,true,8388608,pattern,1,8091.889,684.191,8806.721,322944
7,0,branch,range,encrypted,true,8388608,pattern,1,231.194,739.282,981.797,312704
7,0,branch,stream-content,encrypted-signed,true,8388608,pattern,1,957.476,3026.253,4016.879,322944
7,0,branch,stream-content,signed,false,8388608,pattern,1,19264.592,5073.557,24733.975,8673664
7,0,branch,stream,plain,false,8388608,pattern,1,212.554,10696.464,11268.864,8659328
7,0,branch,whole,signed,true,8388608,pattern,1,8342.014,8607.418,16996.983,322944
7,0,branch,whole,encrypted,true,8388608,pattern,1,253.624,8395.734,8694.779,312704
7,0,branch,range,signed,false,8388608,pattern,1,15775.791,1038.568,17235.377,8673664
7,0,branch,stream-content,encrypted-signed,false,8388608,pattern,1,1016.688,15294.653,18542.899,8673664
7,0,branch,stream,signed,true,8388608,pattern,1,9605.846,4091.000,13743.917,322944
7,0,branch,stream,encrypted,false,8388608,pattern,1,226.384,17259.307,19743.219,8659328
7,0,branch,stream,encrypted-signed,true,8388608,pattern,1,1018.008,5877.761,6945.670,322944
7,0,branch,range,plain,false,8388608,pattern,1,218.353,7512.739,8056.248,8659328
7,0,branch,stream,plain,true,8388608,pattern,1,238.444,3280.296,3554.511,312704
7,0,branch,range,plain,true,8388608,pattern,1,230.694,738.573,982.607,312704
7,0,branch,stream-content,encrypted,false,8388608,pattern,1,192.543,14937.028,17373.479,8659328
7,0,branch,whole,encrypted-signed,false,8388608,pattern,1,1088.119,26685.029,30659.548,8673664
7,0,branch,stream,encrypted-signed,false,8388608,pattern,1,1125.009,19497.375,22773.151,8673664
7,0,branch,stream-content,signed,true,8388608,pattern,1,9704.237,3079.173,12828.751,322944
7,0,branch,range,encrypted-signed,true,8388608,pattern,1,1111.289,851.075,1978.784,322944
7,0,branch,stream-content,encrypted,true,8388608,pattern,2,217.864,3376.478,3626.833,312704
7,0,branch,whole,plain,false,8388608,pattern,2,218.874,22117.061,24426.901,8659328
7,0,branch,stream,signed,true,8388608,pattern,2,8242.742,4429.656,12715.359,322944
7,0,branch,stream-content,encrypted,false,8388608,pattern,2,240.004,17179.115,19575.276,8659328
7,0,branch,range,encrypted-signed,true,8388608,pattern,2,1067.389,2417.601,3506.121,322944
7,0,branch,range,encrypted,true,8388608,pattern,2,226.324,747.033,985.327,312704
7,0,branch,range,encrypted-signed,false,8388608,pattern,2,982.167,12226.631,15329.244,8673664
7,0,branch,stream,encrypted,true,8388608,pattern,2,269.605,5781.949,6093.295,312704
7,0,branch,stream-content,encrypted-signed,true,8388608,pattern,2,1002.157,3035.862,4066.580,322944
7,0,branch,range,signed,true,8388608,pattern,2,7836.045,676.422,8538.437,322944
7,0,branch,stream-content,encrypted-signed,false,8388608,pattern,2,1074.249,17401.749,20715.396,8673664
7,0,branch,range,plain,false,8388608,pattern,2,221.534,9865.110,10379.809,8659328
7,0,branch,whole,plain,true,8388608,pattern,2,232.904,8049.518,8328.233,312704
7,0,branch,range,signed,false,8388608,pattern,2,15827.292,1047.958,17298.748,8673664
7,0,branch,whole,encrypted-signed,true,8388608,pattern,2,1113.589,8409.794,9572.084,322944
7,0,branch,whole,encrypted,true,8388608,pattern,2,245.104,7841.475,8127.570,312704
7,0,branch,stream-content,signed,true,8388608,pattern,2,8179.950,3202.026,11420.586,322944
7,0,branch,whole,encrypted-signed,false,8388608,pattern,2,1089.909,21910.767,25677.192,8673664
7,0,branch,stream-content,signed,false,8388608,pattern,2,23225.549,5627.757,29469.877,8673664
7,0,branch,stream,encrypted-signed,true,8388608,pattern,2,1036.898,3359.407,4437.066,322944
7,0,branch,whole,signed,false,8388608,pattern,2,16141.368,14759.964,33464.256,8673664
7,0,branch,whole,encrypted,false,8388608,pattern,2,274.555,25935.046,28923.037,8659328
7,0,branch,stream,encrypted,false,8388608,pattern,2,242.784,19967.334,22446.876,8659328
7,0,branch,range,plain,true,8388608,pattern,2,293.715,2480.103,2797.688,312704
7,0,branch,stream,signed,false,8388608,pattern,2,19234.571,4922.294,24534.812,8673664
7,0,branch,whole,signed,true,8388608,pattern,2,8275.012,8364.054,16688.677,322944
7,0,branch,stream-content,plain,true,8388608,pattern,2,246.454,3240.296,3514.920,312704
7,0,branch,stream,encrypted-signed,false,8388608,pattern,2,1093.889,14814.705,18010.580,8673664
7,0,branch,stream,plain,false,8388608,pattern,2,265.705,15431.375,16099.617,8659328
7,0,branch,stream,plain,true,8388608,pattern,2,232.514,4433.446,4703.961,312704
7,0,branch,range,encrypted,false,8388608,pattern,2,281.574,9172.578,11822.653,8659328
7,0,branch,stream-content,plain,false,8388608,pattern,2,297.545,16933.911,17768.626,8659328
7,1,main,stream-content,encrypted,true,8388608,pattern,1,245.134,3186.865,3460.289,312704
7,1,main,range,encrypted-signed,false,8388608,pattern,1,924.666,9950.901,14088.152,8673664
7,1,main,whole,signed,false,8388608,pattern,1,20178.477,14858.996,38724.836,8673664
7,1,main,whole,encrypted,false,8388608,pattern,1,256.925,29725.791,34646.986,8659328
7,1,main,range,encrypted,false,8388608,pattern,1,263.055,14695.272,18284.715,8659328
7,1,main,whole,encrypted-signed,true,8388608,pattern,1,1025.048,14658.212,15745.412,322944
7,1,main,stream-content,plain,false,8388608,pattern,1,232.804,11046.820,13393.611,8659328
7,1,main,stream-content,plain,true,8388608,pattern,1,252.294,3248.536,3536.700,312704
7,1,main,stream,signed,false,8388608,pattern,1,16206.689,4845.203,23187.949,8673664
7,1,main,whole,plain,true,8388608,pattern,1,287.635,10780.245,11127.691,312704
7,1,main,stream,encrypted,true,8388608,pattern,1,287.245,5715.279,6059.635,312704
7,1,main,whole,plain,false,8388608,pattern,1,240.164,20953.840,25181.373,8659328
7,1,main,range,signed,true,8388608,pattern,1,9363.372,1147.709,10543.692,322944
7,1,main,range,encrypted,true,8388608,pattern,1,217.044,1218.311,1457.055,312704
7,1,main,stream-content,encrypted-signed,true,8388608,pattern,1,909.445,3048.783,3990.618,322944
7,1,main,stream-content,signed,false,8388608,pattern,1,18108.351,4944.585,25153.672,8673664
7,1,main,stream,plain,false,8388608,pattern,1,207.174,10087.894,12355.483,8659328
7,1,main,whole,signed,true,8388608,pattern,1,7946.586,9523.764,17529.671,322944
7,1,main,whole,encrypted,true,8388608,pattern,1,258.584,9505.234,9811.419,312704
7,1,main,range,signed,false,8388608,pattern,1,15094.370,1032.788,18176.783,8673664
7,1,main,stream-content,encrypted-signed,false,8388608,pattern,1,913.175,15967.395,20625.104,8673664
7,1,main,stream,signed,true,8388608,pattern,1,9367.191,6572.143,15986.855,322944
7,1,main,stream,encrypted,false,8388608,pattern,1,230.934,17612.763,21657.542,8659328
7,1,main,stream,encrypted-signed,true,8388608,pattern,1,978.397,8205.241,9227.489,322944
7,1,main,range,plain,false,8388608,pattern,1,212.233,6545.133,8310.293,8659328
7,1,main,stream,plain,true,8388608,pattern,1,213.934,5033.486,5283.311,312704
7,1,main,range,plain,true,8388608,pattern,1,225.044,1198.750,1444.435,312704
7,1,main,stream-content,encrypted,false,8388608,pattern,1,187.863,15953.145,19902.732,8659328
7,1,main,whole,encrypted-signed,false,8388608,pattern,1,945.836,29938.265,35375.089,8673664
7,1,main,stream,encrypted-signed,false,8388608,pattern,1,955.417,20039.085,24736.836,8673664
7,1,main,stream-content,signed,true,8388608,pattern,1,9264.049,3052.793,12360.032,322944
7,1,main,range,encrypted-signed,true,8388608,pattern,1,957.206,1246.132,2230.028,322944
7,1,main,stream-content,encrypted,true,8388608,pattern,2,210.133,2992.002,3226.515,312704
7,1,main,whole,plain,false,8388608,pattern,2,173.613,23556.625,27692.216,8659328
7,1,main,stream,signed,true,8388608,pattern,2,9291.440,6614.193,15955.864,322944
7,1,main,stream-content,encrypted,false,8388608,pattern,2,229.564,17573.442,21540.391,8659328
7,1,main,range,encrypted-signed,true,8388608,pattern,2,979.457,2727.117,3734.735,322944
7,1,main,range,encrypted,true,8388608,pattern,2,208.444,1199.050,1427.354,312704
7,1,main,range,encrypted-signed,false,8388608,pattern,2,884.585,12688.408,16728.608,8673664
7,1,main,stream,encrypted,true,8388608,pattern,2,252.915,8077.069,8366.474,312704
7,1,main,stream-content,encrypted-signed,true,8388608,pattern,2,961.507,2930.570,3925.308,322944
7,1,main,range,signed,true,8388608,pattern,2,7681.792,1141.290,8847.782,322944
7,1,main,stream-content,encrypted-signed,false,8388608,pattern,2,877.165,17360.338,21980.478,8673664
7,1,main,range,plain,false,8388608,pattern,2,204.384,9423.382,11174.123,8659328
7,1,main,whole,plain,true,8388608,pattern,2,227.784,9452.113,9723.918,312704
7,1,main,range,signed,false,8388608,pattern,2,14994.878,1041.868,18181.363,8673664
7,1,main,whole,encrypted-signed,true,8388608,pattern,2,1027.838,11052.910,12132.699,322944
7,1,main,whole,encrypted,true,8388608,pattern,2,264.224,10083.423,10404.168,312704
7,1,main,stream-content,signed,true,8388608,pattern,2,8515.417,3149.464,11709.402,322944
7,1,main,whole,encrypted-signed,false,8388608,pattern,2,1109.519,26320.992,31914.919,8673664
7,1,main,stream-content,signed,false,8388608,pattern,2,19576.297,4882.284,26556.757,8673664
7,1,main,stream,encrypted-signed,true,8388608,pattern,2,977.577,5178.389,6196.027,322944
7,1,main,whole,signed,false,8388608,pattern,2,15121.301,14542.890,33244.002,8673664
7,1,main,whole,encrypted,false,8388608,pattern,2,242.935,28734.834,33473.086,8659328
7,1,main,stream,encrypted,false,8388608,pattern,2,246.884,20306.550,24368.389,8659328
7,1,main,range,plain,true,8388608,pattern,2,240.764,2794.568,3066.583,312704
7,1,main,stream,signed,false,8388608,pattern,2,19205.991,4800.112,26779.571,8673664
7,1,main,whole,signed,true,8388608,pattern,2,9465.913,14812.065,24356.529,322944
7,1,main,stream-content,plain,true,8388608,pattern,2,303.595,4189.192,4546.188,312704
7,1,main,stream,encrypted-signed,false,8388608,pattern,2,1343.403,18776.003,25120.752,8673664
7,1,main,stream,plain,false,8388608,pattern,2,265.564,16481.454,19486.575,8659328
7,1,main,stream,plain,true,8388608,pattern,2,271.305,6910.389,7232.484,312704
7,1,main,range,encrypted,false,8388608,pattern,2,226.834,11725.442,16309.621,8659328
7,1,main,stream-content,plain,false,8388608,pattern,2,268.214,16768.719,19141.749,8659328
7,2,main,stream-content,encrypted,true,8388608,pattern,1,250.654,3168.275,3448.369,312704
7,2,main,range,encrypted-signed,false,8388608,pattern,1,937.816,9956.381,14111.452,8673664
7,2,main,whole,signed,false,8388608,pattern,1,19461.445,14545.590,37615.727,8673664
7,2,main,whole,encrypted,false,8388608,pattern,1,244.675,28724.914,33494.786,8659328
7,2,main,range,encrypted,false,8388608,pattern,1,242.164,14199.305,17606.943,8659328
7,2,main,whole,encrypted-signed,true,8388608,pattern,1,990.057,14011.251,15055.199,322944
7,2,main,stream-content,plain,false,8388608,pattern,1,215.503,10342.248,12632.677,8659328
7,2,main,stream-content,plain,true,8388608,pattern,1,231.914,3162.314,3425.029,312704
7,2,main,stream,signed,false,8388608,pattern,1,15238.962,4661.290,21983.208,8673664
7,2,main,whole,plain,true,8388608,pattern,1,237.344,9507.234,9789.778,312704
7,2,main,stream,encrypted,true,8388608,pattern,1,251.735,5142.668,5432.814,312704
7,2,main,whole,plain,false,8388608,pattern,1,208.594,21215.355,25383.567,8659328
7,2,main,range,signed,true,8388608,pattern,1,9350.391,1155.450,10539.291,322944
7,2,main,range,encrypted,true,8388608,pattern,1,220.583,1247.152,1489.805,312704
7,2,main,stream-content,encrypted-signed,true,8388608,pattern,1,926.465,3008.462,3966.638,322944
7,2,main,stream-content,signed,false,8388608,pattern,1,18520.159,4924.214,25543.860,8673664
7,2,main,stream,plain,false,8388608,pattern,1,221.774,10330.278,12634.888,8659328
7,2,main,whole,signed,true,8388608,pattern,1,7970.837,9772.018,17804.036,322944
7,2,main,whole,encrypted,true,8388608,pattern,1,262.165,9799.598,10110.974,312704
7,2,main,range,signed,false,8388608,pattern,1,15793.192,1034.307,18949.946,8673664
7,2,main,stream-content,encrypted-signed,false,8388608,pattern,1,960.556,16902.591,21744.994,8673664
7,2,main,stream,signed,true,8388608,pattern,1,9669.796,6866.578,16596.885,322944
7,2,main,stream,encrypted,false,8388608,pattern,1,250.725,17895.847,22021.169,8659328
7,2,main,stream,encrypted-signed,true,8388608,pattern,1,1085.869,8505.446,9642.076,322944
7,2,main,range,plain,false,8388608,pattern,1,229.854,6746.056,8573.027,8659328
7,2,main,stream,plain,true,8388608,pattern,1,248.754,5426.404,5725.738,312704
7,2,main,range,plain,true,8388608,pattern,1,246.155,1221.391,1488.506,312704
7,2,main,stream-content,encrypted,false,8388608,pattern,1,194.284,16560.824,20641.445,8659328
7,2,main,whole,encrypted-signed,false,8388608,pattern,1,1082.829,31656.185,37475.295,8673664
7,2,main,stream,encrypted-signed,false,8388608,pattern,1,986.927,20848.838,25722.462,8673664
7,2,main,stream-content,signed,true,8388608,pattern,1,9471.663,3123.444,12656.218,322944
7,2,main,range,encrypted-signed,true,8388608,pattern,1,1017.667,1246.822,2291.849,322944
7,2,main,stream-content,encrypted,true,8388608,pattern,2,216.753,3045.013,3297.596,312704
7,2,main,whole,plain,false,8388608,pattern,2,198.424,23800.789,28034.502,8659328
7,2,main,stream,signed,true,8388608,pattern,2,9551.955,6716.955,16323.341,322944
7,2,main,stream-content,encrypted,false,8388608,pattern,2,240.074,17791.186,21812.165,8659328
7,2,main,range,encrypted-signed,true,8388608,pattern,2,1047.308,2841.569,3927.538,322944
7,2,main,range,encrypted,true,8388608,pattern,2,221.344,1209.141,1451.165,312704
7,2,main,range,encrypted-signed,false,8388608,pattern,2,901.726,13034.684,17256.087,8673664
7,2,main,stream,encrypted,true,8388608,pattern,2,277.315,8406.664,8733.690,312704
7,2,main,stream-content,encrypted-signed,true,8388608,pattern,2,987.257,3153.904,4183.702,322944
7,2,main,range,signed,true,8388608,pattern,2,7886.465,1157.850,9082.886,322944
7,2,main,stream-content,encrypted-signed,false,8388608,pattern,2,936.596,18431.367,23217.929,8673664
7,2,main,range,plain,false,8388608,pattern,2,231.754,10019.922,11850.454,8659328
7,2,main,whole,plain,true,8388608,pattern,2,260.654,10183.725,10490.700,312704
7,2,main,range,signed,false,8388608,pattern,2,15582.038,1041.508,18744.622,8673664
7,2,main,whole,encrypted-signed,true,8388608,pattern,2,1006.397,10091.274,11151.282,322944
7,2,main,whole,encrypted,true,8388608,pattern,2,270.224,10379.779,10700.484,312704
7,2,main,stream-content,signed,true,8388608,pattern,2,8038.308,3114.774,11198.492,322944
7,2,main,whole,encrypted-signed,false,8388608,pattern,2,949.636,26571.797,32184.084,8673664
7,2,main,stream-content,signed,false,8388608,pattern,2,20377.511,5111.578,27654.796,8673664
7,2,main,stream,encrypted-signed,true,8388608,pattern,2,1039.178,5378.062,6460.331,322944
7,2,main,whole,signed,false,8388608,pattern,2,15711.390,14889.346,34236.099,8673664
7,2,main,whole,encrypted,false,8388608,pattern,2,253.924,29805.363,34576.564,8659328
7,2,main,stream,encrypted,false,8388608,pattern,2,247.144,20935.561,24992.760,8659328
7,2,main,range,plain,true,8388608,pattern,2,266.955,2918.370,3232.096,312704
7,2,main,stream,signed,false,8388608,pattern,2,18914.006,4765.572,25776.854,8673664
7,2,main,whole,signed,true,8388608,pattern,2,7853.945,9771.558,17686.704,322944
7,2,main,stream-content,plain,true,8388608,pattern,2,245.975,3014.962,3293.757,312704
7,2,main,stream,encrypted-signed,false,8388608,pattern,2,939.876,15910.554,20570.534,8673664
7,2,main,stream,plain,false,8388608,pattern,2,206.144,14847.445,17256.467,8659328
7,2,main,stream,plain,true,8388608,pattern,2,276.805,5278.251,5606.946,312704
7,2,main,range,encrypted,false,8388608,pattern,2,228.834,9821.569,13253.158,8659328
7,2,main,stream-content,plain,false,8388608,pattern,2,204.013,14908.257,17183.605,8659328
7,3,branch,stream-content,encrypted,true,8388608,pattern,1,249.215,3351.207,3652.673,312704
7,3,branch,range,encrypted-signed,false,8388608,pattern,1,1016.478,9168.247,12156.739,8673664
7,3,branch,whole,signed,false,8388608,pattern,1,20302.039,12876.342,35270.667,8673664
7,3,branch,whole,encrypted,false,8388608,pattern,1,249.144,24530.562,27420.401,8659328
7,3,branch,range,encrypted,false,8388608,pattern,1,261.825,13227.577,15504.357,8659328
7,3,branch,whole,encrypted-signed,true,8388608,pattern,1,1084.879,13041.254,14166.704,322944
7,3,branch,stream-content,plain,false,8388608,pattern,1,215.693,11109.891,11853.924,8659328
7,3,branch,stream-content,plain,true,8388608,pattern,1,257.784,3144.724,3430.238,312704
7,3,branch,stream,signed,false,8388608,pattern,1,15599.298,4734.532,20653.695,8673664
7,3,branch,whole,plain,true,8388608,pattern,1,246.374,7835.425,8120.520,312704
7,3,branch,stream,encrypted,true,8388608,pattern,1,279.294,3227.916,3539.880,312704
7,3,branch,whole,plain,false,8388608,pattern,1,203.674,18716.342,20970.141,8659328
7,3,branch,range,signed,true,8388608,pattern,1,7988.167,684.702,8700.019,322944
7,3,branch,range,encrypted,true,8388608,pattern,1,235.144,721.733,967.407,312704
7,3,branch,stream-content,encrypted-signed,true,8388608,pattern,1,970.697,3032.222,4027.529,322944
7,3,branch,stream-content,signed,false,8388608,pattern,1,18731.482,5045.597,24169.906,8673664
7,3,branch,stream,plain,false,8388608,pattern,1,211.643,10869.827,11528.068,8659328
7,3,branch,whole,signed,true,8388608,pattern,1,7918.946,8321.033,16293.470,322944
7,3,branch,whole,encrypted,true,8388608,pattern,1,264.364,8029.058,8335.793,312704
7,3,branch,range,signed,false,8388608,pattern,1,16190.629,1039.787,18014.680,8673664
7,3,branch,stream-content,encrypted-signed,false,8388608,pattern,1,1033.398,15168.450,18332.385,8673664
7,3,branch,stream,signed,true,8388608,pattern,1,9520.304,4254.703,13817.398,322944
7,3,branch,stream,encrypted,false,8388608,pattern,1,239.335,16411.712,18694.642,8659328
7,3,branch,stream,encrypted-signed,true,8388608,pattern,1,1035.258,5697.898,6775.776,322944
7,3,branch,range,plain,false,8388608,pattern,1,212.354,7516.319,8005.898,8659328
7,3,branch,stream,plain,true,8388608,pattern,1,254.344,3224.145,3517.750,312704
7,3,branch,range,plain,true,8388608,pattern,1,227.624,780.443,1018.967,312704
7,3,branch,stream-content,encrypted,false,8388608,pattern,1,184.863,14570.451,16946.741,8659328
7,3,branch,whole,encrypted-signed,false,8388608,pattern,1,1013.828,25678.601,29219.333,8673664
7,3,branch,stream,encrypted-signed,false,8388608,pattern,1,993.587,18411.467,21402.709,8673664
7,3,branch,stream-content,signed,true,8388608,pattern,1,9295.510,2894.650,12218.621,322944
7,3,branch,range,encrypted-signed,true,8388608,pattern,1,966.237,739.873,1719.200,322944
7,3,branch,stream-content,encrypted,true,8388608,pattern,2,197.003,2798.408,3010.032,312704
7,3,branch,whole,plain,false,8388608,pattern,2,165.133,21316.327,23404.113,8659328
7,3,branch,stream,signed,true,8388608,pattern,2,7854.635,3849.206,11730.481,322944
7,3,branch,stream-content,encrypted,false,8388608,pattern,2,211.804,16469.943,18717.292,8659328
7,3,branch,range,encrypted-signed,true,8388608,pattern,2,1011.138,2279.229,3309.667,322944
7,3,branch,range,encrypted,true,8388608,pattern,2,206.193,723.963,941.106,312704
7,3,branch,range,encrypted-signed,false,8388608,pattern,2,915.946,11575.269,14463.669,8673664
7,3,branch,stream,encrypted,true,8388608,pattern,2,273.705,5511.224,5819.880,312704
7,3,branch,stream-content,encrypted-signed,true,8388608,pattern,2,1004.447,2924.870,3950.238,322944
7,3,branch,range,signed,true,8388608,pattern,2,7817.595,689.452,8535.097,322944
7,3,branch,stream-content,encrypted-signed,false,8388608,pattern,2,973.707,17130.694,20358.210,8673664
7,3,branch,range,plain,false,8388608,pattern,2,240.084,9848.479,10389.078,8659328
7,3,branch,whole,plain,true,8388608,pattern,2,239.934,8153.010,8439.035,312704
7,3,branch,range,signed,false,8388608,pattern,2,16351.691,1040.468,17766.136,8673664
7,3,branch,whole,encrypted-signed,true,8388608,pattern,2,1016.638,8061.979,9118.567,322944
7,3,branch,whole,encrypted,true,8388608,pattern,2,250.484,8255.302,8539.017,312704
7,3,branch,stream-content,signed,true,8388608,pattern,2,7997.827,3018.882,11050.680,322944
7,3,branch,whole,encrypted-signed,false,8388608,pattern,2,1015.848,21236.315,24865.178,8673664
7,3,branch,stream-content,signed,false,8388608,pattern,2,19850.141,4945.835,25178.663,8673664
7,3,branch,stream,encrypted-signed,true,8388608,pattern,2,1014.067,3248.496,4291.513,322944
7,3,branch,whole,signed,false,8388608,pattern,2,15467.956,12813.521,30303.571,8673664
7,3,branch,whole,encrypted,false,8388608,pattern,2,244.134,24357.629,27231.809,8659328
7,3,branch,stream,encrypted,false,8388608,pattern,2,265.675,18927.685,21296.747,8659328
7,3,branch,range,plain,true,8388608,pattern,2,246.994,2344.471,2613.305,312704
7,3,branch,stream,signed,false,8388608,pattern,2,18741.992,4717.961,23777.479,8673664
7,3,branch,whole,signed,true,8388608,pattern,2,7999.708,7785.514,15824.723,322944
7,3,branch,stream-content,plain,true,8388608,pattern,2,240.664,3173.785,3441.450,312704
7,3,branch,stream,encrypted-signed,false,8388608,pattern,2,1003.097,14450.919,17634.663,8673664
7,3,branch,stream,plain,false,8388608,pattern,2,208.264,14937.197,15455.776,8659328
7,3,branch,stream,plain,true,8388608,pattern,2,259.994,3485.010,3781.185,312704
7,3,branch,range,encrypted,false,8388608,pattern,2,225.423,8978.585,11257.673,8659328
7,3,branch,stream-content,plain,false,8388608,pattern,2,204.013,15363.055,16019.385,8659328
8,0,main,stream,encrypted,true,8388608,pattern,1,252.334,7319.566,7611.471,312704
8,0,main,range,encrypted-signed,true,8388608,pattern,1,977.387,1974.494,2979.291,322944
8,0,main,stream-content,signed,true,8388608,pattern,1,7807.074,3014.142,10851.976,322944
8,0,main,stream-content,signed,false,8388608,pattern,1,16752.128,4847.833,23671.367,8673664
8,0,main,stream,plain,true,8388608,pattern,1,243.064,5036.467,5311.381,312704
8,0,main,stream,encrypted-signed,true,8388608,pattern,1,965.856,4984.666,5982.733,322944
8,0,main,stream-content,encrypted-signed,true,8388608,pattern,1,927.876,3068.343,4029.919,322944
8,0,main,range,signed,false,8388608,pattern,1,15231.662,1029.208,18321.775,8673664
8,0,main,stream,plain,false,8388608,pattern,1,185.953,10031.442,12285.291,8659328
8,0,main,stream,signed,true,8388608,pattern,1,7815.714,5007.356,12865.901,322944
8,0,main,stream-content,plain,false,8388608,pattern,1,199.313,10689.154,12974.393,8659328
8,0,main,stream-content,encrypted,true,8388608,pattern,1,242.745,3123.923,3394.679,312704
8,0,main,stream-content,plain,true,8388608,pattern,1,220.394,2888.790,3134.604,312704
8,0,main,whole,encrypted-signed,true,8388608,pattern,1,954.886,9532.034,10535.001,322944
8,0,main,whole,encrypted-signed,false,8388608,pattern,1,947.156,25991.297,31393.429,8673664
8,0,main,stream,signed,false,8388608,pattern,1,19520.866,4612.739,26181.020,8673664
8,0,main,range,signed,true,8388608,pattern,1,7848.395,1191.280,9070.866,322944
8,0,main,stream-content,encrypted-signed,false,8388608,pattern,1,904.546,15962.644,20603.865,8673664
8,0,main,range,plain,true,8388608,pattern,1,251.185,2692.516,2967.982,312704
8,0,main,range,plain,false,8388608,pattern,1,179.933,8071.489,9800.288,8659328
8,0,main,stream,encrypted,false,8388608,pattern,1,225.714,15814.332,19767.170,8659328
8,0,main,whole,encrypted,false,8388608,pattern,1,217.484,30080.697,34818.188,8659328
8,0,main,stream,encrypted-signed,false,8388608,pattern,1,966.757,20231.208,24944.379,8673664
8,0,main,whole,plain,true,8388608,pattern,1,234.844,13904.699,14188.224,312704
8,0,main,range,encrypted,true,8388608,pattern,1,258.424,1234.241,1512.666,312704
8,0,main,whole,signed,false,8388608,pattern,1,15005.268,14574.701,33140.250,8673664
8,0,main,stream-content,encrypted,false,8388608,pattern,1,243.294,19011.887,22985.435,8659328
8,0,main,whole,plain,false,8388608,pattern,1,202.963,24382.370,28502.880,8659328
8,0,main,range,encrypted,false,8388608,pattern,1,247.654,14036.621,17410.689,8659328
8,0,main,whole,encrypted,true,8388608,pattern,1,255.624,13984.981,14287.616,312704
8,0,main,whole,signed,true,8388608,pattern,1,7866.526,9538.784,17454.510,322944
8,0,main,range,encrypted-signed,false,8388608,pattern,1,993.267,9830.339,13991.381,8673664
8,0,main,range,signed,true,8388608,pattern,2,9372.941,1186.820,10589.682,322944
8,0,main,stream,encrypted,false,8388608,pattern,2,214.484,18683.771,22606.809,8659328
8,0,main,stream,encrypted,true,8388608,pattern,2,247.564,7366.106,7654.281,312704
8,0,main,whole,encrypted-signed,false,8388608,pattern,2,951.166,27989.162,33378.774,8673664
8,0,main,whole,plain,true,8388608,pattern,2,254.494,13997.031,14298.726,312704
8,0,main,stream-content,plain,false,8388608,pattern,2,210.554,10431.359,12728.339,8659328
8,0,main,stream,encrypted-signed,false,8388608,pattern,2,955.616,15991.195,20705.996,8673664
8,0,main,stream-content,signed,true,8388608,pattern,2,9355.791,3031.012,12422.883,322944
8,0,main,stream,plain,false,8388608,pattern,2,196.794,13363.089,15671.100,8659328
8,0,main,range,encrypted,true,8388608,pattern,2,248.915,1293.292,1564.657,312704
8,0,main,whole,signed,true,8388608,pattern,2,7894.195,9702.247,17641.803,322944
8,0,main,whole,encrypted,true,8388608,pattern,2,248.634,9960.071,10254.876,312704
8,0,main,stream-content,encrypted-signed,true,8388608,pattern,2,1001.447,3249.666,4289.124,322944
8,0,main,whole,encrypted,false,8388608,pattern,2,218.404,26234.941,30985.733,8659328
8,0,main,stream-content,encrypted,true,8388608,pattern,2,272.435,4609.059,4913.934,312704
8,0,main,stream,encrypted-signed,true,8388608,pattern,2,983.837,6753.576,7788.574,322944
8,0,main,range,encrypted,false,8388608,pattern,2,232.334,11518.788,14919.156,8659328
8,0,main,stream-content,encrypted,false,8388608,pattern,2,233.324,20148.646,24082.664,8659328
8,0,main,whole,plain,false,8388608,pattern,2,201.733,24388.760,28474.639,8659328
8,0,main,range,encrypted-signed,true,8388608,pattern,2,993.937,2704.637,3727.474,322944
8,0,main,range,signed,false,8388608,pattern,2,18024.000,1028.317,21102.833,8673664
8,0,main,range,encrypted-signed,false,8388608,pattern,2,916.026,9650.916,13697.126,8673664
8,0,main,whole,signed,false,8388608,pattern,2,19237.690,14293.676,37061.767,8673664
8,0,main,stream-content,signed,false,8388608,pattern,2,18067.840,4856.874,24996.979,8673664
8,0,main,range,plain,true,8388608,pattern,2,246.104,1262.992,1531.677,312704
8,0,main,stream,signed,true,8388608,pattern,2,7826.034,5026.737,12891.901,322944
8,0,main,stream-content,encrypted-signed,false,8388608,pattern,2,941.326,16052.116,20696.356,8673664
8,0,main,stream,plain,true,8388608,pattern,2,235.074,7328.446,7604.221,312704
8,0,main,whole,encrypted-signed,true,8388608,pattern,2,970.557,11992.376,13017.854,322944
8,0,main,stream,signed,false,8388608,pattern,2,15026.018,4596.539,21692.013,8673664
8,0,main,stream-content,plain,true,8388608,pattern,2,235.294,3098.253,3363.807,312704
8,0,main,range,plain,false,8388608,pattern,2,196.713,5231.730,6970.900,8659328
8,1,branch,stream,encrypted,true,8388608,pattern,1,263.055,5634.026,5928.282,312704
8,1,branch,range,encrypted-signed,true,8388608,pattern,1,1012.997,758.733,1783.050,322944
8,1,branch,stream-content,signed,true,8388608,pattern,1,7883.725,2946.051,10858.346,322944
8,1,branch,stream-content,signed,false,8388608,pattern,1,18063.591,4950.165,23339.081,8673664
8,1,branch,stream,plain,true,8388608,pattern,1,256.495,3913.097,4227.963,312704
8,1,branch,stream,encrypted-signed,true,8388608,pattern,1,1051.908,3689.744,4783.273,322944
8,1,branch,stream-content,encrypted-signed,true,8388608,pattern,1,1052.859,3321.587,4413.966,322944
8,1,branch,range,signed,false,8388608,pattern,1,15934.574,1036.558,17302.958,8673664
8,1,branch,stream,plain,false,8388608,pattern,1,187.833,10395.908,10923.987,8659328
8,1,branch,stream,signed,true,8388608,pattern,1,7862.135,3061.473,10951.428,322944
8,1,branch,stream-content,plain,false,8388608,pattern,1,187.593,10591.942,11237.343,8659328
8,1,branch,stream-content,encrypted,true,8388608,pattern,1,272.865,3267.986,3571.881,312704
8,1,branch,stream-content,plain,true,8388608,pattern,1,233.724,3612.692,3873.397,312704
8,1,branch,whole,encrypted-signed,true,8388608,pattern,1,1280.732,8675.729,9998.551,322944
8,1,branch,whole,encrypted-signed,false,8388608,pattern,1,996.357,25414.407,29380.295,8673664
8,1,branch,stream,signed,false,8388608,pattern,1,19922.633,4715.771,24912.448,8673664
8,1,branch,range,signed,true,8388608,pattern,1,8158.401,675.751,8854.852,322944
8,1,branch,stream-content,encrypted-signed,false,8388608,pattern,1,956.796,14688.613,17659.373,8673664
8,1,branch,range,plain,true,8388608,pattern,1,234.914,2197.728,2446.492,312704
8,1,branch,range,plain,false,8388608,pattern,1,171.883,8111.009,8498.886,8659328
8,1,branch,stream,encrypted,false,8388608,pattern,1,207.454,14063.862,16375.492,8659328
8,1,branch,whole,encrypted,false,8388608,pattern,1,235.874,25442.087,28223.535,8659328
8,1,branch,stream,encrypted-signed,false,8388608,pattern,1,998.697,21656.222,25253.044,8673664
8,1,branch,whole,plain,true,8388608,pattern,1,317.216,12753.529,13119.636,312704
8,1,branch,range,encrypted,true,8388608,pattern,1,268.974,819.855,1100.499,312704
8,1,branch,whole,signed,false,8388608,pattern,1,15200.551,12891.252,30044.707,8673664
8,1,branch,stream-content,encrypted,false,8388608,pattern,1,241.625,17307.897,19644.728,8659328
8,1,branch,whole,plain,false,8388608,pattern,1,209.094,23313.401,25430.417,8659328
8,1,branch,range,encrypted,false,8388608,pattern,1,229.894,11408.566,13452.241,8659328
8,1,branch,whole,encrypted,true,8388608,pattern,1,247.744,12097.358,12386.263,312704
8,1,branch,whole,signed,true,8388608,pattern,1,7969.077,7488.849,15499.167,322944
8,1,branch,range,encrypted-signed,false,8388608,pattern,1,975.847,8717.180,11617.780,8673664
8,1,branch,range,signed,true,8388608,pattern,2,9319.340,679.452,10013.062,322944
8,1,branch,stream,encrypted,false,8388608,pattern,2,192.834,17080.393,19281.372,8659328
8,1,branch,stream,encrypted,true,8388608,pattern,2,242.085,5349.602,5620.587,312704
8,1,branch,whole,encrypted-signed,false,8388608,pattern,2,975.557,23334.371,26881.052,8673664
8,1,branch,whole,plain,true,8388608,pattern,2,252.954,12251.331,12537.315,312704
8,1,branch,stream-content,plain,false,8388608,pattern,2,205.724,11023.329,11714.311,8659328
8,1,branch,stream,encrypted-signed,false,8388608,pattern,2,989.467,14744.994,17941.399,8673664
8,1,branch,stream-content,signed,true,8388608,pattern,2,9463.102,3020.842,12513.925,322944
8,1,branch,stream,plain,false,8388608,pattern,2,190.554,13508.122,14016.832,8659328
8,1,branch,range,encrypted,true,8388608,pattern,2,234.574,776.594,1023.508,312704
8,1,branch,whole,signed,true,8388608,pattern,2,7838.395,8093.979,15965.065,322944
8,1,branch,whole,encrypted,true,8388608,pattern,2,252.715,7784.723,8073.469,312704
8,1,branch,stream-content,encrypted-signed,true,8388608,pattern,2,1022.797,3067.703,4116.911,322944
8,1,branch,whole,encrypted,false,8388608,pattern,2,201.804,21064.202,23888.741,8659328
8,1,branch,stream-content,encrypted,true,8388608,pattern,2,250.565,4920.915,5201.560,312704
8,1,branch,stream,encrypted-signed,true,8388608,pattern,2,1343.293,4831.813,6214.156,322944
8,1,branch,range,encrypted,false,8388608,pattern,2,272.485,12518.655,15048.939,8659328
8,1,branch,stream-content,encrypted,false,8388608,pattern,2,244.084,19042.847,21418.818,8659328
8,1,branch,whole,plain,false,8388608,pattern,2,220.754,23059.016,25198.643,8659328
8,1,branch,range,encrypted-signed,true,8388608,pattern,2,1018.637,822.094,1854.182,322944
8,1,branch,range,signed,false,8388608,pattern,2,17940.949,1031.547,19198.670,8673664
8,1,branch,range,encrypted-signed,false,8388608,pattern,2,933.746,8359.743,11108.171,8673664
8,1,branch,whole,signed,false,8388608,pattern,2,19392.384,12487.254,33772.291,8673664
8,1,branch,stream-content,signed,false,8388608,pattern,2,17992.589,4821.003,23105.427,8673664
8,1,branch,range,plain,true,8388608,pattern,2,270.724,782.484,1065.888,312704
8,1,branch,stream,signed,true,8388608,pattern,2,7815.434,3005.332,10848.116,322944
8,1,branch,stream-content,encrypted-signed,false,8388608,pattern,2,939.716,14424.858,17430.889,8673664
8,1,branch,stream,plain,true,8388608,pattern,2,245.784,5556.146,5837.691,312704
8,1,branch,whole,encrypted-signed,true,8388608,pattern,2,991.907,9867.660,10903.168,322944
8,1,branch,stream,signed,false,8388608,pattern,2,15336.754,4643.090,20232.668,8673664
8,1,branch,stream-content,plain,true,8388608,pattern,2,234.204,2961.341,3218.725,312704
8,1,branch,range,plain,false,8388608,pattern,2,185.633,5253.100,5624.586,8659328
8,2,branch,stream,encrypted,true,8388608,pattern,1,256.024,5322.392,5622.486,312704
8,2,branch,range,encrypted-signed,true,8388608,pattern,1,982.557,719.802,1714.770,322944
8,2,branch,stream-content,signed,true,8388608,pattern,1,7690.222,2807.829,10514.881,322944
8,2,branch,stream-content,signed,false,8388608,pattern,1,17561.002,4856.834,22725.701,8673664
8,2,branch,stream,plain,true,8388608,pattern,1,237.564,3096.473,3358.507,312704
8,2,branch,stream,encrypted-signed,true,8388608,pattern,1,1020.268,2969.031,4008.699,322944
8,2,branch,stream-content,encrypted-signed,true,8388608,pattern,1,953.766,2841.009,3812.255,322944
8,2,branch,range,signed,false,8388608,pattern,1,15320.863,1034.498,16587.795,8673664
8,2,branch,stream,plain,false,8388608,pattern,1,211.183,10090.414,10573.191,8659328
8,2,branch,stream,signed,true,8388608,pattern,1,7767.674,3038.092,10837.716,322944
8,2,branch,stream-content,plain,false,8388608,pattern,1,190.783,10408.969,10912.398,8659328
8,2,branch,stream-content,encrypted,true,8388608,pattern,1,236.624,2930.650,3187.194,312704
8,2,branch,stream-content,plain,true,8388608,pattern,1,201.273,2788.488,3005.582,312704
8,2,branch,whole,encrypted-signed,true,8388608,pattern,1,960.076,7572.241,8570.947,322944
8,2,branch,whole,encrypted-signed,false,8388608,pattern,1,968.187,20403.560,23894.601,8673664
8,2,branch,stream,signed,false,8388608,pattern,1,19471.685,4639.270,24371.469,8673664
8,2,branch,range,signed,true,8388608,pattern,1,7842.495,667.821,8526.557,322944
8,2,branch,stream-content,encrypted-signed,false,8388608,pattern,1,938.036,14237.405,17213.686,8673664
8,2,branch,range,plain,true,8388608,pattern,1,241.694,2203.488,2459.522,312704
8,2,branch,range,plain,false,8388608,pattern,1,167.362,8060.079,8440.055,8659328
8,2,branch,stream,encrypted,false,8388608,pattern,1,204.314,13873.128,16051.436,8659328
8,2,branch,whole,encrypted,false,8388608,pattern,1,209.213,24868.518,27582.644,8659328
8,2,branch,stream,encrypted-signed,false,8388608,pattern,1,986.817,18251.463,21213.714,8673664
8,2,branch,whole,plain,true,8388608,pattern,1,232.764,12022.397,12296.842,312704
8,2,branch,range,encrypted,true,8388608,pattern,1,258.595,776.833,1048.398,312704
8,2,branch,whole,signed,false,8388608,pattern,1,15006.808,12592.716,29507.887,8673664
8,2,branch,stream-content,encrypted,false,8388608,pattern,1,243.754,16913.541,19129.709,8659328
8,2,branch,whole,plain,false,8388608,pattern,1,197.113,22343.144,24489.960,8659328
8,2,branch,range,encrypted,false,8388608,pattern,1,240.474,11374.796,13449.181,8659328
8,2,branch,whole,encrypted,true,8388608,pattern,1,251.174,11847.564,12138.739,312704
8,2,branch,whole,signed,true,8388608,pattern,1,7854.415,7356.986,15250.932,322944
8,2,branch,range,encrypted-signed,false,8388608,pattern,1,970.436,8433.195,11371.435,8673664
8,2,branch,range,signed,true,8388608,pattern,2,9310.000,671.531,9997.762,322944
8,2,branch,stream,encrypted,false,8388608,pattern,2,193.884,16978.621,19166.230,8659328
8,2,branch,stream,encrypted,true,8388608,pattern,2,256.205,5322.401,5606.377,312704
8,2,branch,whole,encrypted-signed,false,8388608,pattern,2,950.007,22777.391,26177.070,8673664
8,2,branch,whole,plain,true,8388608,pattern,2,243.134,11985.236,12264.871,312704
8,2,branch,stream-content,plain,false,8388608,pattern,2,210.603,10254.487,10778.095,8659328
8,2,branch,stream,encrypted-signed,false,8388608,pattern,2,957.686,13773.417,16704.447,8673664
8,2,branch,stream-content,signed,true,8388608,pattern,2,9216.448,2981.931,12226.330,322944
8,2,branch,stream,plain,false,8388608,pattern,2,190.454,13089.325,13542.703,8659328
8,2,branch,range,encrypted,true,8388608,pattern,2,231.134,734.842,976.927,312704
8,2,branch,whole,signed,true,8388608,pattern,2,7660.422,7375.257,15072.399,322944
8,2,branch,whole,encrypted,true,8388608,pattern,2,241.924,7319.916,7594.150,312704
8,2,branch,stream-content,encrypted-signed,true,8388608,pattern,2,995.417,2951.001,3969.208,322944
8,2,branch,whole,encrypted,false,8388608,pattern,2,203.843,20345.560,23028.946,8659328
8,2,branch,stream-content,encrypted,true,8388608,pattern,2,261.104,4474.327,4754.731,312704
8,2,branch,stream,encrypted-signed,true,8388608,pattern,2,971.237,3749.624,4743.662,322944
8,2,branch,range,encrypted,false,8388608,pattern,2,267.095,10706.394,12775.490,8659328
8,2,branch,stream-content,encrypted,false,8388608,pattern,2,222.934,18192.613,20376.701,8659328
8,2,branch,whole,plain,false,8388608,pattern,2,200.954,22345.704,24468.571,8659328
8,2,branch,range,encrypted-signed,true,8388608,pattern,2,1008.197,872.425,1894.072,322944
8,2,branch,range,signed,false,8388608,pattern,2,18285.214,1025.128,19558.476,8673664
8,2,branch,range,encrypted-signed,false,8388608,pattern,2,935.336,8321.273,11083.360,8673664
8,2,branch,whole,signed,false,8388608,pattern,2,19422.154,12499.865,33880.052,8673664
8,2,branch,stream-content,signed,false,8388608,pattern,2,18039.220,4810.523,23148.338,8673664
8,2,branch,range,plain,true,8388608,pattern,2,234.374,777.973,1023.538,312704
8,2,branch,stream,signed,true,8388608,pattern,2,7671.392,2980.121,10676.313,322944
8,2,branch,stream-content,encrypted-signed,false,8388608,pattern,2,937.966,14019.811,16941.111,8673664
8,2,branch,stream,plain,true,8388608,pattern,2,227.274,5277.101,5532.075,312704
8,2,branch,whole,encrypted-signed,true,8388608,pattern,2,981.087,9738.597,10762.035,322944
8,2,branch,stream,signed,false,8388608,pattern,2,14995.177,4631.200,19879.761,8673664
8,2,branch,stream-content,plain,true,8388608,pattern,2,238.154,2948.971,3208.575,312704
8,2,branch,range,plain,false,8388608,pattern,2,187.143,5133.798,5496.384,8659328
8,3,main,stream,encrypted,true,8388608,pattern,1,260.494,7380.317,7684.142,312704
8,3,main,range,encrypted-signed,true,8388608,pattern,1,978.447,1996.835,3004.232,322944
8,3,main,stream-content,signed,true,8388608,pattern,1,7713.532,3042.632,10795.375,322944
8,3,main,stream-content,signed,false,8388608,pattern,1,16774.569,4875.664,23714.868,8673664
8,3,main,stream,plain,true,8388608,pattern,1,243.654,4996.286,5270.811,312704
8,3,main,stream,encrypted-signed,true,8388608,pattern,1,962.397,5000.976,5999.123,322944
8,3,main,stream-content,encrypted-signed,true,8388608,pattern,1,977.287,3018.792,4029.279,322944
8,3,main,range,signed,false,8388608,pattern,1,15150.250,1021.598,18231.523,8673664
8,3,main,stream,plain,false,8388608,pattern,1,185.543,10426.939,12694.348,8659328
8,3,main,stream,signed,true,8388608,pattern,1,7762.433,5084.997,12891.051,322944
8,3,main,stream-content,plain,false,8388608,pattern,1,203.623,10699.004,13007.553,8659328
8,3,main,stream-content,encrypted,true,8388608,pattern,1,291.635,3237.056,3563.301,312704
8,3,main,stream-content,plain,true,8388608,pattern,1,226.314,3016.442,3269.866,312704
8,3,main,whole,encrypted-signed,true,8388608,pattern,1,962.216,9518.864,10527.331,322944
8,3,main,whole,encrypted-signed,false,8388608,pattern,1,950.636,26831.931,32261.414,8673664
8,3,main,stream,signed,false,8388608,pattern,1,19459.544,4607.779,26125.679,8673664
8,3,main,range,signed,true,8388608,pattern,1,7916.377,1134.599,9078.216,322944
8,3,main,stream-content,encrypted-signed,false,8388608,pattern,1,926.376,15916.703,20586.964,8673664
8,3,main,range,plain,true,8388608,pattern,1,236.025,2646.475,2905.110,312704
8,3,main,range,plain,false,8388608,pattern,1,169.143,7934.486,9638.835,8659328
8,3,main,stream,encrypted,false,8388608,pattern,1,207.304,15623.018,19543.156,8659328
8,3,main,whole,encrypted,false,8388608,pattern,1,223.614,30409.872,35121.263,8659328
8,3,main,stream,encrypted-signed,false,8388608,pattern,1,963.487,20339.899,25046.371,8673664
8,3,main,whole,plain,true,8388608,pattern,1,236.914,13960.280,14244.115,312704
8,3,main,range,encrypted,true,8388608,pattern,1,260.824,1215.571,1496.296,312704
8,3,main,whole,signed,false,8388608,pattern,1,15128.830,14482.679,33129.709,8673664
8,3,main,stream-content,encrypted,false,8388608,pattern,1,248.565,18838.093,22797.302,8659328
8,3,main,whole,plain,false,8388608,pattern,1,205.984,24250.296,28425.848,8659328
8,3,main,range,encrypted,false,8388608,pattern,1,252.735,14351.496,17943.339,8659328
8,3,main,whole,encrypted,true,8388608,pattern,1,292.035,14828.335,15172.441,312704
8,3,main,whole,signed,true,8388608,pattern,1,7859.965,9394.272,17293.418,322944
8,3,main,range,encrypted-signed,false,8388608,pattern,1,1045.848,10307.027,14552.990,8673664
8,3,main,range,signed,true,8388608,pattern,2,9257.529,1161.530,10446.380,322944
8,3,main,stream,encrypted,false,8388608,pattern,2,197.913,19099.989,23201.099,8659328
8,3,main,stream,encrypted,true,8388608,pattern,2,256.635,7523.559,7823.815,312704
8,3,main,whole,encrypted-signed,false,8388608,pattern,2,961.016,28392.028,33859.932,8673664
8,3,main,whole,plain,true,8388608,pattern,2,255.805,14033.511,14336.597,312704
8,3,main,stream-content,plain,false,8388608,pattern,2,222.933,10231.546,12518.625,8659328
8,3,main,stream,encrypted-signed,false,8388608,pattern,2,937.986,15834.762,20518.922,8673664
8,3,main,stream-content,signed,true,8388608,pattern,2,9222.408,2898.230,12156.899,322944
8,3,main,stream,plain,false,8388608,pattern,2,188.433,13058.714,15282.052,8659328
8,3,main,range,encrypted,true,8388608,pattern,2,235.854,1239.721,1498.746,312704
8,3,main,whole,signed,true,8388608,pattern,2,7779.454,9291.030,17121.055,322944
8,3,main,whole,encrypted,true,8388608,pattern,2,254.345,9305.160,9601.905,312704
8,3,main,stream-content,encrypted-signed,true,8388608,pattern,2,1051.278,3059.083,4145.691,322944
8,3,main,whole,encrypted,false,8388608,pattern,2,211.044,25829.834,30562.705,8659328
8,3,main,stream-content,encrypted,true,8388608,pattern,2,267.585,4457.576,4756.012,312704
8,3,main,stream,encrypted-signed,true,8388608,pattern,2,961.807,6542.412,7544.280,322944
8,3,main,range,encrypted,false,8388608,pattern,2,215.874,11261.693,14719.313,8659328
8,3,main,stream-content,encrypted,false,8388608,pattern,2,239.034,20669.495,24640.823,8659328
8,3,main,whole,plain,false,8388608,pattern,2,207.593,24332.619,28462.899,8659328
8,3,main,range,encrypted-signed,true,8388608,pattern,2,990.407,2695.466,3713.264,322944
8,3,main,range,signed,false,8388608,pattern,2,17914.628,1021.938,20980.151,8673664
8,3,main,range,encrypted-signed,false,8388608,pattern,2,917.306,9616.825,13704.846,8673664
8,3,main,whole,signed,false,8388608,pattern,2,19281.981,14547.240,37477.704,8673664
8,3,main,stream-content,signed,false,8388608,pattern,2,18194.293,4799.543,25065.341,8673664
8,3,main,range,plain,true,8388608,pattern,2,240.184,1250.782,1511.696,312704
8,3,main,stream,signed,true,8388608,pattern,2,7802.514,5014.087,12858.741,322944
8,3,main,stream-content,encrypted-signed,false,8388608,pattern,2,934.066,15954.164,20705.486,8673664
8,3,main,stream,plain,true,8388608,pattern,2,241.025,7411.467,7693.073,312704
8,3,main,whole,encrypted-signed,true,8388608,pattern,2,961.057,12052.927,13072.375,322944
8,3,main,stream,signed,false,8388608,pattern,2,14878.076,4631.249,21568.650,8673664
8,3,main,stream-content,plain,true,8388608,pattern,2,238.234,3093.974,3361.588,312704
8,3,main,range,plain,false,8388608,pattern,2,187.763,5158.628,6881.128,8659328
9,0,branch,stream,plain,false,8388608,pattern,1,208.203,10125.684,10604.892,8659328
9,0,branch,whole,signed,true,8388608,pattern,1,7685.742,7309.496,15035.038,322944
9,0,branch,whole,plain,false,8388608,pattern,1,203.154,18265.903,20385.840,8659328
9,0,branch,whole,encrypted,true,8388608,pattern,1,264.375,10529.991,10837.757,312704
9,0,branch,stream,plain,true,8388608,pattern,1,241.855,3079.062,3345.888,312704
9,0,branch,range,plain,true,8388608,pattern,1,209.784,718.032,939.057,312704
9,0,branch,range,encrypted-signed,true,8388608,pattern,1,965.847,718.182,1695.149,322944
9,0,branch,stream,encrypted,false,8388608,pattern,1,184.734,14068.531,16245.750,8659328
9,0,branch,whole,plain,true,8388608,pattern,1,229.923,11868.504,12141.428,312704
9,0,branch,stream,signed,true,8388608,pattern,1,7872.375,2986.782,10889.507,322944
9,0,branch,whole,signed,false,8388608,pattern,1,15076.319,12511.585,29574.458,8673664
9,0,branch,stream-content,encrypted-signed,true,8388608,pattern,1,1017.998,3073.082,4115.571,322944
9,0,branch,range,signed,false,8388608,pattern,1,18228.203,1023.458,19559.936,8673664
9,0,branch,stream,encrypted-signed,false,8388608,pattern,1,944.196,13932.930,16892.330,8673664
9,0,branch,stream-content,plain,false,8388608,pattern,1,200.394,14908.276,15448.356,8659328
9,0,branch,range,encrypted,false,8388608,pattern,1,297.985,9101.486,11237.003,8659328
9,0,branch,whole,encrypted,false,8388608,pattern,1,231.694,24869.748,27591.435,8659328
9,0,branch,range,encrypted,true,8388608,pattern,1,260.045,2272.739,2551.994,312704
9,0,branch,range,plain,false,8388608,pattern,1,164.302,8355.364,8765.610,8659328
9,0,branch,stream-content,plain,true,8388608,pattern,1,229.164,3086.113,3341.518,312704
9,0,branch,stream,encrypted-signed,true,8388608,pattern,1,998.377,3141.634,4167.662,322944
9,0,branch,stream-content,encrypted,true,8388608,pattern,1,233.544,2928.240,3180.765,312704
9,0,branch,stream-content,signed,false,8388608,pattern,1,15476.496,5198.559,21044.741,8673664
9,0,branch,stream-content,encrypted-signed,false,8388608,pattern,1,1025.048,14464.548,17519.751,8673664
9,0,branch,stream,encrypted,true,8388608,pattern,1,261.224,5671.488,5973.623,312704
9,0,branch,stream-content,encrypted,false,8388608,pattern,1,266.215,16517.553,18797.693,8659328
9,0,branch,range,signed,true,8388608,pattern,1,9326.620,671.862,10021.802,322944
9,0,branch,range,encrypted-signed,false,8388608,pattern,1,924.386,11331.474,14035.931,8673664
9,0,branch,whole,encrypted-signed,false,8388608,pattern,1,969.446,24937.919,28407.228,8673664
9,0,branch,stream,signed,false,8388608,pattern,1,19539.055,4618.530,24412.799,8673664
9,0,branch,stream-content,signed,true,8388608,pattern,1,7810.594,2906.080,10747.255,322944
9,0,branch,whole,encrypted-signed,true,8388608,pattern,1,978.827,7644.042,8658.369,322944
9,0,branch,stream-content,plain,false,8388608,pattern,2,200.403,10457.240,10985.639,8659328
9,0,branch,stream-content,encrypted,true,8388608,pattern,2,245.515,2931.160,3197.275,312704
9,0,branch,stream,encrypted,true,8388608,pattern,2,204.343,2902.600,3129.183,312704
9,0,branch,whole,signed,true,8388608,pattern,2,7668.282,7448.258,15156.901,322944
9,0,branch,stream,plain,true,8388608,pattern,2,239.084,3077.073,3343.068,312704
9,0,branch,stream-content,signed,false,8388608,pattern,2,15147.051,4821.913,20261.539,8673664
9,0,branch,range,encrypted,false,8388608,pattern,2,223.654,8248.832,10329.028,8659328
9,0,branch,whole,encrypted-signed,false,8388608,pattern,2,998.817,24770.676,28235.145,8673664
9,0,branch,whole,plain,false,8388608,pattern,2,216.504,22361.984,24480.551,8659328
9,0,branch,stream-content,encrypted-signed,true,8388608,pattern,2,1013.757,3061.713,4097.620,322944
9,0,branch,stream-content,signed,true,8388608,pattern,2,7820.944,2885.200,10732.204,322944
9,0,branch,range,signed,false,8388608,pattern,2,18140.841,1019.868,19416.783,8673664
9,0,branch,range,encrypted-signed,false,8388608,pattern,2,941.606,8257.002,11009.139,8673664
9,0,branch,whole,signed,false,8388608,pattern,2,19448.794,12565.936,33910.083,8673664
9,0,branch,range,signed,true,8388608,pattern,2,7878.105,668.881,8564.457,322944
9,0,branch,whole,plain,true,8388608,pattern,2,196.613,10675.554,10917.568,312704
9,0,branch,whole,encrypted,true,8388608,pattern,2,248.945,7366.096,7653.762,312704
9,0,branch,range,encrypted,true,8388608,pattern,2,245.514,783.684,1040.718,312704
9,0,branch,stream,signed,false,8388608,pattern,2,14997.018,4637.329,19903.672,8673664
9,0,branch,stream,encrypted-signed,true,8388608,pattern,2,996.827,3074.623,4101.770,322944
9,0,branch,stream,plain,false,8388608,pattern,2,193.083,10084.234,10547.561,8659328
9,0,branch,stream-content,encrypted-signed,false,8388608,pattern,2,1004.937,14066.432,17062.223,8673664
9,0,branch,stream-content,plain,true,8388608,pattern,2,230.054,4383.455,4639.640,312704
9,0,branch,range,plain,false,8388608,pattern,2,230.184,8055.019,8485.666,8659328
9,0,branch,stream,encrypted-signed,false,8388608,pattern,2,952.946,13985.250,16906.300,8673664
9,0,branch,stream-content,encrypted,false,8388608,pattern,2,220.484,18390.256,20611.164,8659328
9,0,branch,whole,encrypted-signed,true,8388608,pattern,2,1000.227,12153.009,13194.597,322944
9,0,branch,stream,encrypted,false,8388608,pattern,2,225.894,13747.217,16011.725,8659328
9,0,branch,whole,encrypted,false,8388608,pattern,2,257.655,25392.936,28209.675,8659328
9,0,branch,range,encrypted-signed,true,8388608,pattern,2,1013.467,2392.351,3424.719,322944
9,0,branch,range,plain,true,8388608,pattern,2,199.334,713.192,923.516,312704
9,0,branch,stream,signed,true,8388608,pattern,2,7691.082,3844.106,11572.188,322944
9,1,main,stream,plain,false,8388608,pattern,1,207.754,10158.154,12422.194,8659328
9,1,main,whole,signed,true,8388608,pattern,1,7862.855,14595.031,22518.447,322944
9,1,main,whole,plain,false,8388608,pattern,1,308.235,21135.094,25430.567,8659328
9,1,main,whole,encrypted,true,8388608,pattern,1,279.675,14636.211,14970.837,312704
9,1,main,stream,plain,true,8388608,pattern,1,285.775,5010.476,5332.452,312704
9,1,main,range,plain,true,8388608,pattern,1,221.264,1206.901,1449.295,312704
9,1,main,range,encrypted-signed,true,8388608,pattern,1,937.956,1217.850,2190.297,322944
9,1,main,stream,encrypted,false,8388608,pattern,1,188.804,15727.600,19676.678,8659328
9,1,main,whole,plain,true,8388608,pattern,1,242.454,13969.780,14270.015,312704
9,1,main,stream,signed,true,8388608,pattern,1,7737.163,4826.373,12601.997,322944
9,1,main,whole,signed,false,8388608,pattern,1,15103.800,14460.368,33134.990,8673664
9,1,main,stream-content,encrypted-signed,true,8388608,pattern,1,991.867,3118.993,4145.031,322944
9,1,main,range,signed,false,8388608,pattern,1,17948.009,1021.527,21029.732,8673664
9,1,main,stream,encrypted-signed,false,8388608,pattern,1,1006.428,15902.733,20638.595,8673664
9,1,main,stream-content,plain,false,8388608,pattern,1,207.593,14680.762,17034.392,8659328
9,1,main,range,encrypted,false,8388608,pattern,1,245.094,10079.323,13513.812,8659328
9,1,main,whole,encrypted,false,8388608,pattern,1,232.394,30000.885,34737.677,8659328
9,1,main,range,encrypted,true,8388608,pattern,1,269.644,2741.447,3036.682,312704
9,1,main,range,plain,false,8388608,pattern,1,170.793,7953.467,9649.516,8659328
9,1,main,stream-content,plain,true,8388608,pattern,1,217.014,3049.473,3302.477,312704
9,1,main,stream,encrypted-signed,true,8388608,pattern,1,960.156,4909.755,5908.471,322944
9,1,main,stream-content,encrypted,true,8388608,pattern,1,232.984,2928.950,3192.485,312704
9,1,main,stream-content,signed,false,8388608,pattern,1,15093.250,4810.322,21961.908,8673664
9,1,main,stream-content,encrypted-signed,false,8388608,pattern,1,948.266,15905.213,20605.604,8673664
9,1,main,stream,encrypted,true,8388608,pattern,1,245.835,8011.137,8297.783,312704
9,1,main,stream-content,encrypted,false,8388608,pattern,1,226.914,17317.687,21359.607,8659328
9,1,main,range,signed,true,8388608,pattern,1,9377.571,1153.150,10567.612,322944
9,1,main,range,encrypted-signed,false,8388608,pattern,1,911.656,12760.939,16827.569,8673664
9,1,main,whole,encrypted-signed,false,8388608,pattern,1,954.246,30286.321,35811.215,8673664
9,1,main,stream,signed,false,8388608,pattern,1,19575.526,4621.150,26241.401,8673664
9,1,main,stream-content,signed,true,8388608,pattern,1,7753.023,2883.370,10674.553,322944
9,1,main,whole,encrypted-signed,true,8388608,pattern,1,944.486,9433.162,10427.179,322944
9,1,main,stream-content,plain,false,8388608,pattern,2,205.163,10177.665,12439.473,8659328
9,1,main,stream-content,encrypted,true,8388608,pattern,2,240.324,2956.571,3225.836,312704
9,1,main,stream,encrypted,true,8388608,pattern,2,219.224,4949.235,5205.260,312704
9,1,main,whole,signed,true,8388608,pattern,2,7725.853,9208.468,16987.682,322944
9,1,main,stream,plain,true,8388608,pattern,2,237.604,4908.194,5177.979,312704
9,1,main,stream-content,signed,false,8388608,pattern,2,14983.097,4815.683,21859.565,8673664
9,1,main,range,encrypted,false,8388608,pattern,2,234.254,9794.938,13212.717,8659328
9,1,main,whole,encrypted-signed,false,8388608,pattern,2,949.186,29941.964,35421.828,8673664
9,1,main,whole,plain,false,8388608,pattern,2,266.445,24420.059,28605.832,8659328
9,1,main,stream-content,encrypted-signed,true,8388608,pattern,2,986.407,4592.359,5618.367,322944
9,1,main,stream-content,signed,true,8388608,pattern,2,7700.612,2778.818,10511.500,322944
9,1,main,range,signed,false,8388608,pattern,2,18122.571,1027.558,21194.854,8673664
9,1,main,range,encrypted-signed,false,8388608,pattern,2,922.255,9683.577,13777.816,8673664
9,1,main,whole,signed,false,8388608,pattern,2,19512.295,14388.357,37447.604,8673664
9,1,main,range,signed,true,8388608,pattern,2,7905.216,1178.500,9116.977,322944
9,1,main,whole,plain,true,8388608,pattern,2,211.564,13255.388,13522.933,312704
9,1,main,whole,encrypted,true,8388608,pattern,2,297.105,10716.134,11083.480,312704
9,1,main,range,encrypted,true,8388608,pattern,2,323.716,1509.056,1884.613,312704
9,1,main,stream,signed,false,8388608,pattern,2,17111.014,4682.290,23976.032,8673664
9,1,main,stream,encrypted-signed,true,8388608,pattern,2,1060.429,5131.408,6240.338,322944
9,1,main,stream,plain,false,8388608,pattern,2,204.314,10118.344,12400.703,8659328
9,1,main,stream-content,encrypted-signed,false,8388608,pattern,2,938.136,15997.045,20680.265,8673664
9,1,main,stream-content,plain,true,8388608,pattern,2,237.284,4475.667,4748.882,312704
9,1,main,range,plain,false,8388608,pattern,2,192.674,8089.559,9885.470,8659328
9,1,main,stream,encrypted-signed,false,8388608,pattern,2,945.746,15666.999,20344.180,8673664
9,1,main,stream-content,encrypted,false,8388608,pattern,2,219.444,20183.287,24108.694,8659328
9,1,main,whole,encrypted-signed,true,8388608,pattern,2,966.687,13871.588,14890.346,322944
9,1,main,stream,encrypted,false,8388608,pattern,2,240.134,15573.958,19538.926,8659328
9,1,main,whole,encrypted,false,8388608,pattern,2,219.533,29805.712,34513.543,8659328
9,1,main,range,encrypted-signed,true,8388608,pattern,2,978.727,2730.727,3738.095,322944
9,1,main,range,plain,true,8388608,pattern,2,201.373,1218.811,1443.485,312704
9,1,main,stream,signed,true,8388608,pattern,2,7891.346,6622.553,14558.800,322944
9,2,main,stream,plain,false,8388608,pattern,1,216.824,10048.632,12317.231,8659328
9,2,main,whole,signed,true,8388608,pattern,1,7766.453,9248.309,17065.633,322944
9,2,main,whole,plain,false,8388608,pattern,1,206.413,20295.769,24432.120,8659328
9,2,main,whole,encrypted,true,8388608,pattern,1,275.975,13902.219,14222.695,312704
9,2,main,stream,plain,true,8388608,pattern,1,241.274,4930.204,5204.449,312704
9,2,main,range,plain,true,8388608,pattern,1,215.484,1196.031,1431.485,312704
9,2,main,range,encrypted-signed,true,8388608,pattern,1,924.236,1205.991,2154.027,322944
9,2,main,stream,encrypted,false,8388608,pattern,1,187.503,15556.567,19500.555,8659328
9,2,main,whole,plain,true,8388608,pattern,1,243.515,13851.058,14144.933,312704
9,2,main,stream,signed,true,8388608,pattern,1,7689.992,4882.404,12615.287,322944
9,2,main,whole,signed,false,8388608,pattern,1,15060.438,14401.968,33088.968,8673664
9,2,main,stream-content,encrypted-signed,true,8388608,pattern,1,986.237,3153.764,4185.142,322944
9,2,main,range,signed,false,8388608,pattern,1,18277.304,1022.968,21368.488,8673664
9,2,main,stream,encrypted-signed,false,8388608,pattern,1,931.246,15772.211,20433.071,8673664
9,2,main,stream-content,plain,false,8388608,pattern,1,206.974,14667.401,16916.941,8659328
9,2,main,range,encrypted,false,8388608,pattern,1,226.204,9674.907,13080.025,8659328
9,2,main,whole,encrypted,false,8388608,pattern,1,229.434,29732.081,34423.401,8659328
9,2,main,range,encrypted,true,8388608,pattern,1,270.545,2735.137,3031.712,312704
9,2,main,range,plain,false,8388608,pattern,1,170.402,7943.117,9644.835,8659328
9,2,main,stream-content,plain,true,8388608,pattern,1,224.514,3056.592,3314.927,312704
9,2,main,stream,encrypted-signed,true,8388608,pattern,1,959.117,4905.384,5904.262,322944
9,2,main,stream-content,encrypted,true,8388608,pattern,1,234.384,2918.781,3186.125,312704
9,2,main,stream-content,signed,false,8388608,pattern,1,15013.958,4797.142,21870.325,8673664
9,2,main,stream-content,encrypted-signed,false,8388608,pattern,1,943.166,15954.935,20644.135,8673664
9,2,main,stream,encrypted,true,8388608,pattern,1,252.734,8075.829,8366.853,312704
9,2,main,stream-content,encrypted,false,8388608,pattern,1,215.364,17469.750,21416.858,8659328
9,2,main,range,signed,true,8388608,pattern,1,9238.478,1138.520,10419.069,322944
9,2,main,range,encrypted-signed,false,8388608,pattern,1,918.316,12739.799,16902.261,8673664
9,2,main,whole,encrypted-signed,false,8388608,pattern,1,961.766,30091.007,35582.551,8673664
9,2,main,stream,signed,false,8388608,pattern,1,19617.057,4655.960,26327.512,8673664
9,2,main,stream-content,signed,true,8388608,pattern,1,7833.914,2915.340,10795.415,322944
9,2,main,whole,encrypted-signed,true,8388608,pattern,1,961.927,10285.906,11290.034,322944
9,2,main,stream-content,plain,false,8388608,pattern,2,202.233,10808.696,13100.365,8659328
9,2,main,stream-content,encrypted,true,8388608,pattern,2,264.894,3119.064,3418.598,312704
9,2,main,stream,encrypted,true,8388608,pattern,2,240.754,5234.630,5510.585,312704
9,2,main,whole,signed,true,8388608,pattern,2,7930.986,9918.011,17893.728,322944
9,2,main,stream,plain,true,8388608,pattern,2,241.154,5160.479,5435.084,312704
9,2,main,stream-content,signed,false,8388608,pattern,2,15555.488,4908.984,22595.429,8673664
9,2,main,range,encrypted,false,8388608,pattern,2,228.174,10011.212,13502.392,8659328
9,2,main,whole,encrypted-signed,false,8388608,pattern,2,966.047,30396.082,35858.856,8673664
9,2,main,whole,plain,false,8388608,pattern,2,224.274,24580.702,28770.844,8659328
9,2,main,stream-content,encrypted-signed,true,8388608,pattern,2,1005.737,4609.589,5655.637,322944
9,2,main,stream-content,signed,true,8388608,pattern,2,7807.154,2846.429,10684.073,322944
9,2,main,range,signed,false,8388608,pattern,2,18675.220,1108.330,22011.058,8673664
9,2,main,range,encrypted-signed,false,8388608,pattern,2,1049.458,10196.385,14471.518,8673664
9,2,main,whole,signed,false,8388608,pattern,2,19647.907,14601.971,37826.710,8673664
9,2,main,range,signed,true,8388608,pattern,2,7872.486,1156.340,9057.266,322944
9,2,main,whole,plain,true,8388608,pattern,2,202.054,12567.186,12823.211,312704
9,2,main,whole,encrypted,true,8388608,pattern,2,259.185,9354.421,9660.636,312704
9,2,main,range,encrypted,true,8388608,pattern,2,250.845,1214.720,1486.636,312704
9,2,main,stream,signed,false,8388608,pattern,2,14937.957,4670.380,21673.222,8673664
9,2,main,stream,encrypted-signed,true,8388608,pattern,2,966.397,5016.206,6023.924,322944
9,2,main,stream,plain,false,8388608,pattern,2,200.194,10072.183,12340.612,8659328
9,2,main,stream-content,encrypted-signed,false,8388608,pattern,2,924.946,16437.572,21293.206,8673664
9,2,main,stream-content,plain,true,8388608,pattern,2,251.125,4627.399,4923.365,312704
9,2,main,range,plain,false,8388608,pattern,2,222.974,8413.814,10232.326,8659328
9,2,main,stream,encrypted-signed,false,8388608,pattern,2,954.647,16198.278,21043.012,8673664
9,2,main,stream-content,encrypted,false,8388608,pattern,2,232.174,21332.456,25529.778,8659328
9,2,main,whole,encrypted-signed,true,8388608,pattern,2,1081.409,14822.454,15948.804,322944
9,2,main,stream,encrypted,false,8388608,pattern,2,227.733,16725.878,20888.828,8659328
9,2,main,whole,encrypted,false,8388608,pattern,2,282.025,31131.435,35902.147,8659328
9,2,main,range,encrypted-signed,true,8388608,pattern,2,993.567,2750.637,3774.015,322944
9,2,main,range,plain,true,8388608,pattern,2,209.454,1182.370,1412.424,312704
9,2,main,stream,signed,true,8388608,pattern,2,7776.453,6583.753,14406.967,322944
9,3,branch,stream,plain,false,8388608,pattern,1,193.903,10473.410,11042.300,8659328
9,3,branch,whole,signed,true,8388608,pattern,1,7976.717,8114.260,16141.928,322944
9,3,branch,whole,plain,false,8388608,pattern,1,218.223,19335.693,21657.952,8659328
9,3,branch,whole,encrypted,true,8388608,pattern,1,252.125,10941.048,11232.733,312704
9,3,branch,stream,plain,true,8388608,pattern,1,221.574,3154.644,3402.409,312704
9,3,branch,range,plain,true,8388608,pattern,1,211.384,708.122,930.346,312704
9,3,branch,range,encrypted-signed,true,8388608,pattern,1,959.306,725.083,1696.079,322944
9,3,branch,stream,encrypted,false,8388608,pattern,1,178.573,14043.062,16240.869,8659328
9,3,branch,whole,plain,true,8388608,pattern,1,221.354,12293.491,12554.726,312704
9,3,branch,stream,signed,true,8388608,pattern,1,7897.206,3338.797,11273.614,322944
9,3,branch,whole,signed,false,8388608,pattern,1,16222.139,12959.882,31327.278,8673664
9,3,branch,stream-content,encrypted-signed,true,8388608,pattern,1,1033.167,3175.095,4247.263,322944
9,3,branch,range,signed,false,8388608,pattern,1,18574.559,1035.417,20105.795,8673664
9,3,branch,stream,encrypted-signed,false,8388608,pattern,1,994.427,14374.247,17411.059,8673664
9,3,branch,stream-content,plain,false,8388608,pattern,1,194.193,15417.625,16010.525,8659328
9,3,branch,range,encrypted,false,8388608,pattern,1,214.014,8595.637,10773.655,8659328
9,3,branch,whole,encrypted,false,8388608,pattern,1,219.464,25368.785,28262.595,8659328
9,3,branch,range,encrypted,true,8388608,pattern,1,248.924,2318.790,2595.145,312704
9,3,branch,range,plain,false,8388608,pattern,1,187.153,8638.449,9068.226,8659328
9,3,branch,stream-content,plain,true,8388608,pattern,1,230.154,3037.192,3295.716,312704
9,3,branch,stream,encrypted-signed,true,8388608,pattern,1,991.077,3054.022,4076.330,322944
9,3,branch,stream-content,encrypted,true,8388608,pattern,1,231.684,2937.371,3193.945,312704
9,3,branch,stream-content,signed,false,8388608,pattern,1,15592.018,4911.824,20851.608,8673664
9,3,branch,stream-content,encrypted-signed,false,8388608,pattern,1,983.477,14433.108,17391.589,8673664
9,3,branch,stream,encrypted,true,8388608,pattern,1,244.845,5584.496,5869.121,312704
9,3,branch,stream-content,encrypted,false,8388608,pattern,1,223.884,16450.823,18643.940,8659328
9,3,branch,range,signed,true,8388608,pattern,1,9330.970,673.422,10032.192,322944
9,3,branch,range,encrypted-signed,false,8388608,pattern,1,943.106,11543.709,14384.267,8673664
9,3,branch,whole,encrypted-signed,false,8388608,pattern,1,990.357,25462.447,28963.327,8673664
9,3,branch,stream,signed,false,8388608,pattern,1,19799.760,4706.701,24850.147,8673664
9,3,branch,stream-content,signed,true,8388608,pattern,1,7868.155,3086.223,10991.478,322944
9,3,branch,whole,encrypted-signed,true,8388608,pattern,1,1057.638,8179.121,9279.560,322944
9,3,branch,stream-content,plain,false,8388608,pattern,2,215.633,11223.573,11911.444,8659328
9,3,branch,stream-content,encrypted,true,8388608,pattern,2,261.274,3142.625,3432.889,312704
9,3,branch,stream,encrypted,true,8388608,pattern,2,238.444,3286.926,3560.241,312704
9,3,branch,whole,signed,true,8388608,pattern,2,8035.398,8194.630,16275.839,322944
9,3,branch,stream,plain,true,8388608,pattern,2,257.714,3559.022,3860.186,312704
9,3,branch,stream-content,signed,false,8388608,pattern,2,16237.729,4969.006,21604.601,8673664
9,3,branch,range,encrypted,false,8388608,pattern,2,228.554,8891.533,11677.601,8659328
9,3,branch,whole,encrypted-signed,false,8388608,pattern,2,1434.274,29041.289,33247.471,8673664
9,3,branch,whole,plain,false,8388608,pattern,2,221.603,24732.025,27044.334,8659328
9,3,branch,stream-content,encrypted-signed,true,8388608,pattern,2,1094.179,3339.847,4467.577,322944
9,3,branch,stream-content,signed,true,8388608,pattern,2,7960.106,3092.164,11091.580,322944
9,3,branch,range,signed,false,8388608,pattern,2,18790.613,1056.238,20291.879,8673664
9,3,branch,range,encrypted-signed,false,8388608,pattern,2,1005.868,8949.053,11962.106,8673664
9,3,branch,whole,signed,false,8388608,pattern,2,20349.390,12858.281,35220.955,8673664
9,3,branch,range,signed,true,8388608,pattern,2,8012.978,697.792,8731.130,322944
9,3,branch,whole,plain,true,8388608,pattern,2,204.874,11006.839,11254.084,312704
9,3,branch,whole,encrypted,true,8388608,pattern,2,265.594,7608.441,7913.156,312704
9,3,branch,range,encrypted,true,8388608,pattern,2,254.975,810.434,1078.179,312704
9,3,branch,stream,signed,false,8388608,pattern,2,15446.225,4899.434,20684.685,8673664
9,3,branch,stream,encrypted-signed,true,8388608,pattern,2,1142.750,3339.657,4553.318,322944
9,3,branch,stream,plain,false,8388608,pattern,2,230.424,10666.313,11205.002,8659328
9,3,branch,stream-content,encrypted-signed,false,8388608,pattern,2,998.747,14629.471,17685.254,8673664
9,3,branch,stream-content,plain,true,8388608,pattern,2,287.295,4618.340,4937.155,312704
9,3,branch,range,plain,false,8388608,pattern,2,187.823,8383.764,8806.661,8659328
9,3,branch,stream,encrypted-signed,false,8388608,pattern,2,1041.358,14892.006,17959.139,8673664
9,3,branch,stream-content,encrypted,false,8388608,pattern,2,223.934,19197.740,21738.404,8659328
9,3,branch,whole,encrypted-signed,true,8388608,pattern,2,1077.798,13393.670,14503.889,322944
9,3,branch,stream,encrypted,false,8388608,pattern,2,223.264,15021.918,17462.460,8659328
9,3,branch,whole,encrypted,false,8388608,pattern,2,262.115,26573.486,29347.134,8659328
9,3,branch,range,encrypted-signed,true,8388608,pattern,2,1037.108,2334.120,3389.878,322944
9,3,branch,range,plain,true,8388608,pattern,2,196.523,741.053,951.146,312704
9,3,branch,stream,signed,true,8388608,pattern,2,7851.445,3878.717,11758.272,322944
10,0,main,stream-content,plain,true,8388608,pattern,1,231.564,4422.736,4695.481,312704
10,0,main,range,encrypted,true,8388608,pattern,1,227.494,1214.641,1462.945,312704
10,0,main,range,encrypted-signed,false,8388608,pattern,1,909.466,12769.939,16809.929,8673664
10,0,main,stream,encrypted,false,8388608,pattern,1,232.674,19171.439,22954.384,8659328
10,0,main,stream,signed,true,8388608,pattern,1,9312.360,6626.813,15983.774,322944
10,0,main,stream-content,encrypted-signed,false,8388608,pattern,1,956.076,17534.022,22273.072,8673664
10,0,main,whole,encrypted-signed,true,8388608,pattern,1,1006.108,16890.840,17966.509,322944
10,0,main,stream,signed,false,8388608,pattern,1,17349.468,4681.380,24113.434,8673664
10,0,main,stream,encrypted,true,8388608,pattern,1,360.696,5284.741,5690.287,312704
10,0,main,range,encrypted-signed,true,8388608,pattern,1,986.317,1259.872,2270.829,322944
10,0,main,range,signed,true,8388608,pattern,1,7775.644,1154.190,8955.464,322944
10,0,main,whole,plain,true,8388608,pattern,1,200.634,9526.333,9772.118,312704
10,0,main,stream-content,encrypted,true,8388608,pattern,1,256.054,2944.491,3229.745,312704
10,0,main,whole,signed,true,8388608,pattern,1,7827.114,9437.022,17318.187,322944
10,0,main,stream,encrypted-signed,true,8388608,pattern,1,974.477,4906.444,5917.162,322944
10,0,main,range,encrypted,false,8388608,pattern,1,209.664,9043.875,12334.392,8659328
10,0,main,whole,encrypted,false,8388608,pattern,1,236.584,29177.771,33832.571,8659328
10,0,main,stream,plain,true,8388608,pattern,1,260.714,7371.797,7673.202,312704
10,0,main,stream,plain,false,8388608,pattern,1,204.744,11545.818,13855.028,8659328
10,0,main,stream-content,encrypted,false,8388608,pattern,1,216.294,15984.394,19750.929,8659328
10,0,main,whole,plain,false,8388608,pattern,1,206.014,23715.627,27662.515,8659328
10,0,main,stream-content,plain,false,8388608,pattern,1,216.694,14029.541,16323.070,8659328
10,0,main,range,signed,false,8388608,pattern,1,15075.649,1027.378,18155.372,8673664
10,0,main,range,plain,false,8388608,pattern,1,182.043,4978.095,6693.085,8659328
10,0,main,stream,encrypted-signed,false,8388608,pattern,1,910.916,16563.634,21275.945,8673664
10,0,main,stream-content,signed,false,8388608,pattern,1,19127.999,4848.663,26062.018,8673664
10,0,main,stream-content,signed,true,8388608,pattern,1,7937.226,2929.090,10912.277,322944
10,0,main,whole,signed,false,8388608,pattern,1,15190.201,14560.090,33491.425,8673664
10,0,main,stream-content,encrypted-signed,true,8388608,pattern,1,986.617,4576.828,5601.906,322944
10,0,main,range,plain,true,8388608,pattern,1,217.803,1186.771,1425.214,312704
10,0,main,whole,encrypted,true,8388608,pattern,1,211.344,12726.149,12990.584,312704
10,0,main,whole,encrypted-signed,false,8388608,pattern,1,958.757,25955.376,31382.359,8673664
10,0,main,whole,encrypted,true,8388608,pattern,2,337.156,14007.721,14396.788,312704
10,0,main,range,signed,true,8388608,pattern,2,7758.884,1141.059,8926.204,322944
10,0,main,whole,signed,false,8388608,pattern,2,15178.731,14458.148,33197.490,8673664
10,0,main,stream-content,encrypted-signed,true,8388608,pattern,2,982.537,3169.314,4187.382,322944
10,0,main,stream,plain,true,8388608,pattern,2,214.134,5835.160,6094.615,312704
10,0,main,range,encrypted,true,8388608,pattern,2,252.434,1261.652,1534.646,312704
10,0,main,range,signed,false,8388608,pattern,2,17311.677,1028.268,20437.331,8673664
10,0,main,stream-content,encrypted,true,8388608,pattern,2,236.634,3025.302,3296.277,312704
10,0,main,range,plain,true,8388608,pattern,2,221.354,1196.461,1438.485,312704
10,0,main,stream,encrypted,false,8388608,pattern,2,188.623,15185.661,18927.535,8659328
10,0,main,stream-content,plain,false,8388608,pattern,2,202.954,14269.585,16564.735,8659328
10,0,main,range,encrypted,false,8388608,pattern,2,238.874,10116.994,13405.010,8659328
10,0,main,range,encrypted-signed,false,8388608,pattern,2,958.996,14316.486,18498.917,8673664
10,0,main,stream,encrypted,true,8388608,pattern,2,267.975,7328.375,7635.721,312704
10,0,main,stream-content,encrypted-signed,false,8388608,pattern,2,933.036,18220.403,22892.723,8673664
10,0,main,stream,signed,true,8388608,pattern,2,9279.769,6546.923,15871.522,322944
10,0,main,stream-content,signed,false,8388608,pattern,2,16623.376,4828.962,23528.584,8673664
10,0,main,range,encrypted-signed,true,8388608,pattern,2,973.377,1282.012,2282.279,322944
10,0,main,stream-content,plain,true,8388608,pattern,2,197.443,2958.471,3181.334,312704
10,0,main,whole,plain,true,8388608,pattern,2,194.153,9452.482,9692.376,312704
10,0,main,range,plain,false,8388608,pattern,2,255.164,5060.167,6861.598,8659328
10,0,main,whole,encrypted,false,8388608,pattern,2,197.323,25185.393,29696.570,8659328
10,0,main,stream,encrypted-signed,true,8388608,pattern,2,982.497,7360.056,8387.224,322944
10,0,main,stream,plain,false,8388608,pattern,2,200.613,11643.270,13909.928,8659328
10,0,main,whole,encrypted-signed,true,8388608,pattern,2,957.997,10347.517,11361.995,322944
10,0,main,stream,encrypted-signed,false,8388608,pattern,2,950.366,15772.011,20441.701,8673664
10,0,main,whole,plain,false,8388608,pattern,2,201.993,24020.773,27973.640,8659328
10,0,main,stream,signed,false,8388608,pattern,2,19802.900,4697.481,26599.527,8673664
10,0,main,stream-content,encrypted,false,8388608,pattern,2,241.154,16851.829,20799.467,8659328
10,0,main,stream-content,signed,true,8388608,pattern,2,9641.335,2925.870,12610.806,322944
10,0,main,whole,encrypted-signed,false,8388608,pattern,2,951.186,29395.905,34934.880,8673664
10,0,main,whole,signed,true,8388608,pattern,2,9400.721,12793.290,22246.492,322944
10,1,branch,stream-content,plain,true,8388608,pattern,1,237.005,4616.009,4888.864,312704
10,1,branch,range,encrypted,true,8388608,pattern,1,238.064,740.453,990.717,312704
10,1,branch,range,encrypted-signed,false,8388608,pattern,1,959.427,12190.399,15166.241,8673664
10,1,branch,stream,encrypted,false,8388608,pattern,1,231.874,18505.747,20757.076,8659328
10,1,branch,stream,signed,true,8388608,pattern,1,9293.270,3812.575,13136.535,322944
10,1,branch,stream-content,encrypted-signed,false,8388608,pattern,1,971.037,16509.823,19513.675,8673664
10,1,branch,whole,encrypted-signed,true,8388608,pattern,1,999.087,12129.728,13168.516,322944
10,1,branch,stream,signed,false,8388608,pattern,1,15226.611,4736.502,20244.938,8673664
10,1,branch,stream,encrypted,true,8388608,pattern,1,251.814,3206.235,3487.560,312704
10,1,branch,range,encrypted-signed,true,8388608,pattern,1,998.998,734.152,1744.391,322944
10,1,branch,range,signed,true,8388608,pattern,1,7804.904,677.521,8495.326,322944
10,1,branch,whole,plain,true,8388608,pattern,1,190.743,7596.451,7823.565,312704
10,1,branch,stream-content,encrypted,true,8388608,pattern,1,245.684,3053.483,3324.177,312704
10,1,branch,whole,signed,true,8388608,pattern,1,7757.373,7724.523,15524.186,322944
10,1,branch,stream,encrypted-signed,true,8388608,pattern,1,1018.947,3232.985,4281.613,322944
10,1,branch,range,encrypted,false,8388608,pattern,1,217.233,8498.176,10638.822,8659328
10,1,branch,whole,encrypted,false,8388608,pattern,1,227.354,25209.663,28040.852,8659328
10,1,branch,stream,plain,true,8388608,pattern,1,251.024,5507.605,5786.819,312704
10,1,branch,stream,plain,false,8388608,pattern,1,200.903,12675.888,13319.238,8659328
10,1,branch,stream-content,encrypted,false,8388608,pattern,1,221.194,14949.037,17432.890,8659328
10,1,branch,whole,plain,false,8388608,pattern,1,218.784,23318.580,25644.281,8659328
10,1,branch,stream-content,plain,false,8388608,pattern,1,210.733,13746.056,14329.596,8659328
10,1,branch,range,signed,false,8388608,pattern,1,15893.473,1033.018,17192.226,8673664
10,1,branch,range,plain,false,8388608,pattern,1,187.973,5133.208,5618.706,8659328
10,1,branch,stream,encrypted-signed,false,8388608,pattern,1,1113.899,15669.079,18837.983,8673664
10,1,branch,stream-content,signed,false,8388608,pattern,1,19854.691,4921.724,25124.241,8673664
10,1,branch,stream-content,signed,true,8388608,pattern,1,8034.928,2973.121,11044.150,322944
10,1,branch,whole,signed,false,8388608,pattern,1,15400.514,12894.752,30291.110,8673664
10,1,branch,stream-content,encrypted-signed,true,8388608,pattern,1,1128.629,3192.665,4344.864,322944
10,1,branch,range,plain,true,8388608,pattern,1,302.415,726.953,1040.598,312704
10,1,branch,whole,encrypted,true,8388608,pattern,1,284.785,11007.159,11342.335,312704
10,1,branch,whole,encrypted-signed,false,8388608,pattern,1,997.687,20908.759,24566.032,8673664
10,1,branch,whole,encrypted,true,8388608,pattern,2,322.506,12670.087,13036.954,312704
10,1,branch,range,signed,true,8388608,pattern,2,7971.767,671.432,8658.229,322944
10,1,branch,whole,signed,false,8388608,pattern,2,15182.941,12701.248,29910.254,8673664
10,1,branch,stream-content,encrypted-signed,true,8388608,pattern,2,1013.717,3136.014,4173.061,322944
10,1,branch,stream,plain,true,8388608,pattern,2,214.004,3852.226,4100.220,312704
10,1,branch,range,encrypted,true,8388608,pattern,2,235.024,724.532,970.337,312704
10,1,branch,range,signed,false,8388608,pattern,2,17468.490,1021.157,18751.572,8673664
10,1,branch,stream-content,encrypted,true,8388608,pattern,2,218.703,3002.632,3246.125,312704
10,1,branch,range,plain,true,8388608,pattern,2,223.694,704.282,938.286,312704
10,1,branch,stream,encrypted,false,8388608,pattern,2,302.286,15086.459,17412.539,8659328
10,1,branch,stream-content,plain,false,8388608,pattern,2,321.516,15696.009,16357.341,8659328
10,1,branch,range,encrypted,false,8388608,pattern,2,210.733,8455.096,10573.471,8659328
10,1,branch,range,encrypted-signed,false,8388608,pattern,2,1101.679,13870.338,16932.201,8673664
10,1,branch,stream,encrypted,true,8388608,pattern,2,259.964,5510.405,5800.969,312704
10,1,branch,stream-content,encrypted-signed,false,8388608,pattern,2,984.257,16781.228,19832.001,8673664
10,1,branch,stream,signed,true,8388608,pattern,2,9372.071,3887.076,13291.148,322944
10,1,branch,stream-content,signed,false,8388608,pattern,2,18247.243,4987.426,23575.194,8673664
10,1,branch,range,encrypted-signed,true,8388608,pattern,2,1091.569,828.894,1933.924,322944
10,1,branch,stream-content,plain,true,8388608,pattern,2,280.725,2973.101,3269.676,312704
10,1,branch,whole,plain,true,8388608,pattern,2,189.314,7659.361,7891.406,312704
10,1,branch,range,plain,false,8388608,pattern,2,330.545,5724.349,6342.239,8659328
10,1,branch,whole,encrypted,false,8388608,pattern,2,329.666,22283.893,25155.752,8659328
10,1,branch,stream,encrypted-signed,true,8388608,pattern,2,1024.628,5573.776,6628.194,322944
10,1,branch,stream,plain,false,8388608,pattern,2,200.733,12734.189,13243.557,8659328
10,1,branch,whole,encrypted-signed,true,8388608,pattern,2,984.467,7678.172,8703.629,322944
10,1,branch,stream,encrypted-signed,false,8388608,pattern,2,1065.968,15327.394,18445.237,8673664
10,1,branch,whole,plain,false,8388608,pattern,2,213.673,23137.688,25401.936,8659328
10,1,branch,stream,signed,false,8388608,pattern,2,19222.960,4743.491,24250.026,8673664
10,1,branch,stream-content,encrypted,false,8388608,pattern,2,358.206,15300.433,17773.185,8659328
10,1,branch,stream-content,signed,true,8388608,pattern,2,10777.615,2945.361,13769.096,322944
10,1,branch,whole,encrypted-signed,false,8388608,pattern,2,1119.349,24732.495,28412.138,8673664
10,1,branch,whole,signed,true,8388608,pattern,2,9784.068,10908.427,20743.686,322944
10,2,branch,stream-content,plain,true,8388608,pattern,1,316.825,4871.564,5229.780,312704
10,2,branch,range,encrypted,true,8388608,pattern,1,264.934,754.733,1032.357,312704
10,2,branch,range,encrypted-signed,false,8388608,pattern,1,980.366,11733.562,14655.021,8673664
10,2,branch,stream,encrypted,false,8388608,pattern,1,248.494,18473.398,20741.636,8659328
10,2,branch,stream,signed,true,8388608,pattern,1,9382.271,3879.197,13293.228,322944
10,2,branch,stream-content,encrypted-signed,false,8388608,pattern,1,975.457,16639.785,19661.288,8673664
10,2,branch,whole,encrypted-signed,true,8388608,pattern,1,1065.659,12324.081,13433.821,322944
10,2,branch,stream,signed,false,8388608,pattern,1,15587.027,4681.651,20539.192,8673664
10,2,branch,stream,encrypted,true,8388608,pattern,1,283.575,3163.824,3474.170,312704
10,2,branch,range,encrypted-signed,true,8388608,pattern,1,999.507,732.042,1743.019,322944
10,2,branch,range,signed,true,8388608,pattern,1,7750.493,722.862,8486.206,322944
10,2,branch,whole,plain,true,8388608,pattern,1,188.733,7585.290,7811.324,312704
10,2,branch,stream-content,encrypted,true,8388608,pattern,1,256.574,3204.475,3485.730,312704
10,2,branch,whole,signed,true,8388608,pattern,1,7838.715,7656.311,15540.397,322944
10,2,branch,stream,encrypted-signed,true,8388608,pattern,1,1009.657,3144.164,4182.242,322944
10,2,branch,range,encrypted,false,8388608,pattern,1,271.465,8716.549,10907.857,8659328
10,2,branch,whole,encrypted,false,8388608,pattern,1,231.284,26251.141,29122.180,8659328
10,2,branch,stream,plain,true,8388608,pattern,1,253.694,5496.255,5780.519,312704
10,2,branch,stream,plain,false,8388608,pattern,1,323.305,13709.956,14423.037,8659328
10,2,branch,stream-content,encrypted,false,8388608,pattern,1,217.444,14610.741,16891.410,8659328
10,2,branch,whole,plain,false,8388608,pattern,1,217.134,23199.418,25374.606,8659328
10,2,branch,stream-content,plain,false,8388608,pattern,1,225.894,13656.054,14230.004,8659328
10,2,branch,range,signed,false,8388608,pattern,1,15940.863,1040.638,17223.965,8673664
10,2,branch,range,plain,false,8388608,pattern,1,185.503,5005.696,5356.702,8659328
10,2,branch,stream,encrypted-signed,false,8388608,pattern,1,1056.938,15350.913,18424.186,8673664
10,2,branch,stream-content,signed,false,8388608,pattern,1,19671.867,5027.067,25038.790,8673664
10,2,branch,stream-content,signed,true,8388608,pattern,1,7979.297,2976.601,10981.309,322944
10,2,branch,whole,signed,false,8388608,pattern,1,15317.002,12834.861,30197.978,8673664
10,2,branch,stream-content,encrypted-signed,true,8388608,pattern,1,1109.969,3173.774,4308.394,322944
10,2,branch,range,plain,true,8388608,pattern,1,291.005,724.553,1025.988,312704
10,2,branch,whole,encrypted,true,8388608,pattern,1,272.905,10854.596,11172.372,312704
10,2,branch,whole,encrypted-signed,false,8388608,pattern,1,1092.339,21372.097,25032.620,8673664
10,2,branch,whole,encrypted,true,8388608,pattern,2,261.894,12381.713,12687.647,312704
10,2,branch,range,signed,true,8388608,pattern,2,7947.587,676.531,8637.869,322944
10,2,branch,whole,signed,false,8388608,pattern,2,15607.258,12808.030,30430.062,8673664
10,2,branch,stream-content,encrypted-signed,true,8388608,pattern,2,1088.779,3215.005,4326.875,322944
10,2,branch,stream,plain,true,8388608,pattern,2,208.784,3795.715,4030.219,312704
10,2,branch,range,encrypted,true,8388608,pattern,2,222.504,720.272,953.306,312704
10,2,branch,range,signed,false,8388608,pattern,2,17538.921,1032.508,18823.563,8673664
10,2,branch,stream-content,encrypted,true,8388608,pattern,2,218.923,3006.462,3249.445,312704
10,2,branch,range,plain,true,8388608,pattern,2,219.154,717.312,946.806,312704
10,2,branch,stream,encrypted,false,8388608,pattern,2,299.375,15274.682,17620.292,8659328
10,2,branch,stream-content,plain,false,8388608,pattern,2,316.785,15750.301,16420.532,8659328
10,2,branch,range,encrypted,false,8388608,pattern,2,208.753,8434.685,10533.291,8659328
10,2,branch,range,encrypted-signed,false,8388608,pattern,2,1111.229,13793.217,16795.159,8673664
10,2,branch,stream,encrypted,true,8388608,pattern,2,284.055,5472.354,5785.229,312704
10,2,branch,stream-content,encrypted-signed,false,8388608,pattern,2,970.066,16772.758,19840.840,8673664
10,2,branch,stream,signed,true,8388608,pattern,2,9442.682,3897.577,13373.650,322944
10,2,branch,stream-content,signed,false,8388608,pattern,2,18222.703,4910.575,23457.373,8673664
10,2,branch,range,encrypted-signed,true,8388608,pattern,2,1102.459,789.883,1904.603,322944
10,2,branch,stream-content,plain,true,8388608,pattern,2,219.684,3024.022,3260.756,312704
10,2,branch,whole,plain,true,8388608,pattern,2,224.324,7601.950,7866.285,312704
10,2,branch,range,plain,false,8388608,pattern,2,279.804,5370.723,5829.930,8659328
10,2,branch,whole,encrypted,false,8388608,pattern,2,241.134,20934.430,23671.617,8659328
10,2,branch,stream,encrypted-signed,true,8388608,pattern,2,1028.028,5405.073,6461.621,322944
10,2,branch,stream,plain,false,8388608,pattern,2,179.453,12261.011,12722.538,8659328
10,2,branch,whole,encrypted-signed,true,8388608,pattern,2,988.627,7531.729,8560.357,322944
10,2,branch,stream,encrypted-signed,false,8388608,pattern,2,1010.437,14001.471,17012.042,8673664
10,2,branch,whole,plain,false,8388608,pattern,2,189.823,22617.758,24752.295,8659328
10,2,branch,stream,signed,false,8388608,pattern,2,18365.085,4659.520,23289.249,8673664
10,2,branch,stream-content,encrypted,false,8388608,pattern,2,224.614,14083.302,16316.520,8659328
10,2,branch,stream-content,signed,true,8388608,pattern,2,9327.190,2970.231,12338.282,322944
10,2,branch,whole,encrypted-signed,false,8388608,pattern,2,970.366,23390.042,26855.631,8673664
10,2,branch,whole,signed,true,8388608,pattern,2,9341.080,10603.252,19991.943,322944
10,3,main,stream-content,plain,true,8388608,pattern,1,317.706,4896.374,5258.491,312704
10,3,main,range,encrypted,true,8388608,pattern,1,229.634,1230.351,1481.326,312704
10,3,main,range,encrypted-signed,false,8388608,pattern,1,911.956,13369.879,17556.891,8673664
10,3,main,stream,encrypted,false,8388608,pattern,1,263.015,19997.283,23881.810,8659328
10,3,main,stream,signed,true,8388608,pattern,1,9423.362,6661.014,16134.997,322944
10,3,main,stream-content,encrypted-signed,false,8388608,pattern,1,976.456,17924.208,22671.189,8673664
10,3,main,whole,encrypted-signed,true,8388608,pattern,1,1003.217,14049.021,15105.469,322944
10,3,main,stream,signed,false,8388608,pattern,1,15693.339,4699.791,22515.306,8673664
10,3,main,stream,encrypted,true,8388608,pattern,1,264.114,5388.823,5696.968,312704
10,3,main,range,encrypted-signed,true,8388608,pattern,1,982.607,1290.963,2298.900,322944
10,3,main,range,signed,true,8388608,pattern,1,7800.674,1243.702,9080.396,322944
10,3,main,whole,plain,true,8388608,pattern,1,213.423,9861.730,10115.863,312704
10,3,main,stream-content,encrypted,true,8388608,pattern,1,245.464,3144.184,3428.419,312704
10,3,main,whole,signed,true,8388608,pattern,1,7828.925,9840.029,17721.585,322944
10,3,main,stream,encrypted-signed,true,8388608,pattern,1,1002.077,5082.517,6124.135,322944
10,3,main,range,encrypted,false,8388608,pattern,1,208.394,9082.976,12275.181,8659328
10,3,main,whole,encrypted,false,8388608,pattern,1,222.644,29149.950,33734.659,8659328
10,3,main,stream,plain,true,8388608,pattern,1,258.424,7423.018,7721.422,312704
10,3,main,stream,plain,false,8388608,pattern,1,196.243,11582.309,13836.197,8659328
10,3,main,stream-content,encrypted,false,8388608,pattern,1,208.284,16095.966,20020.524,8659328
10,3,main,whole,plain,false,8388608,pattern,1,198.404,24333.298,28362.197,8659328
10,3,main,stream-content,plain,false,8388608,pattern,1,213.704,15132.730,17458.620,8659328
10,3,main,range,signed,false,8388608,pattern,1,15224.871,1036.388,18333.474,8673664
10,3,main,range,plain,false,8388608,pattern,1,234.264,5755.109,7594.801,8659328
10,3,main,stream,encrypted-signed,false,8388608,pattern,1,976.327,16826.629,21565.311,8673664
10,3,main,stream-content,signed,false,8388608,pattern,1,18712.222,4879.853,25676.171,8673664
10,3,main,stream-content,signed,true,8388608,pattern,1,7901.766,2935.870,10875.837,322944
10,3,main,whole,signed,false,8388608,pattern,1,15146.340,14505.569,33381.893,8673664
10,3,main,stream-content,encrypted-signed,true,8388608,pattern,1,1002.267,4597.109,5637.597,322944
10,3,main,range,plain,true,8388608,pattern,1,222.204,1185.271,1427.925,312704
10,3,main,whole,encrypted,true,8388608,pattern,1,207.604,12520.275,12775.390,312704
10,3,main,whole,encrypted-signed,false,8388608,pattern,1,962.417,25935.965,31469.981,8673664
10,3,main,whole,encrypted,true,8388608,pattern,2,268.515,14112.042,14429.648,312704
10,3,main,range,signed,true,8388608,pattern,2,7753.803,1141.509,8920.553,322944
10,3,main,whole,signed,false,8388608,pattern,2,15099.070,14792.574,33559.546,8673664
10,3,main,stream-content,encrypted-signed,true,8388608,pattern,2,1035.398,3132.464,4205.062,322944
10,3,main,stream,plain,true,8388608,pattern,2,218.704,5917.542,6178.056,312704
10,3,main,range,encrypted,true,8388608,pattern,2,247.144,1266.962,1535.406,312704
10,3,main,range,signed,false,8388608,pattern,2,17336.068,1028.508,20421.681,8673664
10,3,main,stream-content,encrypted,true,8388608,pattern,2,226.904,3041.782,3301.586,312704
10,3,main,range,plain,true,8388608,pattern,2,217.984,1197.780,1435.865,312704
10,3,main,stream,encrypted,false,8388608,pattern,2,181.013,15243.262,18945.715,8659328
10,3,main,stream-content,plain,false,8388608,pattern,2,194.433,13938.170,16255.229,8659328
10,3,main,range,encrypted,false,8388608,pattern,2,225.904,9695.916,12893.381,8659328
10,3,main,range,encrypted-signed,false,8388608,pattern,2,951.376,13999.951,18159.982,8673664
10,3,main,stream,encrypted,true,8388608,pattern,2,289.535,7442.288,7775.644,312704
10,3,main,stream-content,encrypted-signed,false,8388608,pattern,2,971.046,18344.315,23191.338,8673664
10,3,main,stream,signed,true,8388608,pattern,2,9573.064,6799.947,16424.982,322944
10,3,main,stream-content,signed,false,8388608,pattern,2,17483.720,4903.435,24478.171,8673664
10,3,main,range,encrypted-signed,true,8388608,pattern,2,1005.077,1362.143,2394.661,322944
10,3,main,stream-content,plain,true,8388608,pattern,2,199.013,3021.352,3252.976,312704
10,3,main,whole,plain,true,8388608,pattern,2,215.964,10030.582,10294.697,312704
10,3,main,range,plain,false,8388608,pattern,2,205.203,5234.690,7011.060,8659328
10,3,main,whole,encrypted,false,8388608,pattern,2,210.343,26602.557,31163.505,8659328
10,3,main,stream,encrypted-signed,true,8388608,pattern,2,1023.008,7443.508,8512.217,322944
10,3,main,stream,plain,false,8388608,pattern,2,196.063,11836.064,14144.253,8659328
10,3,main,whole,encrypted-signed,true,8388608,pattern,2,981.457,10335.597,11374.595,322944
10,3,main,stream,encrypted-signed,false,8388608,pattern,2,967.506,15813.002,20525.542,8673664
10,3,main,whole,plain,false,8388608,pattern,2,197.963,23808.629,27804.457,8659328
10,3,main,stream,signed,false,8388608,pattern,2,19531.995,4646.360,26258.441,8673664
10,3,main,stream-content,encrypted,false,8388608,pattern,2,227.794,15182.051,19013.897,8659328
10,3,main,stream-content,signed,true,8388608,pattern,2,9422.822,3168.135,12633.557,322944
10,3,main,whole,encrypted-signed,false,8388608,pattern,2,992.687,29100.380,34827.738,8673664
10,3,main,whole,signed,true,8388608,pattern,2,9659.316,12715.258,22429.345,322944
11,0,branch,range,signed,false,8388608,pattern,1,18355.505,1074.458,19728.068,8673664
11,0,branch,stream,encrypted-signed,true,8388608,pattern,1,1003.297,3172.335,4204.462,322944
11,0,branch,range,encrypted,false,8388608,pattern,1,205.143,8549.807,10617.832,8659328
11,0,branch,stream-content,plain,false,8388608,pattern,1,212.014,14774.603,15421.745,8659328
11,0,branch,range,plain,true,8388608,pattern,1,285.824,945.987,1249.441,312704
11,0,branch,stream-content,encrypted,false,8388608,pattern,1,225.534,16960.791,20551.503,8659328
11,0,branch,stream,encrypted-signed,false,8388608,pattern,1,1452.285,22534.787,26736.379,8673664
11,0,branch,whole,encrypted,false,8388608,pattern,1,278.095,32554.899,36078.349,8659328
11,0,branch,stream,signed,false,8388608,pattern,1,22681.520,4912.634,27983.551,8673664
11,0,branch,stream-content,plain,true,8388608,pattern,1,314.495,3738.024,4086.810,312704
11,0,branch,stream-content,encrypted,true,8388608,pattern,1,376.276,3352.447,3753.594,312704
11,0,branch,stream,encrypted,false,8388608,pattern,1,290.935,15838.751,18831.543,8659328
11,0,branch,stream-content,encrypted-signed,true,8388608,pattern,1,1495.465,5815.290,7353.526,322944
11,0,branch,whole,signed,true,8388608,pattern,1,9064.015,10876.997,19989.163,322944
11,0,branch,stream-content,signed,false,8388608,pattern,1,15772.940,5058.557,21308.405,8673664
11,0,branch,stream,signed,true,8388608,pattern,1,8138.770,3135.314,11308.334,322944
11,0,branch,range,encrypted-signed,true,8388608,pattern,1,1010.377,724.513,1745.930,322944
11,0,branch,range,encrypted-signed,false,8388608,pattern,1,984.187,8879.923,11962.596,8673664
11,0,branch,range,plain,false,8388608,pattern,1,322.066,11156.991,11778.963,8659328
11,0,branch,whole,encrypted-signed,true,8388608,pattern,1,1053.618,8310.503,9401.492,322944
11,0,branch,stream-content,encrypted-signed,false,8388608,pattern,1,992.787,14822.734,17841.076,8673664
11,0,branch,range,signed,true,8388608,pattern,1,9373.391,684.031,10076.883,322944
11,0,branch,stream,plain,false,8388608,pattern,1,164.643,13421.400,13885.758,8659328
11,0,branch,stream-content,signed,true,8388608,pattern,1,7848.025,2877.069,10748.185,322944
11,0,branch,whole,encrypted-signed,false,8388608,pattern,1,933.136,20948.710,24399.569,8673664
11,0,branch,whole,encrypted,true,8388608,pattern,1,268.444,12188.579,12498.704,312704
11,0,branch,stream,encrypted,true,8388608,pattern,1,266.505,3101.713,3393.258,312704
11,0,branch,whole,plain,true,8388608,pattern,1,213.493,7397.467,7645.781,312704
11,0,branch,range,encrypted,true,8388608,pattern,1,249.064,771.523,1032.597,312704
11,0,branch,stream,plain,true,8388608,pattern,1,281.805,3085.043,3388.458,312704
11,0,branch,whole,signed,false,8388608,pattern,1,15100.509,12985.873,30060.076,8673664
11,0,branch,whole,plain,false,8388608,pattern,1,216.603,21206.244,23377.801,8659328
11,0,branch,range,plain,false,8388608,pattern,2,214.593,8075.359,8493.646,8659328
11,0,branch,stream-content,plain,false,8388608,pattern,2,178.153,10661.293,11232.423,8659328
11,0,branch,stream,encrypted,false,8388608,pattern,2,241.704,14223.674,16469.562,8659328
11,0,branch,stream-content,encrypted-signed,false,8388608,pattern,2,980.837,18841.353,21827.905,8673664
11,0,branch,range,plain,true,8388608,pattern,2,227.154,2216.428,2459.423,312704
11,0,branch,stream,encrypted-signed,false,8388608,pattern,2,938.456,19508.905,23462.203,8673664
11,0,branch,stream,plain,true,8388608,pattern,2,327.725,8089.039,8470.715,312704
11,0,branch,whole,encrypted-signed,false,8388608,pattern,2,1590.017,32984.177,37372.821,8673664
11,0,branch,stream-content,signed,true,8388608,pattern,2,9645.146,3017.082,12695.578,322944
11,0,branch,range,encrypted,true,8388608,pattern,2,363.306,744.993,1120.519,312704
11,0,branch,stream,encrypted,true,8388608,pattern,2,185.733,3878.906,4087.500,312704
11,0,branch,stream,signed,true,8388608,pattern,2,7880.886,2926.690,10829.366,322944
11,0,branch,range,encrypted,false,8388608,pattern,2,309.545,11246.633,13396.290,8659328
11,0,branch,whole,encrypted,true,8388608,pattern,2,244.284,12214.809,12496.284,312704
11,0,branch,range,encrypted-signed,true,8388608,pattern,2,1086.438,781.534,1880.102,322944
11,0,branch,whole,encrypted-signed,true,8388608,pattern,2,914.235,7563.510,8509.496,322944
11,0,branch,stream-content,encrypted,false,8388608,pattern,2,215.854,14686.372,17020.472,8659328
11,0,branch,whole,signed,false,8388608,pattern,2,21114.392,12803.050,35901.626,8673664
11,0,branch,stream,plain,false,8388608,pattern,2,339.586,14501.789,15264.482,8659328
11,0,branch,stream-content,signed,false,8388608,pattern,2,15362.353,4887.414,20539.202,8673664
11,0,branch,stream-content,plain,true,8388608,pattern,2,322.926,3111.003,3455.059,312704
11,0,branch,whole,signed,true,8388608,pattern,2,7850.995,7597.930,15527.517,322944
11,0,branch,whole,encrypted,false,8388608,pattern,2,228.584,20504.972,23287.580,8659328
11,0,branch,range,encrypted-signed,false,8388608,pattern,2,1080.269,12822.780,15744.010,8673664
11,0,branch,stream-content,encrypted,true,8388608,pattern,2,246.534,4591.519,4866.263,312704
11,0,branch,stream,encrypted-signed,true,8388608,pattern,2,970.487,3906.797,4904.174,322944
11,0,branch,stream,signed,false,8388608,pattern,2,17278.246,4747.822,22299.343,8673664
11,0,branch,range,signed,false,8388608,pattern,2,15134.970,1027.228,16408.292,8673664
11,0,branch,whole,plain,false,8388608,pattern,2,175.064,18190.662,20288.779,8659328
11,0,branch,whole,plain,true,8388608,pattern,2,244.335,10711.714,10998.419,312704
11,0,branch,range,signed,true,8388608,pattern,2,7982.897,674.002,8671.109,322944
11,0,branch,stream-content,encrypted-signed,true,8388608,pattern,2,944.286,2966.311,3928.628,322944
11,1,main,range,signed,false,8388608,pattern,1,18158.172,1030.027,21263.175,8673664
11,1,main,stream,encrypted-signed,true,8388608,pattern,1,971.337,5136.748,6148.455,322944
11,1,main,range,encrypted,false,8388608,pattern,1,222.934,10003.312,13483.271,8659328
11,1,main,stream-content,plain,false,8388608,pattern,1,213.444,15091.719,17384.769,8659328
11,1,main,range,plain,true,8388608,pattern,1,244.615,1270.011,1536.827,312704
11,1,main,stream-content,encrypted,false,8388608,pattern,1,183.173,16086.286,20046.404,8659328
11,1,main,stream,encrypted-signed,false,8388608,pattern,1,964.826,20341.650,25051.830,8673664
11,1,main,whole,encrypted,false,8388608,pattern,1,231.794,30571.854,35316.806,8659328
11,1,main,stream,signed,false,8388608,pattern,1,19901.201,4727.331,26736.878,8673664
11,1,main,stream-content,plain,true,8388608,pattern,1,247.325,3149.074,3430.529,312704
11,1,main,stream-content,encrypted,true,8388608,pattern,1,251.874,3086.283,3370.878,312704
11,1,main,stream,encrypted,false,8388608,pattern,1,216.144,16335.560,20443.401,8659328
11,1,main,stream-content,encrypted-signed,true,8388608,pattern,1,1080.038,4922.505,6046.344,322944
11,1,main,whole,signed,true,8388608,pattern,1,8156.240,13111.575,21327.236,322944
11,1,main,stream-content,signed,false,8388608,pattern,1,16386.611,4999.626,23507.693,8673664
11,1,main,stream,signed,true,8388608,pattern,1,8051.968,5111.188,13209.767,322944
11,1,main,range,encrypted-signed,true,8388608,pattern,1,981.766,1309.933,2317.249,322944
11,1,main,range,encrypted-signed,false,8388608,pattern,1,909.945,10027.922,14336.296,8673664
11,1,main,range,plain,false,8388608,pattern,1,221.624,10840.596,13065.535,8659328
11,1,main,whole,encrypted-signed,true,8388608,pattern,1,1025.088,9958.361,11034.930,322944
11,1,main,stream-content,encrypted-signed,false,8388608,pattern,1,960.197,16088.916,21506.059,8673664
11,1,main,range,signed,true,8388608,pattern,1,9468.682,1160.890,10664.043,322944
11,1,main,stream,plain,false,8388608,pattern,1,176.633,13334.949,15599.738,8659328
11,1,main,stream-content,signed,true,8388608,pattern,1,7894.235,2951.021,10886.467,322944
11,1,main,whole,encrypted-signed,false,8388608,pattern,1,938.246,27236.558,32780.053,8673664
11,1,main,whole,encrypted,true,8388608,pattern,1,265.674,14589.991,14908.716,312704
11,1,main,stream,encrypted,true,8388608,pattern,1,240.425,5226.149,5512.525,312704
11,1,main,whole,plain,true,8388608,pattern,1,233.334,9970.351,10251.786,312704
11,1,main,range,encrypted,true,8388608,pattern,1,269.365,1235.021,1533.077,312704
11,1,main,stream,plain,true,8388608,pattern,1,190.013,5088.638,5320.261,312704
11,1,main,whole,signed,false,8388608,pattern,1,15481.076,14657.391,33778.260,8673664
11,1,main,whole,plain,false,8388608,pattern,1,225.013,23384.092,27643.074,8659328
11,1,main,range,plain,false,8388608,pattern,2,218.384,9548.493,11395.645,8659328
11,1,main,stream-content,plain,false,8388608,pattern,2,203.264,10707.023,13011.333,8659328
11,1,main,stream,encrypted,false,8388608,pattern,2,226.984,15948.614,20042.714,8659328
11,1,main,stream-content,encrypted-signed,false,8388608,pattern,2,1000.647,20780.787,25603.719,8673664
11,1,main,range,plain,true,8388608,pattern,2,243.284,2746.647,3018.032,312704
11,1,main,stream,encrypted-signed,false,8388608,pattern,2,927.456,19044.957,23791.179,8673664
11,1,main,stream,plain,true,8388608,pattern,2,229.744,8278.002,8556.046,312704
11,1,main,whole,encrypted-signed,false,8388608,pattern,2,991.597,28037.921,33711.369,8673664
11,1,main,stream-content,signed,true,8388608,pattern,2,9534.953,2946.641,12536.395,322944
11,1,main,range,encrypted,true,8388608,pattern,2,251.604,1238.341,1513.426,312704
11,1,main,stream,encrypted,true,8388608,pattern,2,204.264,7060.131,7308.145,312704
11,1,main,stream,signed,true,8388608,pattern,2,7901.846,5078.347,13032.734,322944
11,1,main,range,encrypted,false,8388608,pattern,2,226.574,12035.517,15644.549,8659328
11,1,main,whole,encrypted,true,8388608,pattern,2,274.544,15217.321,15557.007,312704
11,1,main,range,encrypted-signed,true,8388608,pattern,2,1106.329,1338.853,2474.063,322944
11,1,main,whole,encrypted-signed,true,8388608,pattern,2,928.855,10293.427,11285.453,322944
11,1,main,stream-content,encrypted,false,8388608,pattern,2,233.834,16539.924,20676.815,8659328
11,1,main,whole,signed,false,8388608,pattern,2,20349.019,15165.400,39178.962,8673664
11,1,main,stream,plain,false,8388608,pattern,2,218.154,13666.714,16041.735,8659328
11,1,main,stream-content,signed,false,8388608,pattern,2,16005.234,5014.507,23159.577,8673664
11,1,main,stream-content,plain,true,8388608,pattern,2,270.025,3252.356,3558.361,312704
11,1,main,whole,signed,true,8388608,pattern,2,8199.751,10250.615,18510.447,322944
11,1,main,whole,encrypted,false,8388608,pattern,2,235.254,27324.789,32193.243,8659328
11,1,main,range,encrypted-signed,false,8388608,pattern,2,982.747,14794.614,19085.528,8673664
11,1,main,stream-content,encrypted,true,8388608,pattern,2,277.444,4829.323,5148.898,312704
11,1,main,stream,encrypted-signed,true,8388608,pattern,2,977.967,7065.111,8089.239,322944
11,1,main,stream,signed,false,8388608,pattern,2,18974.446,5322.241,26554.356,8673664
11,1,main,range,signed,false,8388608,pattern,2,16752.498,1060.988,20180.276,8673664
11,1,main,whole,plain,false,8388608,pattern,2,249.395,21378.936,25694.281,8659328
11,1,main,whole,plain,true,8388608,pattern,2,256.824,14701.853,15001.527,312704
11,1,main,range,signed,true,8388608,pattern,2,8022.788,1157.340,9219.708,322944
11,1,main,stream-content,encrypted-signed,true,8388608,pattern,2,956.396,3078.573,4075.240,322944
11,2,main,range,signed,false,8388608,pattern,1,21407.917,1060.268,24891.117,8673664
11,2,main,stream,encrypted-signed,true,8388608,pattern,1,1161.330,6002.623,7216.324,322944
11,2,main,range,encrypted,false,8388608,pattern,1,410.397,12747.379,16863.929,8659328
11,2,main,stream-content,plain,false,8388608,pattern,1,277.055,17540.831,20239.948,8659328
11,2,main,range,plain,true,8388608,pattern,1,296.275,1458.205,1790.570,312704
11,2,main,stream-content,encrypted,false,8388608,pattern,1,226.174,18020.749,22116.039,8659328
11,2,main,stream,encrypted-signed,false,8388608,pattern,1,1088.619,22176.840,27166.656,8673664
11,2,main,whole,encrypted,false,8388608,pattern,1,249.124,31149.065,35928.707,8659328
11,2,main,stream,signed,false,8388608,pattern,1,21136.593,4897.854,28179.074,8673664
11,2,main,stream-content,plain,true,8388608,pattern,1,304.385,3247.065,3599.531,312704
11,2,main,stream-content,encrypted,true,8388608,pattern,1,375.407,3709.243,4135.121,312704
11,2,main,stream,encrypted,false,8388608,pattern,1,291.685,17370.658,21667.232,8659328
11,2,main,stream-content,encrypted-signed,true,8388608,pattern,1,1287.122,5006.116,6342.849,322944
11,2,main,whole,signed,true,8388608,pattern,1,8089.079,13880.148,22044.518,322944
11,2,main,stream-content,signed,false,8388608,pattern,1,17177.485,5014.446,24320.957,8673664
11,2,main,stream,signed,true,8388608,pattern,1,8043.568,5236.280,13340.239,322944
11,2,main,range,encrypted-signed,true,8388608,pattern,1,1000.497,1324.923,2353.420,322944
11,2,main,range,encrypted-signed,false,8388608,pattern,1,979.927,10425.809,14708.912,8673664
11,2,main,range,plain,false,8388608,pattern,1,338.026,10246.426,12162.219,8659328
11,2,main,whole,encrypted-signed,true,8388608,pattern,1,1011.627,9988.972,11051.959,322944
11,2,main,stream-content,encrypted-signed,false,8388608,pattern,1,974.377,16175.668,20955.150,8673664
11,2,main,range,signed,true,8388608,pattern,1,9571.724,1177.640,10790.855,322944
11,2,main,stream,plain,false,8388608,pattern,1,195.184,13694.925,16080.216,8659328
11,2,main,stream-content,signed,true,8388608,pattern,1,8099.169,3192.865,11342.445,322944
11,2,main,whole,encrypted-signed,false,8388608,pattern,1,998.397,26741.719,32305.904,8673664
11,2,main,whole,encrypted,true,8388608,pattern,1,294.175,15215.371,15568.217,312704
11,2,main,stream,encrypted,true,8388608,pattern,1,264.805,5647.197,5959.723,312704
11,2,main,whole,plain,true,8388608,pattern,1,228.714,10128.113,10404.068,312704
11,2,main,range,encrypted,true,8388608,pattern,1,251.134,1288.792,1564.157,312704
11,2,main,stream,plain,true,8388608,pattern,1,193.053,5355.912,5592.226,312704
11,2,main,whole,signed,false,8388608,pattern,1,15787.730,15261.072,34820.897,8673664
11,2,main,whole,plain,false,8388608,pattern,1,229.344,24387.178,28795.124,8659328
11,2,main,range,plain,false,8388608,pattern,2,243.914,10074.103,11909.514,8659328
11,2,main,stream-content,plain,false,8388608,pattern,2,235.724,11561.198,13943.669,8659328
11,2,main,stream,encrypted,false,8388608,pattern,2,313.735,16963.251,21146.913,8659328
11,2,main,stream-content,encrypted-signed,false,8388608,pattern,2,1019.697,21096.652,25916.604,8673664
11,2,main,range,plain,true,8388608,pattern,2,250.055,2794.808,3075.743,312704
11,2,main,stream,encrypted-signed,false,8388608,pattern,2,940.826,19437.434,24314.868,8673664
11,2,main,stream,plain,true,8388608,pattern,2,313.675,8674.799,9043.255,312704
11,2,main,whole,encrypted-signed,false,8388608,pattern,2,1010.877,28401.757,34124.355,8673664
11,2,main,stream-content,signed,true,8388608,pattern,2,9744.558,3079.192,12893.022,322944
11,2,main,range,encrypted,true,8388608,pattern,2,281.935,1333.683,1650.099,312704
11,2,main,stream,encrypted,true,8388608,pattern,2,241.944,7778.214,8072.549,312704
11,2,main,stream,signed,true,8388608,pattern,2,8158.750,5304.891,13518.502,322944
11,2,main,range,encrypted,false,8388608,pattern,2,254.824,12400.603,16134.376,8659328
11,2,main,whole,encrypted,true,8388608,pattern,2,278.785,15623.508,15968.734,312704
11,2,main,range,encrypted-signed,true,8388608,pattern,2,1030.938,1385.414,2453.442,322944
11,2,main,whole,encrypted-signed,true,8388608,pattern,2,956.486,10512.261,11533.438,322944
11,2,main,stream-content,encrypted,false,8388608,pattern,2,252.334,17342.048,22213.361,8659328
11,2,main,whole,signed,false,8388608,pattern,2,20960.770,14942.766,39546.659,8673664
11,2,main,stream,plain,false,8388608,pattern,2,233.434,13543.383,15885.143,8659328
11,2,main,stream-content,signed,false,8388608,pattern,2,15498.456,4931.254,22544.647,8673664
11,2,main,stream-content,plain,true,8388608,pattern,2,247.595,3129.063,3411.769,312704
11,2,main,whole,signed,true,8388608,pattern,2,7959.776,9858.909,17881.296,322944
11,2,main,whole,encrypted,false,8388608,pattern,2,241.274,26783.459,31620.883,8659328
11,2,main,range,encrypted-signed,false,8388608,pattern,2,982.856,14406.198,18675.890,8673664
11,2,main,stream-content,encrypted,true,8388608,pattern,2,268.454,4613.320,4925.374,312704
11,2,main,stream,encrypted-signed,true,8388608,pattern,2,1010.697,6856.888,7921.506,322944
11,2,main,stream,signed,false,8388608,pattern,2,16989.591,4712.321,23824.408,8673664
11,2,main,range,signed,false,8388608,pattern,2,15600.798,1042.828,18745.262,8673664
11,2,main,whole,plain,false,8388608,pattern,2,210.233,20667.145,24979.548,8659328
11,2,main,whole,plain,true,8388608,pattern,2,256.154,14683.692,14995.527,312704
11,2,main,range,signed,true,8388608,pattern,2,8050.968,1165.710,9266.559,322944
11,2,main,stream-content,encrypted-signed,true,8388608,pattern,2,1004.007,3087.613,4142.231,322944
11,3,branch,range,signed,false,8388608,pattern,1,18882.774,1049.538,20323.909,8673664
11,3,branch,stream,encrypted-signed,true,8388608,pattern,1,1037.888,3381.038,4464.106,322944
11,3,branch,range,encrypted,false,8388608,pattern,1,228.144,8841.692,11062.180,8659328
11,3,branch,stream-content,plain,false,8388608,pattern,1,222.094,15368.543,16042.815,8659328
11,3,branch,range,plain,true,8388608,pattern,1,238.694,814.084,1067.228,312704
11,3,branch,stream-content,encrypted,false,8388608,pattern,1,186.194,14581.570,16960.332,8659328
11,3,branch,stream,encrypted-signed,false,8388608,pattern,1,1025.818,18968.455,22077.819,8673664
11,3,branch,whole,encrypted,false,8388608,pattern,1,232.774,25864.484,28700.032,8659328
11,3,branch,stream,signed,false,8388608,pattern,1,20037.704,4751.351,25123.571,8673664
11,3,branch,stream-content,plain,true,8388608,pattern,1,238.184,3103.713,3373.088,312704
11,3,branch,stream-content,encrypted,true,8388608,pattern,1,305.485,3020.652,3358.547,312704
11,3,branch,stream,encrypted,false,8388608,pattern,1,218.404,14522.559,16886.930,8659328
11,3,branch,stream-content,encrypted-signed,true,8388608,pattern,1,1047.848,4671.281,5752.839,322944
11,3,branch,whole,signed,true,8388608,pattern,1,7916.466,11200.032,19161.779,322944
11,3,branch,stream-content,signed,false,8388608,pattern,1,15952.583,5112.828,21573.460,8673664
11,3,branch,stream,signed,true,8388608,pattern,1,8108.429,3466.779,11621.309,322944
11,3,branch,range,encrypted-signed,true,8388608,pattern,1,1040.788,818.634,1876.302,322944
11,3,branch,range,encrypted-signed,false,8388608,pattern,1,952.826,9324.440,12421.003,8673664
11,3,branch,range,plain,false,8388608,pattern,1,239.794,10099.253,10667.723,8659328
11,3,branch,whole,encrypted-signed,true,8388608,pattern,1,1038.348,8688.279,9778.448,322944
11,3,branch,stream-content,encrypted-signed,false,8388608,pattern,1,1024.978,15856.542,19206.370,8673664
11,3,branch,range,signed,true,8388608,pattern,1,9801.828,693.942,10539.611,322944
11,3,branch,stream,plain,false,8388608,pattern,1,213.334,14023.061,14780.814,8659328
11,3,branch,stream-content,signed,true,8388608,pattern,1,8210.701,3040.532,11299.174,322944
11,3,branch,whole,encrypted-signed,false,8388608,pattern,1,1036.788,22587.078,26285.741,8673664
11,3,branch,whole,encrypted,true,8388608,pattern,1,289.215,13265.518,13611.134,312704
11,3,branch,stream,encrypted,true,8388608,pattern,1,274.835,3873.866,4200.842,312704
11,3,branch,whole,plain,true,8388608,pattern,1,253.324,8656.379,8964.374,312704
11,3,branch,range,encrypted,true,8388608,pattern,1,288.135,907.466,1218.691,312704
11,3,branch,stream,plain,true,8388608,pattern,1,211.774,3531.700,3785.975,312704
11,3,branch,whole,signed,false,8388608,pattern,1,15985.384,12947.202,31000.322,8673664
11,3,branch,whole,plain,false,8388608,pattern,1,242.674,21874.605,24227.575,8659328
11,3,branch,range,plain,false,8388608,pattern,2,222.184,8416.294,8962.074,8659328
11,3,branch,stream-content,plain,false,8388608,pattern,2,216.223,11253.073,11898.144,8659328
11,3,branch,stream,encrypted,false,8388608,pattern,2,233.104,14430.087,16809.788,8659328
11,3,branch,stream-content,encrypted-signed,false,8388608,pattern,2,1008.987,19076.847,22179.720,8673664
11,3,branch,range,plain,true,8388608,pattern,2,236.074,2278.689,2534.624,312704
11,3,branch,stream,encrypted-signed,false,8388608,pattern,2,963.317,17156.414,20318.759,8673664
11,3,branch,stream,plain,true,8388608,pattern,2,240.674,5646.387,5923.111,312704
11,3,branch,whole,encrypted-signed,false,8388608,pattern,2,1004.017,23941.991,27594.173,8673664
11,3,branch,stream-content,signed,true,8388608,pattern,2,9715.097,2999.831,12756.489,322944
11,3,branch,range,encrypted,true,8388608,pattern,2,246.894,750.393,1010.167,312704
11,3,branch,stream,encrypted,true,8388608,pattern,2,187.803,4126.501,4350.754,312704
11,3,branch,stream,signed,true,8388608,pattern,2,7970.767,3162.554,11178.352,322944
11,3,branch,range,encrypted,false,8388608,pattern,2,243.544,11334.664,13828.207,8659328
11,3,branch,whole,encrypted,true,8388608,pattern,2,260.394,12804.320,13097.584,312704
11,3,branch,range,encrypted-signed,true,8388608,pattern,2,1120.689,940.747,2079.826,322944
11,3,branch,whole,encrypted-signed,true,8388608,pattern,2,1019.358,8464.165,9525.734,322944
11,3,branch,stream-content,encrypted,false,8388608,pattern,2,256.074,15624.698,18148.151,8659328
11,3,branch,whole,signed,false,8388608,pattern,2,20591.533,13342.649,36082.959,8673664
11,3,branch,stream,plain,false,8388608,pattern,2,231.454,13778.556,14473.848,8659328
11,3,branch,stream-content,signed,false,8388608,pattern,2,16176.858,5164.108,21790.124,8673664
11,3,branch,stream-content,plain,true,8388608,pattern,2,256.264,3233.706,3527.461,312704
11,3,branch,whole,signed,true,8388608,pattern,2,8042.538,8030.768,16125.147,322944
11,3,branch,whole,encrypted,false,8388608,pattern,2,236.934,22056.498,24990.878,8659328
11,3,branch,range,encrypted-signed,false,8388608,pattern,2,1023.658,13341.739,16354.861,8673664
11,3,branch,stream-content,encrypted,true,8388608,pattern,2,291.235,4612.239,4933.245,312704
11,3,branch,stream,encrypted-signed,true,8388608,pattern,2,994.557,4118.151,5154.549,322944
11,3,branch,stream,signed,false,8388608,pattern,2,18138.551,4776.762,23393.421,8673664
11,3,branch,range,signed,false,8388608,pattern,2,16070.096,1049.668,17619.552,8673664
11,3,branch,whole,plain,false,8388608,pattern,2,218.564,19118.518,21371.267,8659328
11,3,branch,whole,plain,true,8388608,pattern,2,256.104,11272.353,11579.388,312704
11,3,branch,range,signed,true,8388608,pattern,2,8054.338,685.592,8774.211,322944
11,3,branch,stream-content,encrypted-signed,true,8388608,pattern,2,994.827,3091.183,4127.471,322944
12,0,main,stream-content,plain,false,8388608,pattern,1,328.756,13800.327,16253.979,8659328
12,0,main,whole,encrypted-signed,true,8388608,pattern,1,1019.408,10143.514,11225.303,322944
12,0,main,stream-content,encrypted-signed,false,8388608,pattern,1,966.626,17207.375,22029.097,8673664
12,0,main,range,plain,true,8388608,pattern,1,281.095,2926.870,3250.496,312704
12,0,main,whole,signed,true,8388608,pattern,1,8142.819,13769.497,21974.207,322944
12,0,main,whole,plain,false,8388608,pattern,1,221.943,21758.313,26142.208,8659328
12,0,main,range,plain,false,8388608,pattern,1,204.303,10091.633,11885.724,8659328
12,0,main,range,encrypted,false,8388608,pattern,1,333.275,10805.706,14951.216,8659328
12,0,main,stream,signed,false,8388608,pattern,1,20599.303,4974.146,27766.226,8673664
12,0,main,range,encrypted,true,8388608,pattern,1,268.055,1310.142,1602.918,312704
12,0,main,stream-content,signed,false,8388608,pattern,1,15979.474,4998.846,23128.617,8673664
12,0,main,stream,encrypted-signed,true,8388608,pattern,1,998.787,5450.003,6501.271,322944
12,0,main,stream-content,plain,true,8388608,pattern,1,238.434,3170.944,3456.109,312704
12,0,main,whole,encrypted-signed,false,8388608,pattern,1,959.716,27354.980,32942.535,8673664
12,0,main,whole,encrypted,true,8388608,pattern,1,273.735,14754.323,15148.040,312704
12,0,main,stream,plain,false,8388608,pattern,1,203.463,10599.532,12915.571,8659328
12,0,main,stream-content,encrypted,true,8388608,pattern,1,263.665,3256.126,3558.901,312704
12,0,main,range,encrypted-signed,true,8388608,pattern,1,977.987,1298.412,2306.640,322944
12,0,main,stream,plain,true,8388608,pattern,1,208.534,5242.059,5497.184,312704
12,0,main,stream,encrypted,false,8388608,pattern,1,233.674,16347.141,20402.050,8659328
12,0,main,range,signed,true,8388608,pattern,1,9560.394,1158.130,10763.784,322944
12,0,main,stream,encrypted-signed,false,8388608,pattern,1,936.366,19372.523,24212.816,8673664
12,0,main,stream-content,encrypted-signed,true,8388608,pattern,1,1011.438,4776.942,5838.640,322944
12,0,main,whole,encrypted,false,8388608,pattern,1,234.074,30085.977,34973.470,8659328
12,0,main,whole,signed,false,8388608,pattern,1,20381.630,14984.567,39073.661,8673664
12,0,main,range,encrypted-signed,false,8388608,pattern,1,984.566,13322.399,17585.961,8673664
12,0,main,stream,encrypted,true,8388608,pattern,1,278.865,8379.563,8711.069,312704
12,0,main,stream-content,encrypted,false,8388608,pattern,1,243.784,17895.587,21938.666,8659328
12,0,main,range,signed,false,8388608,pattern,1,20235.717,1048.998,23400.602,8673664
12,0,main,stream,signed,true,8388608,pattern,1,8026.207,5123.938,13202.046,322944
12,0,main,stream-content,signed,true,8388608,pattern,1,7981.147,3004.351,11034.389,322944
12,0,main,whole,plain,true,8388608,pattern,1,248.704,10081.913,10384.458,312704
12,0,main,stream-content,signed,true,8388608,pattern,2,7994.637,3051.112,11098.340,322944
12,0,main,stream,signed,false,8388608,pattern,2,15797.711,4745.802,22714.530,8673664
12,0,main,stream-content,plain,true,8388608,pattern,2,279.474,3144.064,3465.409,312704
12,0,main,stream-content,signed,false,8388608,pattern,2,15824.581,5186.149,23297.769,8673664
12,0,main,stream-content,plain,false,8388608,pattern,2,257.705,11565.028,14192.374,8659328
12,0,main,range,encrypted,true,8388608,pattern,2,308.215,1347.743,1688.769,312704
12,0,main,stream,plain,false,8388608,pattern,2,182.543,10726.864,13055.463,8659328
12,0,main,stream,plain,true,8388608,pattern,2,322.166,6263.077,6636.904,312704
12,0,main,stream,encrypted,false,8388608,pattern,2,238.564,16496.023,20542.632,8659328
12,0,main,whole,signed,true,8388608,pattern,2,9615.835,13141.446,22819.372,322944
12,0,main,range,plain,true,8388608,pattern,2,269.014,1252.882,1546.926,312704
12,0,main,stream-content,encrypted-signed,false,8388608,pattern,2,923.445,16626.935,21330.465,8673664
12,0,main,whole,signed,false,8388608,pattern,2,20352.309,14797.644,38803.786,8673664
12,0,main,whole,plain,false,8388608,pattern,2,226.704,23665.305,27877.688,8659328
12,0,main,stream,encrypted-signed,true,8388608,pattern,2,998.227,8980.224,10033.392,322944
12,0,main,range,encrypted,false,8388608,pattern,2,251.444,12169.589,15961.714,8659328
12,0,main,stream-content,encrypted,true,8388608,pattern,2,266.025,4978.525,5297.871,312704
12,0,main,range,signed,true,8388608,pattern,2,8178.980,1216.141,9442.912,322944
12,0,main,stream-content,encrypted-signed,true,8388608,pattern,2,1060.878,3254.326,4369.705,322944
12,0,main,stream,encrypted,true,8388608,pattern,2,271.575,7336.946,7665.292,312704
12,0,main,stream-content,encrypted,false,8388608,pattern,2,233.524,18639.039,22814.661,8659328
12,0,main,stream,signed,true,8388608,pattern,2,9906.960,7219.244,17189.715,322944
12,0,main,range,encrypted-signed,false,8388608,pattern,2,1022.297,12195.759,16592.144,8673664
12,0,main,stream,encrypted-signed,false,8388608,pattern,2,1068.348,21141.853,26097.148,8673664
12,0,main,whole,encrypted-signed,false,8388608,pattern,2,1003.377,31811.925,37686.936,8673664
12,0,main,whole,encrypted-signed,true,8388608,pattern,2,1018.977,15229.091,16315.370,322944
12,0,main,range,signed,false,8388608,pattern,2,16377.141,1064.189,19634.057,8673664
12,0,main,whole,encrypted,true,8388608,pattern,2,280.355,10353.787,10686.823,312704
12,0,main,whole,plain,true,8388608,pattern,2,258.955,10402.608,10711.944,312704
12,0,main,range,plain,false,8388608,pattern,2,202.523,5566.776,7363.246,8659328
12,0,main,whole,encrypted,false,8388608,pattern,2,284.175,27262.987,32181.562,8659328
12,0,main,range,encrypted-signed,true,8388608,pattern,2,1101.258,3107.764,4258.253,322944
12,1,branch,stream-content,plain,false,8388608,pattern,1,194.563,13375.920,14074.812,8659328
12,1,branch,whole,encrypted-signed,true,8388608,pattern,1,1062.269,8302.912,9405.182,322944
12,1,branch,stream-content,encrypted-signed,false,8388608,pattern,1,1020.868,15115.799,18357.755,8673664
12,1,branch,range,plain,true,8388608,pattern,1,257.914,2411.282,2699.886,312704
12,1,branch,whole,signed,true,8388608,pattern,1,7932.976,11018.659,18997.346,322944
12,1,branch,whole,plain,false,8388608,pattern,1,204.854,18996.936,21300.636,8659328
12,1,branch,range,plain,false,8388608,pattern,1,215.933,8478.816,8994.154,8659328
12,1,branch,range,encrypted,false,8388608,pattern,1,234.464,9031.854,11318.864,8659328
12,1,branch,stream,signed,false,8388608,pattern,1,20217.686,4795.342,25365.814,8673664
12,1,branch,range,encrypted,true,8388608,pattern,1,263.785,847.464,1123.390,312704
12,1,branch,stream-content,signed,false,8388608,pattern,1,15812.601,5049.367,21293.705,8673664
12,1,branch,stream,encrypted-signed,true,8388608,pattern,1,1019.137,3359.218,4416.256,322944
12,1,branch,stream-content,plain,true,8388608,pattern,1,243.814,3002.861,3275.536,312704
12,1,branch,whole,encrypted-signed,false,8388608,pattern,1,1002.928,22352.943,26556.846,8673664
12,1,branch,whole,encrypted,true,8388608,pattern,1,273.355,13011.643,13339.949,312704
12,1,branch,stream,plain,false,8388608,pattern,1,208.783,11387.465,12131.078,8659328
12,1,branch,stream-content,encrypted,true,8388608,pattern,1,282.624,3416.349,3740.174,312704
12,1,branch,range,encrypted-signed,true,8388608,pattern,1,1066.488,786.373,1868.292,322944
12,1,branch,stream,plain,true,8388608,pattern,1,218.434,3521.100,3779.175,312704
12,1,branch,stream,encrypted,false,8388608,pattern,1,227.314,14803.934,17188.455,8659328
12,1,branch,range,signed,true,8388608,pattern,1,9923.341,733.822,10716.904,322944
12,1,branch,stream,encrypted-signed,false,8388608,pattern,1,1082.099,18865.023,22409.844,8673664
12,1,branch,stream-content,encrypted-signed,true,8388608,pattern,1,1132.749,5166.169,6348.959,322944
12,1,branch,whole,encrypted,false,8388608,pattern,1,237.634,26189.759,29264.761,8659328
12,1,branch,whole,signed,false,8388608,pattern,1,20702.526,13280.767,36222.332,8673664
12,1,branch,range,encrypted-signed,false,8388608,pattern,1,1043.608,12342.521,15591.257,8673664
12,1,branch,stream,encrypted,true,8388608,pattern,1,264.045,5926.492,6230.077,312704
12,1,branch,stream-content,encrypted,false,8388608,pattern,1,238.564,17445.919,19909.471,8659328
12,1,branch,range,signed,false,8388608,pattern,1,20735.416,1056.588,22251.672,8673664
12,1,branch,stream,signed,true,8388608,pattern,1,8358.183,3366.808,11763.582,322944
12,1,branch,stream-content,signed,true,8388608,pattern,1,8184.651,3246.595,11466.227,322944
12,1,branch,whole,plain,true,8388608,pattern,1,287.205,8769.260,9107.616,312704
12,1,branch,stream-content,signed,true,8388608,pattern,2,8211.161,3148.054,11403.696,322944
12,1,branch,stream,signed,false,8388608,pattern,2,16231.799,4841.583,21468.169,8673664
12,1,branch,stream-content,plain,true,8388608,pattern,2,256.824,3566.961,3868.496,312704
12,1,branch,stream-content,signed,false,8388608,pattern,2,16264.209,5143.818,21905.865,8673664
12,1,branch,stream-content,plain,false,8388608,pattern,2,205.994,11179.982,11865.744,8659328
12,1,branch,range,encrypted,true,8388608,pattern,2,246.614,844.534,1105.719,312704
12,1,branch,stream,plain,false,8388608,pattern,2,164.293,11267.693,11909.454,8659328
12,1,branch,stream,plain,true,8388608,pattern,2,255.395,3502.680,3793.445,312704
12,1,branch,stream,encrypted,false,8388608,pattern,2,241.434,14483.579,16853.119,8659328
12,1,branch,whole,signed,true,8388608,pattern,2,9498.603,11009.939,20559.493,322944
12,1,branch,range,plain,true,8388608,pattern,2,323.096,813.454,1155.010,312704
12,1,branch,stream-content,encrypted-signed,false,8388608,pattern,2,947.016,14437.617,17503.740,8673664
12,1,branch,whole,signed,false,8388608,pattern,2,20132.675,12933.422,35154.163,8673664
12,1,branch,whole,plain,false,8388608,pattern,2,225.893,21933.756,24278.506,8659328
12,1,branch,stream,encrypted-signed,true,8388608,pattern,2,1048.398,4131.680,5218.209,322944
12,1,branch,range,encrypted,false,8388608,pattern,2,227.254,11008.549,13232.097,8659328
12,1,branch,stream-content,encrypted,true,8388608,pattern,2,262.474,4587.569,4888.414,312704
12,1,branch,range,signed,true,8388608,pattern,2,8035.188,695.602,8755.120,322944
12,1,branch,stream-content,encrypted-signed,true,8388608,pattern,2,988.167,3010.162,4025.499,322944
12,1,branch,stream,encrypted,true,8388608,pattern,2,234.024,4085.280,4357.175,312704
12,1,branch,stream-content,encrypted,false,8388608,pattern,2,242.194,16856.040,19278.071,8659328
12,1,branch,stream,signed,true,8388608,pattern,2,9515.383,3959.338,13515.622,322944
12,1,branch,range,encrypted-signed,false,8388608,pattern,2,989.817,10996.949,13983.660,8673664
12,1,branch,stream,encrypted-signed,false,8388608,pattern,2,999.237,19069.907,22186.241,8673664
12,1,branch,whole,encrypted-signed,false,8388608,pattern,2,993.667,26056.217,29685.679,8673664
12,1,branch,whole,encrypted-signed,true,8388608,pattern,2,1035.428,12656.707,13738.936,322944
12,1,branch,range,signed,false,8388608,pattern,2,15962.924,1045.648,17468.019,8673664
12,1,branch,whole,encrypted,true,8388608,pattern,2,250.935,7888.505,8178.121,312704
12,1,branch,whole,plain,true,8388608,pattern,2,253.905,8085.708,8383.574,312704
12,1,branch,range,plain,false,8388608,pattern,2,204.674,5403.242,5838.360,8659328
12,1,branch,whole,encrypted,false,8388608,pattern,2,214.564,21874.535,24736.984,8659328
12,1,branch,range,encrypted-signed,true,8388608,pattern,2,1045.348,2401.731,3469.050,322944
12,2,branch,stream-content,plain,false,8388608,pattern,1,266.894,13893.749,14645.531,8659328
12,2,branch,whole,encrypted-signed,true,8388608,pattern,1,1025.227,8198.371,9270.929,322944
12,2,branch,stream-content,encrypted-signed,false,8388608,pattern,1,1131.769,15857.122,19220.540,8673664
12,2,branch,range,plain,true,8388608,pattern,1,286.474,2348.341,2656.105,312704
12,2,branch,whole,signed,true,8388608,pattern,1,7937.467,11567.268,19548.356,322944
12,2,branch,whole,plain,false,8388608,pattern,1,205.843,20136.405,22588.367,8659328
12,2,branch,range,plain,false,8388608,pattern,1,228.574,8645.898,9171.517,8659328
12,2,branch,range,encrypted,false,8388608,pattern,1,237.624,9983.371,12588.186,8659328
12,2,branch,stream,signed,false,8388608,pattern,1,20735.585,4729.731,25772.722,8673664
12,2,branch,range,encrypted,true,8388608,pattern,1,267.784,814.044,1093.718,312704
12,2,branch,stream-content,signed,false,8388608,pattern,1,15482.776,4918.124,20742.266,8673664
12,2,branch,stream,encrypted-signed,true,8388608,pattern,1,1047.368,3264.886,4348.725,322944
12,2,branch,stream-content,plain,true,8388608,pattern,1,250.585,2954.850,3232.916,312704
12,2,branch,whole,encrypted-signed,false,8388608,pattern,1,984.247,21168.792,24791.895,8673664
12,2,branch,whole,encrypted,true,8388608,pattern,1,299.726,12505.684,12851.471,312704
12,2,branch,stream,plain,false,8388608,pattern,1,220.773,10702.484,11310.134,8659328
12,2,branch,stream-content,encrypted,true,8388608,pattern,1,242.075,3027.362,3295.377,312704
12,2,branch,range,encrypted-signed,true,8388608,pattern,1,987.667,732.472,1732.119,322944
12,2,branch,stream,plain,true,8388608,pattern,1,199.043,3157.894,3391.028,312704
12,2,branch,stream,encrypted,false,8388608,pattern,1,225.193,14627.661,16953.190,8659328
12,2,branch,range,signed,true,8388608,pattern,1,9622.565,680.652,10346.648,322944
12,2,branch,stream,encrypted-signed,false,8388608,pattern,1,998.217,17826.445,21034.350,8673664
12,2,branch,stream-content,encrypted-signed,true,8388608,pattern,1,1032.068,4713.481,5788.299,322944
12,2,branch,whole,encrypted,false,8388608,pattern,1,238.544,24849.806,27842.038,8659328
12,2,branch,whole,signed,false,8388608,pattern,1,20005.443,13144.345,35363.956,8673664
12,2,branch,range,encrypted-signed,false,8388608,pattern,1,1028.878,12118.848,15146.580,8673664
12,2,branch,stream,encrypted,true,8388608,pattern,1,276.184,5582.396,5891.291,312704
12,2,branch,stream-content,encrypted,false,8388608,pattern,1,230.634,17781.115,20229.467,8659328
12,2,branch,range,signed,false,8388608,pattern,1,20063.074,1034.588,21390.297,8673664
12,2,branch,stream,signed,true,8388608,pattern,1,7877.925,3121.653,11027.549,322944
12,2,branch,stream-content,signed,true,8388608,pattern,1,7840.014,2861.159,10722.894,322944
12,2,branch,whole,plain,true,8388608,pattern,1,208.994,7774.803,8028.848,312704
12,2,branch,stream-content,signed,true,8388608,pattern,2,7943.786,2929.440,10901.426,322944
12,2,branch,stream,signed,false,8388608,pattern,2,15343.343,4743.082,20346.949,8673664
12,2,branch,stream-content,plain,true,8388608,pattern,2,234.674,3005.831,3262.096,312704
12,2,branch,stream-content,signed,false,8388608,pattern,2,15167.910,4900.095,20420.631,8673664
12,2,branch,stream-content,plain,false,8388608,pattern,2,200.424,10656.562,11264.523,8659328
12,2,branch,range,encrypted,true,8388608,pattern,2,244.124,799.474,1055.558,312704
12,2,branch,stream,plain,false,8388608,pattern,2,165.482,10755.845,11473.447,8659328
12,2,branch,stream,plain,true,8388608,pattern,2,324.936,3923.347,4281.794,312704
12,2,branch,stream,encrypted,false,8388608,pattern,2,216.513,14926.836,17503.840,8659328
12,2,branch,whole,signed,true,8388608,pattern,2,9901.399,11609.750,21553.799,322944
12,2,branch,range,plain,true,8388608,pattern,2,243.044,859.635,1115.319,312704
12,2,branch,stream-content,encrypted-signed,false,8388608,pattern,2,1030.867,14970.557,18249.282,8673664
12,2,branch,whole,signed,false,8388608,pattern,2,20520.182,13683.975,36345.214,8673664
12,2,branch,whole,plain,false,8388608,pattern,2,208.614,22038.728,24278.597,8659328
12,2,branch,stream,encrypted-signed,true,8388608,pattern,2,1017.557,4098.110,5151.718,322944
12,2,branch,range,encrypted,false,8388608,pattern,2,231.564,11029.999,13265.127,8659328
12,2,branch,stream-content,encrypted,true,8388608,pattern,2,255.334,4574.879,4865.893,312704
12,2,branch,range,signed,true,8388608,pattern,2,7956.987,700.012,8680.929,322944
12,2,branch,stream-content,encrypted-signed,true,8388608,pattern,2,1001.237,3068.052,4116.750,322944
12,2,branch,stream,encrypted,true,8388608,pattern,2,231.984,4157.551,4425.766,312704
12,2,branch,stream-content,encrypted,false,8388608,pattern,2,211.814,17016.932,19461.074,8659328
12,2,branch,stream,signed,true,8388608,pattern,2,9699.596,4127.771,13867.518,322944
12,2,branch,range,encrypted-signed,false,8388608,pattern,2,992.937,11599.809,14670.821,8673664
12,2,branch,stream,encrypted-signed,false,8388608,pattern,2,1023.248,19986.222,23288.619,8673664
12,2,branch,whole,encrypted-signed,false,8388608,pattern,2,1051.439,26746.508,30491.693,8673664
12,2,branch,whole,encrypted-signed,true,8388608,pattern,2,1076.239,13648.244,14779.174,322944
12,2,branch,range,signed,false,8388608,pattern,2,16255.519,1041.308,17661.593,8673664
12,2,branch,whole,encrypted,true,8388608,pattern,2,234.984,7538.969,7808.844,312704
12,2,branch,whole,plain,true,8388608,pattern,2,261.094,7589.260,7887.275,312704
12,2,branch,range,plain,false,8388608,pattern,2,212.373,5386.743,5859.730,8659328
12,2,branch,whole,encrypted,false,8388608,pattern,2,214.433,21239.635,24055.122,8659328
12,2,branch,range,encrypted-signed,true,8388608,pattern,2,1043.658,2347.850,3409.059,322944
12,3,main,stream-content,plain,false,8388608,pattern,1,324.645,13426.330,15947.643,8659328
12,3,main,whole,encrypted-signed,true,8388608,pattern,1,1307.042,11112.201,12486.944,322944
12,3,main,stream-content,encrypted-signed,false,8388608,pattern,1,1467.975,18153.691,23984.051,8673664
12,3,main,range,plain,true,8388608,pattern,1,272.605,3074.752,3392.018,312704
12,3,main,whole,signed,true,8388608,pattern,1,8348.083,14049.761,22451.615,322944
12,3,main,whole,plain,false,8388608,pattern,1,225.714,24649.452,28992.837,8659328
12,3,main,range,plain,false,8388608,pattern,1,225.953,10270.607,12249.900,8659328
12,3,main,range,encrypted,false,8388608,pattern,1,250.175,10680.913,14303.536,8659328
12,3,main,stream,signed,false,8388608,pattern,1,21828.855,4881.053,28989.487,8673664
12,3,main,range,encrypted,true,8388608,pattern,1,280.215,1391.274,1703.099,312704
12,3,main,stream-content,signed,false,8388608,pattern,1,16878.589,5135.078,24232.345,8673664
12,3,main,stream,encrypted-signed,true,8388608,pattern,1,1459.315,5532.085,7038.211,322944
12,3,main,stream-content,plain,true,8388608,pattern,1,262.784,3082.553,3385.488,312704
12,3,main,whole,encrypted-signed,false,8388608,pattern,1,1013.868,29474.235,35267.965,8673664
12,3,main,whole,encrypted,true,8388608,pattern,1,306.915,15316.983,15688.129,312704
12,3,main,stream,plain,false,8388608,pattern,1,265.084,11067.280,13687.444,8659328
12,3,main,stream-content,encrypted,true,8388608,pattern,1,357.847,3458.719,3867.867,312704
12,3,main,range,encrypted-signed,true,8388608,pattern,1,1202.740,1271.142,2502.722,322944
12,3,main,stream,plain,true,8388608,pattern,1,239.184,5214.389,5499.064,312704
12,3,main,stream,encrypted,false,8388608,pattern,1,244.174,17984.428,22135.660,8659328
12,3,main,range,signed,true,8388608,pattern,1,9617.045,1184.671,10843.286,322944
12,3,main,stream,encrypted-signed,false,8388608,pattern,1,980.317,21954.346,26863.101,8673664
12,3,main,stream-content,encrypted-signed,true,8388608,pattern,1,1028.048,4874.224,5951.622,322944
12,3,main,whole,encrypted,false,8388608,pattern,1,251.995,31194.974,36315.583,8659328
12,3,main,whole,signed,false,8388608,pattern,1,21441.497,18984.446,44939.320,8673664
12,3,main,range,encrypted-signed,false,8388608,pattern,1,1173.020,14832.495,19701.208,8673664
12,3,main,stream,encrypted,true,8388608,pattern,1,344.126,9377.561,9778.048,312704
12,3,main,stream-content,encrypted,false,8388608,pattern,1,249.445,18346.494,22597.068,8659328
12,3,main,range,signed,false,8388608,pattern,1,20857.068,1055.478,24113.723,8673664
12,3,main,stream,signed,true,8388608,pattern,1,8421.584,5657.727,14129.652,322944
12,3,main,stream-content,signed,true,8388608,pattern,1,8222.661,3051.952,11328.874,322944
12,3,main,whole,plain,true,8388608,pattern,1,256.514,11247.653,11556.158,312704
12,3,main,stream-content,signed,true,8388608,pattern,2,8192.140,3104.303,11347.524,322944
12,3,main,stream,signed,false,8388608,pattern,2,16289.529,5051.107,23836.369,8673664
12,3,main,stream-content,plain,true,8388608,pattern,2,270.744,3672.403,4007.508,312704
12,3,main,stream-content,signed,false,8388608,pattern,2,19019.596,6397.420,28283.405,8673664
12,3,main,stream-content,plain,false,8388608,pattern,2,473.448,16552.374,19870.461,8659328
12,3,main,range,encrypted,true,8388608,pattern,2,508.319,2057.705,2640.805,312704
12,3,main,stream,plain,false,8388608,pattern,2,327.025,13709.215,16292.289,8659328
12,3,main,stream,plain,true,8388608,pattern,2,403.537,6955.819,7414.607,312704
12,3,main,stream,encrypted,false,8388608,pattern,2,468.578,18294.924,22668.019,8659328
12,3,main,whole,signed,true,8388608,pattern,2,10392.308,13598.313,24051.252,322944
12,3,main,range,plain,true,8388608,pattern,2,253.184,1394.654,1678.179,312704
12,3,main,stream-content,encrypted-signed,false,8388608,pattern,2,1098.749,18475.717,23495.153,8673664
12,3,main,whole,signed,false,8388608,pattern,2,22241.701,17929.028,44439.432,8673664
12,3,main,whole,plain,false,8388608,pattern,2,269.465,26488.544,31451.459,8659328
12,3,main,stream,encrypted-signed,true,8388608,pattern,2,1621.458,8857.242,10526.101,322944
12,3,main,range,encrypted,false,8388608,pattern,2,239.384,11764.121,15350.093,8659328
12,3,main,stream-content,encrypted,true,8388608,pattern,2,273.774,4680.211,4997.835,312704
12,3,main,range,signed,true,8388608,pattern,2,7989.017,1580.707,9610.415,322944
12,3,main,stream-content,encrypted-signed,true,8388608,pattern,2,1377.664,3107.703,4529.418,322944
12,3,main,stream,encrypted,true,8388608,pattern,2,247.664,9212.268,9528.143,312704
12,3,main,stream-content,encrypted,false,8388608,pattern,2,313.515,20702.205,25318.914,8659328
12,3,main,stream,signed,true,8388608,pattern,2,9639.385,6934.769,16638.845,322944
12,3,main,range,encrypted-signed,false,8388608,pattern,2,996.627,11928.665,16248.019,8673664
12,3,main,stream,encrypted-signed,false,8388608,pattern,2,987.027,20867.787,25723.901,8673664
12,3,main,whole,encrypted-signed,false,8388608,pattern,2,994.667,31509.240,37121.126,8673664
12,3,main,whole,encrypted-signed,true,8388608,pattern,2,1040.797,14778.604,15884.292,322944
12,3,main,range,signed,false,8388608,pattern,2,15991.944,1049.038,19158.688,8673664
12,3,main,whole,encrypted,true,8388608,pattern,2,273.255,10109.163,10429.369,312704
12,3,main,whole,plain,true,8388608,pattern,2,260.764,12572.346,12892.261,312704
12,3,main,range,plain,false,8388608,pattern,2,231.374,6088.134,8044.138,8659328
12,3,main,whole,encrypted,false,8388608,pattern,2,318.125,30527.504,35844.605,8659328
12,3,main,range,encrypted-signed,true,8388608,pattern,2,1449.605,3225.016,4721.001,322944
13,0,branch,range,encrypted-signed,true,8388608,pattern,1,1005.128,732.372,1749.040,322944
13,0,branch,stream,encrypted,false,8388608,pattern,1,189.593,14494.948,16729.057,8659328
13,0,branch,whole,encrypted-signed,true,8388608,pattern,1,1016.828,12365.712,13433.711,322944
13,0,branch,stream-content,plain,false,8388608,pattern,1,211.944,10663.903,11255.633,8659328
13,0,branch,whole,encrypted,false,8388608,pattern,1,217.374,21066.931,23904.390,8659328
13,0,branch,stream-content,encrypted-signed,false,8388608,pattern,1,1017.847,19074.507,22274.342,8673664
13,0,branch,stream,plain,true,8388608,pattern,1,308.515,5702.258,6047.323,312704
13,0,branch,stream-content,encrypted,true,8388608,pattern,1,257.824,3096.603,3378.428,312704
13,0,branch,stream-content,signed,false,8388608,pattern,1,18295.684,5192.739,24026.703,8673664
13,0,branch,range,encrypted-signed,false,8388608,pattern,1,1014.538,8695.989,11793.793,8673664
13,0,branch,stream,encrypted-signed,true,8388608,pattern,1,1046.958,5503.135,6580.693,322944
13,0,branch,stream,encrypted-signed,false,8388608,pattern,1,985.107,16653.515,19661.457,8673664
13,0,branch,whole,encrypted,true,8388608,pattern,1,246.734,12764.629,13054.624,312704
13,0,branch,whole,plain,true,8388608,pattern,1,236.984,8349.834,8623.028,312704
13,0,branch,whole,plain,false,8388608,pattern,1,213.754,19037.476,21391.717,8659328
13,0,branch,stream-content,plain,true,8388608,pattern,1,261.734,3329.067,3617.072,312704
13,0,branch,range,signed,true,8388608,pattern,1,8886.393,959.176,9878.469,322944
13,0,branch,stream,encrypted,true,8388608,pattern,1,309.666,5709.217,6064.984,312704
13,0,branch,range,encrypted,false,8388608,pattern,1,311.866,13762.406,16564.994,8659328
13,0,branch,range,signed,false,8388608,pattern,1,21737.543,1082.268,23418.502,8673664
13,0,branch,range,encrypted,true,8388608,pattern,1,331.455,1185.101,1538.016,312704
13,0,branch,stream-content,encrypted-signed,true,8388608,pattern,1,1064.928,3096.463,4194.672,322944
13,0,branch,stream-content,signed,true,8388608,pattern,1,8062.529,2949.720,11042.360,322944
13,0,branch,whole,signed,true,8388608,pattern,1,8012.367,7837.134,15895.512,322944
13,0,branch,whole,signed,false,8388608,pattern,1,15546.306,12796.190,30277.289,8673664
13,0,branch,stream,plain,false,8388608,pattern,1,220.143,13319.109,13876.718,8659328
13,0,branch,stream,signed,true,8388608,pattern,1,8218.250,3029.702,11283.643,322944
13,0,branch,stream,signed,false,8388608,pattern,1,15189.590,4641.610,20090.424,8673664
13,0,branch,stream-content,encrypted,false,8388608,pattern,1,221.074,14283.815,16892.860,8659328
13,0,branch,whole,encrypted-signed,false,8388608,pattern,1,1465.935,28312.225,32319.534,8673664
13,0,branch,range,plain,true,8388608,pattern,1,244.105,2479.192,2748.927,312704
13,0,branch,range,plain,false,8388608,pattern,1,230.744,8628.608,9219.778,8659328
13,0,branch,stream,signed,false,8388608,pattern,2,16688.886,4739.551,21727.152,8673664
13,0,branch,stream,plain,true,8388608,pattern,2,244.364,3296.017,3579.832,312704
13,0,branch,range,signed,true,8388608,pattern,2,9501.652,696.992,10233.115,322944
13,0,branch,whole,encrypted-signed,false,8388608,pattern,2,986.357,26094.337,30214.288,8673664
13,0,branch,range,encrypted-signed,true,8388608,pattern,2,1544.056,3105.623,4682.060,322944
13,0,branch,stream-content,signed,false,8388608,pattern,2,20360.149,5321.172,26169.219,8673664
13,0,branch,range,plain,false,8388608,pattern,2,268.465,5597.166,6179.376,8659328
13,0,branch,stream-content,encrypted,true,8388608,pattern,2,326.175,4196.682,4564.448,312704
13,0,branch,whole,plain,true,8388608,pattern,2,290.835,11690.030,12035.586,312704
13,0,branch,stream-content,plain,false,8388608,pattern,2,274.325,11435.556,12234.670,8659328
13,0,branch,whole,plain,false,8388608,pattern,2,268.235,22776.500,25074.890,8659328
13,0,branch,stream,encrypted-signed,true,8388608,pattern,2,1485.015,4656.220,6177.826,322944
13,0,branch,stream,signed,true,8388608,pattern,2,8510.606,3385.968,11935.585,322944
13,0,branch,stream,encrypted-signed,false,8388608,pattern,2,1273.002,18356.174,22004.447,8673664
13,0,branch,whole,encrypted,true,8388608,pattern,2,271.555,13106.234,13427.420,312704
13,0,branch,range,encrypted,false,8388608,pattern,2,241.554,9093.856,11435.896,8659328
13,0,branch,stream-content,plain,true,8388608,pattern,2,263.784,4791.263,5095.507,312704
13,0,branch,range,encrypted-signed,false,8388608,pattern,2,1002.857,12145.628,15172.990,8673664
13,0,branch,range,signed,false,8388608,pattern,2,20461.251,1045.648,21950.076,8673664
13,0,branch,range,encrypted,true,8388608,pattern,2,250.724,842.035,1106.019,312704
13,0,branch,stream-content,encrypted-signed,false,8388608,pattern,2,950.767,14995.487,18152.131,8673664
13,0,branch,whole,signed,true,8388608,pattern,2,9665.965,11346.385,21069.021,322944
13,0,branch,stream-content,signed,true,8388608,pattern,2,8042.978,2985.191,11068.599,322944
13,0,branch,whole,encrypted-signed,true,8388608,pattern,2,1021.418,8131.499,9204.638,322944
13,0,branch,stream,encrypted,true,8388608,pattern,2,257.134,3324.667,3619.472,312704
13,0,branch,whole,signed,false,8388608,pattern,2,15953.483,13674.974,31840.345,8673664
13,0,branch,stream,plain,false,8388608,pattern,2,224.184,13726.425,14356.086,8659328
13,0,branch,range,plain,true,8388608,pattern,2,284.174,801.004,1099.868,312704
13,0,branch,stream-content,encrypted,false,8388608,pattern,2,199.803,16691.676,19627.066,8659328
13,0,branch,stream-content,encrypted-signed,true,8388608,pattern,2,1419.825,6057.543,7519.449,322944
13,0,branch,whole,encrypted,false,8388608,pattern,2,276.255,30186.757,33654.057,8659328
13,0,branch,stream,encrypted,false,8388608,pattern,2,298.225,22414.464,25586.189,8659328
13,1,main,range,encrypted-signed,true,8388608,pattern,1,1559.946,1816.121,3431.938,322944
13,1,main,stream,encrypted,false,8388608,pattern,1,310.105,19827.040,25057.810,8659328
13,1,main,whole,encrypted-signed,true,8388608,pattern,1,1519.926,20743.505,22336.783,322944
13,1,main,stream-content,plain,false,8388608,pattern,1,292.705,11845.433,14990.777,8659328
13,1,main,whole,encrypted,false,8388608,pattern,1,309.205,33598.886,39966.045,8659328
13,1,main,stream-content,encrypted-signed,false,8388608,pattern,1,1496.806,23028.634,28264.025,8673664
13,1,main,stream,plain,true,8388608,pattern,1,245.565,9609.654,9910.130,312704
13,1,main,stream-content,encrypted,true,8388608,pattern,1,253.444,3079.523,3376.568,312704
13,1,main,stream-content,signed,false,8388608,pattern,1,16945.130,4908.064,24018.561,8673664
13,1,main,range,encrypted-signed,false,8388608,pattern,1,962.427,9915.659,14052.231,8673664
13,1,main,stream,encrypted-signed,true,8388608,pattern,1,1001.977,8414.384,9461.602,322944
13,1,main,stream,encrypted-signed,false,8388608,pattern,1,964.176,17372.438,22200.490,8673664
13,1,main,whole,encrypted,true,8388608,pattern,1,345.906,18676.190,19090.597,312704
13,1,main,whole,plain,true,8388608,pattern,1,310.115,11958.375,12317.871,312704
13,1,main,whole,plain,false,8388608,pattern,1,238.924,21629.471,25708.471,8659328
13,1,main,stream-content,plain,true,8388608,pattern,1,254.274,4527.238,4819.212,312704
13,1,main,range,signed,true,8388608,pattern,1,7905.135,1160.600,9099.636,322944
13,1,main,stream,encrypted,true,8388608,pattern,1,217.944,6857.898,7124.663,312704
13,1,main,range,encrypted,false,8388608,pattern,1,233.454,11442.506,14831.935,8659328
13,1,main,range,signed,false,8388608,pattern,1,21416.358,1064.898,24750.955,8673664
13,1,main,range,encrypted,true,8388608,pattern,1,302.505,1538.876,1875.272,312704
13,1,main,stream-content,encrypted-signed,true,8388608,pattern,1,1427.354,4378.465,5867.130,322944
13,1,main,stream-content,signed,true,8388608,pattern,1,9834.679,4332.304,14232.514,322944
13,1,main,whole,signed,true,8388608,pattern,1,10124.783,15009.338,25208.322,322944
13,1,main,whole,signed,false,8388608,pattern,1,17773.185,15261.741,36625.378,8673664
13,1,main,stream,plain,false,8388608,pattern,1,264.254,14283.585,16757.297,8659328
13,1,main,stream,signed,true,8388608,pattern,1,7986.777,5092.257,13127.515,322944
13,1,main,stream,signed,false,8388608,pattern,1,15600.727,4859.384,22576.567,8673664
13,1,main,stream-content,encrypted,false,8388608,pattern,1,239.104,16531.713,20448.870,8659328
13,1,main,whole,encrypted-signed,false,8388608,pattern,1,1017.268,35529.879,42308.075,8673664
13,1,main,range,plain,true,8388608,pattern,1,338.166,3625.032,4010.599,312704
13,1,main,range,plain,false,8388608,pattern,1,275.024,9632.906,12026.466,8659328
13,1,main,stream,signed,false,8388608,pattern,2,17775.584,5259.891,25875.813,8673664
13,1,main,stream,plain,true,8388608,pattern,2,346.066,7306.825,7713.382,312704
13,1,main,range,signed,true,8388608,pattern,2,10017.982,1706.519,11783.022,322944
13,1,main,whole,encrypted-signed,false,8388608,pattern,2,1422.585,34327.868,41337.989,8673664
13,1,main,range,encrypted-signed,true,8388608,pattern,2,1478.246,3789.564,5320.401,322944
13,1,main,stream-content,signed,false,8388608,pattern,2,21351.496,5408.383,28935.726,8673664
13,1,main,range,plain,false,8388608,pattern,2,261.834,5792.510,8189.240,8659328
13,1,main,stream-content,encrypted,true,8388608,pattern,2,309.706,4255.723,4635.690,312704
13,1,main,whole,plain,true,8388608,pattern,2,304.205,14569.680,14955.436,312704
13,1,main,stream-content,plain,false,8388608,pattern,2,249.374,11956.225,14469.488,8659328
13,1,main,whole,plain,false,8388608,pattern,2,255.834,21178.923,25362.475,8659328
13,1,main,stream,encrypted-signed,true,8388608,pattern,2,1015.457,8358.833,9423.251,322944
13,1,main,stream,signed,true,8388608,pattern,2,8261.171,5153.339,13464.301,322944
13,1,main,stream,encrypted-signed,false,8388608,pattern,2,1050.218,18868.784,24479.840,8673664
13,1,main,whole,encrypted,true,8388608,pattern,2,268.634,14455.788,14778.863,312704
13,1,main,range,encrypted,false,8388608,pattern,2,230.264,9909.400,13281.297,8659328
13,1,main,stream-content,plain,true,8388608,pattern,2,238.544,4529.568,4804.333,312704
13,1,main,range,encrypted-signed,false,8388608,pattern,2,978.057,13550.062,17747.144,8673664
13,1,main,range,signed,false,8388608,pattern,2,19996.743,1065.228,23813.649,8673664
13,1,main,range,encrypted,true,8388608,pattern,2,334.585,1772.881,2141.726,312704
13,1,main,stream-content,encrypted-signed,false,8388608,pattern,2,1322.392,19485.414,25696.990,8673664
13,1,main,whole,signed,true,8388608,pattern,2,11846.923,19060.517,31004.572,322944
13,1,main,stream-content,signed,true,8388608,pattern,2,10006.591,4227.023,14298.715,322944
13,1,main,whole,encrypted-signed,true,8388608,pattern,2,1447.164,15315.813,16837.208,322944
13,1,main,stream,encrypted,true,8388608,pattern,2,336.736,7853.625,8245.281,312704
13,1,main,whole,signed,false,8388608,pattern,2,17857.796,19462.873,41154.525,8673664
13,1,main,stream,plain,false,8388608,pattern,2,266.684,15212.661,18301.863,8659328
13,1,main,range,plain,true,8388608,pattern,2,344.675,1950.614,2343.670,312704
13,1,main,stream-content,encrypted,false,8388608,pattern,2,325.866,19207.619,23427.982,8659328
13,1,main,stream-content,encrypted-signed,true,8388608,pattern,2,1328.763,6368.109,7762.663,322944
13,1,main,whole,encrypted,false,8388608,pattern,2,316.575,36499.346,42458.037,8659328
13,1,main,stream,encrypted,false,8388608,pattern,2,399.827,22523.436,26679.978,8659328
13,2,main,range,encrypted-signed,true,8388608,pattern,1,1022.318,1329.912,2390.431,322944
13,2,main,stream,encrypted,false,8388608,pattern,1,213.573,17588.612,21913.015,8659328
13,2,main,whole,encrypted-signed,true,8388608,pattern,1,1034.958,16769.507,17875.276,322944
13,2,main,stream-content,plain,false,8388608,pattern,1,236.434,11954.625,15082.149,8659328
13,2,main,whole,encrypted,false,8388608,pattern,1,330.686,33199.649,39442.976,8659328
13,2,main,stream-content,encrypted-signed,false,8388608,pattern,1,1436.675,25090.660,31295.397,8673664
13,2,main,stream,plain,true,8388608,pattern,1,340.215,11894.864,12307.410,312704
13,2,main,stream-content,encrypted,true,8388608,pattern,1,330.756,5006.376,5400.693,312704
13,2,main,stream-content,signed,false,8388608,pattern,1,20239.947,6103.144,29157.380,8673664
13,2,main,range,encrypted-signed,false,8388608,pattern,1,1480.455,14023.381,19652.457,8673664
13,2,main,stream,encrypted-signed,true,8388608,pattern,1,1526.176,12303.761,13903.268,322944
13,2,main,stream,encrypted-signed,false,8388608,pattern,1,1416.034,22751.380,28912.775,8673664
13,2,main,whole,encrypted,true,8388608,pattern,1,345.676,18774.822,19190.979,312704
13,2,main,whole,plain,true,8388608,pattern,1,275.164,11029.369,11365.624,312704
13,2,main,whole,plain,false,8388608,pattern,1,284.295,23651.916,27929.389,8659328
13,2,main,stream-content,plain,true,8388608,pattern,1,272.245,6966.359,7299.555,312704
13,2,main,range,signed,true,8388608,pattern,1,11053.619,1317.453,12439.063,322944
13,2,main,stream,encrypted,true,8388608,pattern,1,276.335,8482.455,8812.511,312704
13,2,main,range,encrypted,false,8388608,pattern,1,250.944,12047.567,15759.500,8659328
13,2,main,range,signed,false,8388608,pattern,1,22127.490,1112.029,26088.908,8673664
13,2,main,range,encrypted,true,8388608,pattern,1,392.496,1990.165,2454.232,312704
13,2,main,stream-content,encrypted-signed,true,8388608,pattern,1,1567.067,4797.882,6433.590,322944
13,2,main,stream-content,signed,true,8388608,pattern,1,10174.975,4472.286,14717.502,322944
13,2,main,whole,signed,true,8388608,pattern,1,10231.055,14116.772,24427.168,322944
13,2,main,whole,signed,false,8388608,pattern,1,16951.621,20326.178,41891.088,8673664
13,2,main,stream,plain,false,8388608,pattern,1,324.746,15682.788,18854.283,8659328
13,2,main,stream,signed,true,8388608,pattern,1,10755.954,6386.630,17213.625,322944
13,2,main,stream,signed,false,8388608,pattern,1,18759.732,5313.251,26916.051,8673664
13,2,main,stream-content,encrypted,false,8388608,pattern,1,340.695,20265.218,25456.956,8659328
13,2,main,whole,encrypted-signed,false,8388608,pattern,1,1424.784,40071.397,47171.508,8673664
13,2,main,range,plain,true,8388608,pattern,1,337.366,3767.295,4189.092,312704
13,2,main,range,plain,false,8388608,pattern,1,318.025,9962.791,12493.944,8659328
13,2,main,stream,signed,false,8388608,pattern,2,19270.721,5440.843,27548.163,8673664
13,2,main,stream,plain,true,8388608,pattern,2,357.616,8323.993,8749.400,312704
13,2,main,range,signed,true,8388608,pattern,2,10152.844,1677.239,11890.334,322944
13,2,main,whole,encrypted-signed,false,8388608,pattern,2,1516.716,35374.936,42663.941,8673664
13,2,main,range,encrypted-signed,true,8388608,pattern,2,1452.075,3835.485,5362.762,322944
13,2,main,stream-content,signed,false,8388608,pattern,2,22340.873,6118.375,31446.009,8673664
13,2,main,range,plain,false,8388608,pattern,2,352.826,7128.002,9717.486,8659328
13,2,main,stream-content,encrypted,true,8388608,pattern,2,384.197,5212.669,5673.768,312704
13,2,main,whole,plain,true,8388608,pattern,2,401.137,15909.232,16378.511,312704
13,2,main,stream-content,plain,false,8388608,pattern,2,313.425,14187.643,17379.268,8659328
13,2,main,whole,plain,false,8388608,pattern,2,347.736,28055.141,33477.273,8659328
13,2,main,stream,encrypted-signed,true,8388608,pattern,2,1525.496,12629.856,14222.523,322944
13,2,main,stream,signed,true,8388608,pattern,2,10510.090,8376.724,18954.015,322944
13,2,main,stream,encrypted-signed,false,8388608,pattern,2,1421.204,23192.228,29509.536,8673664
13,2,main,whole,encrypted,true,8388608,pattern,2,388.717,21671.571,22137.879,312704
13,2,main,range,encrypted,false,8388608,pattern,2,319.616,13916.978,18514.368,8659328
13,2,main,stream-content,plain,true,8388608,pattern,2,361.116,7073.461,7504.188,312704
13,2,main,range,encrypted-signed,false,8388608,pattern,2,1437.125,16801.918,22377.124,8673664
13,2,main,range,signed,false,8388608,pattern,2,23912.080,1113.089,27891.918,8673664
13,2,main,range,encrypted,true,8388608,pattern,2,393.176,1929.533,2374.380,312704
13,2,main,stream-content,encrypted-signed,false,8388608,pattern,2,1380.554,23535.753,29963.314,8673664
13,2,main,whole,signed,true,8388608,pattern,2,12507.054,22702.739,35273.954,322944
13,2,main,stream-content,signed,true,8388608,pattern,2,10253.216,3351.218,13649.604,322944
13,2,main,whole,encrypted-signed,true,8388608,pattern,2,1070.098,10619.192,11736.561,322944
13,2,main,stream,encrypted,true,8388608,pattern,2,328.506,6821.166,7191.463,312704
13,2,main,whole,signed,false,8388608,pattern,2,18034.379,20963.329,43559.976,8673664
13,2,main,stream,plain,false,8388608,pattern,2,323.555,16875.059,20002.732,8659328
13,2,main,range,plain,true,8388608,pattern,2,413.687,1909.353,2377.291,312704
13,2,main,stream-content,encrypted,false,8388608,pattern,2,313.055,21264.685,26295.501,8659328
13,2,main,stream-content,encrypted-signed,true,8388608,pattern,2,1497.085,7009.350,8573.837,322944
13,2,main,whole,encrypted,false,8388608,pattern,2,325.205,38218.835,44119.206,8659328
13,2,main,stream,encrypted,false,8388608,pattern,2,335.465,25264.573,30211.087,8659328
13,3,branch,range,encrypted-signed,true,8388608,pattern,1,1204.091,1112.469,2341.970,322944
13,3,branch,stream,encrypted,false,8388608,pattern,1,266.145,17616.611,20168.036,8659328
13,3,branch,whole,encrypted-signed,true,8388608,pattern,1,1546.326,19150.448,20748.465,322944
13,3,branch,stream-content,plain,false,8388608,pattern,1,295.555,13084.974,14100.652,8659328
13,3,branch,whole,encrypted,false,8388608,pattern,1,295.875,30024.784,33458.463,8659328
13,3,branch,stream-content,encrypted-signed,false,8388608,pattern,1,1514.116,23192.647,27340.559,8673664
13,3,branch,stream,plain,true,8388608,pattern,1,314.125,8437.275,8800.620,312704
13,3,branch,stream-content,encrypted,true,8388608,pattern,1,333.296,5023.206,5401.883,312704
13,3,branch,stream-content,signed,false,8388608,pattern,1,20682.194,5841.740,27310.888,8673664
13,3,branch,range,encrypted-signed,false,8388608,pattern,1,1544.016,12322.622,16337.560,8673664
13,3,branch,stream,encrypted-signed,true,8388608,pattern,1,1571.577,8848.851,10483.640,322944
13,3,branch,stream,encrypted-signed,false,8388608,pattern,1,1768.190,21433.937,25627.239,8673664
13,3,branch,whole,encrypted,true,8388608,pattern,1,396.476,16698.457,17154.694,312704
13,3,branch,whole,plain,true,8388608,pattern,1,260.755,9094.486,9398.861,312704
13,3,branch,whole,plain,false,8388608,pattern,1,241.824,23606.725,26401.983,8659328
13,3,branch,stream-content,plain,true,8388608,pattern,1,320.665,3999.299,4360.495,312704
13,3,branch,range,signed,true,8388608,pattern,1,9190.317,1338.533,10579.721,322944
13,3,branch,stream,encrypted,true,8388608,pattern,1,694.572,6597.393,7366.996,312704
13,3,branch,range,encrypted,false,8388608,pattern,1,308.135,13724.185,16279.039,8659328
13,3,branch,range,signed,false,8388608,pattern,1,22119.759,1087.739,23966.991,8673664
13,3,branch,range,encrypted,true,8388608,pattern,1,335.996,1014.927,1375.163,312704
13,3,branch,stream-content,encrypted-signed,true,8388608,pattern,1,1112.489,3562.991,4744.471,322944
13,3,branch,stream-content,signed,true,8388608,pattern,1,9935.241,4839.863,14819.004,322944
13,3,branch,whole,signed,true,8388608,pattern,1,9701.027,12871.760,22627.018,322944
13,3,branch,whole,signed,false,8388608,pattern,1,19243.970,17724.573,39595.498,8673664
13,3,branch,stream,plain,false,8388608,pattern,1,311.076,16468.072,17609.012,8659328
13,3,branch,stream,signed,true,8388608,pattern,1,10220.335,5056.256,15326.502,322944
13,3,branch,stream,signed,false,8388608,pattern,1,19037.667,5133.778,24970.508,8673664
13,3,branch,stream-content,encrypted,false,8388608,pattern,1,338.796,19248.200,22341.023,8659328
13,3,branch,whole,encrypted-signed,false,8388608,pattern,1,1519.056,31380.098,35555.059,8673664
13,3,branch,range,plain,true,8388608,pattern,1,262.475,3110.753,3412.379,312704
13,3,branch,range,plain,false,8388608,pattern,1,244.225,8620.807,9160.207,8659328
13,3,branch,stream,signed,false,8388608,pattern,2,16869.479,5076.817,22470.115,8673664
13,3,branch,stream,plain,true,8388608,pattern,2,342.046,4871.564,5274.821,312704
13,3,branch,range,signed,true,8388608,pattern,2,9133.087,750.642,9929.910,322944
13,3,branch,whole,encrypted-signed,false,8388608,pattern,2,1049.688,23598.495,27258.797,8673664
13,3,branch,range,encrypted-signed,true,8388608,pattern,2,1132.380,3030.902,4212.853,322944
13,3,branch,stream-content,signed,false,8388608,pattern,2,20113.705,5604.266,26480.944,8673664
13,3,branch,range,plain,false,8388608,pattern,2,253.425,6375.339,7105.172,8659328
13,3,branch,stream-content,encrypted,true,8388608,pattern,2,279.595,3598.081,3930.717,312704
13,3,branch,whole,plain,true,8388608,pattern,2,253.605,9452.672,9764.368,312704
13,3,branch,stream-content,plain,false,8388608,pattern,2,248.094,13249.127,14283.964,8659328
13,3,branch,whole,plain,false,8388608,pattern,2,273.485,24379.518,27227.417,8659328
13,3,branch,stream,encrypted-signed,true,8388608,pattern,2,1529.996,7140.502,8731.690,322944
13,3,branch,stream,signed,true,8388608,pattern,2,10356.587,4603.959,15005.577,322944
13,3,branch,stream,encrypted-signed,false,8388608,pattern,2,1096.018,20339.739,24110.953,8673664
13,3,branch,whole,encrypted,true,8388608,pattern,2,383.676,18161.662,18619.979,312704
13,3,branch,range,encrypted,false,8388608,pattern,2,343.426,11749.491,14127.572,8659328
13,3,branch,stream-content,plain,true,8388608,pattern,2,272.775,5102.927,5431.323,312704
13,3,branch,range,encrypted-signed,false,8388608,pattern,2,1053.358,15754.870,19387.302,8673664
13,3,branch,range,signed,false,8388608,pattern,2,24355.567,1124.980,26436.113,8673664
13,3,branch,range,encrypted,true,8388608,pattern,2,389.127,1350.573,1785.011,312704
13,3,branch,stream-content,encrypted-signed,false,8388608,pattern,2,1558.706,20082.064,24459.509,8673664
13,3,branch,whole,signed,true,8388608,pattern,2,12753.958,17018.262,29849.731,322944
13,3,branch,stream-content,signed,true,8388608,pattern,2,8819.431,3322.717,12188.579,322944
13,3,branch,whole,encrypted-signed,true,8388608,pattern,2,1084.058,10600.382,11740.141,322944
13,3,branch,stream,encrypted,true,8388608,pattern,2,581.390,5346.671,5982.902,312704
13,3,branch,whole,signed,false,8388608,pattern,2,18970.775,17869.777,38870.726,8673664
13,3,branch,stream,plain,false,8388608,pattern,2,251.584,15996.665,16898.640,8659328
13,3,branch,range,plain,true,8388608,pattern,2,329.445,1205.231,1564.597,312704
13,3,branch,stream-content,encrypted,false,8388608,pattern,2,275.844,19259.440,22355.993,8659328
13,3,branch,stream-content,encrypted-signed,true,8388608,pattern,2,1611.847,7361.606,9034.784,322944
13,3,branch,whole,encrypted,false,8388608,pattern,2,299.685,33924.101,37510.312,8659328
13,3,branch,stream,encrypted,false,8388608,pattern,2,330.946,23030.475,26097.947,8659328
14,0,main,stream-content,plain,true,8388608,pattern,1,360.286,5160.259,5587.406,312704
14,0,main,stream-content,signed,false,8388608,pattern,1,22366.633,6797.847,31976.388,8673664
14,0,main,whole,encrypted-signed,true,8388608,pattern,1,1649.198,16858.929,18594.258,322944
14,0,main,whole,encrypted-signed,false,8388608,pattern,1,1636.918,37206.138,44522.003,8673664
14,0,main,range,encrypted-signed,false,8388608,pattern,1,1639.268,20280.588,25937.255,8673664
14,0,main,whole,plain,true,8388608,pattern,1,353.246,22897.432,23371.200,312704
14,0,main,stream,encrypted,true,8388608,pattern,1,407.257,9697.726,10167.124,312704
14,0,main,stream,plain,false,8388608,pattern,1,363.186,16640.315,19899.541,8659328
14,0,main,stream-content,plain,false,8388608,pattern,1,341.576,14601.650,17862.756,8659328
14,0,main,range,signed,true,8388608,pattern,1,11558.518,1973.964,13620.463,322944
14,0,main,stream-content,encrypted-signed,false,8388608,pattern,1,1520.696,22062.198,28271.295,8673664
14,0,main,stream,encrypted,false,8388608,pattern,1,750.593,27689.714,33176.358,8659328
14,0,main,stream-content,encrypted-signed,true,8388608,pattern,1,1544.356,7428.857,9039.964,322944
14,0,main,range,signed,false,8388608,pattern,1,23750.487,1119.029,27723.955,8673664
14,0,main,whole,signed,false,8388608,pattern,1,19789.299,20697.735,44894.349,8673664
14,0,main,range,plain,false,8388608,pattern,1,313.346,10491.010,12781.499,8659328
14,0,main,stream,signed,true,8388608,pattern,1,10479.039,8505.336,19057.316,322944
14,0,main,whole,encrypted,true,8388608,pattern,1,352.206,14189.883,14618.551,312704
14,0,main,whole,signed,true,8388608,pattern,1,8941.083,11511.497,20517.891,322944
14,0,main,whole,plain,false,8388608,pattern,1,229.524,23318.760,27544.862,8659328
14,0,main,range,encrypted,false,8388608,pattern,1,275.695,16199.867,20100.255,8659328
14,0,main,stream-content,encrypted,true,8388608,pattern,1,381.766,5353.192,5807.009,312704
14,0,main,stream,plain,true,8388608,pattern,1,290.765,9480.733,9874.830,312704
14,0,main,stream-content,signed,true,8388608,pattern,1,9287.019,3541.621,12910.801,322944
14,0,main,whole,encrypted,false,8388608,pattern,1,275.315,30861.649,35812.314,8659328
14,0,main,stream,signed,false,8388608,pattern,1,21795.983,5243.580,29334.602,8673664
14,0,main,stream-content,encrypted,false,8388608,pattern,1,294.685,19400.183,23520.993,8659328
14,0,main,stream,encrypted-signed,false,8388608,pattern,1,1067.748,22959.874,28541.739,8673664
14,0,main,stream,encrypted-signed,true,8388608,pattern,1,1158.340,10155.374,11395.815,322944
14,0,main,range,encrypted-signed,true,8388608,pattern,1,1122.669,1527.006,2709.256,322944
14,0,main,range,encrypted,true,8388608,pattern,1,309.455,1437.205,1803.581,312704
14,0,main,range,plain,true,8388608,pattern,1,279.845,1398.844,1735.600,312704
14,0,main,stream-content,signed,false,8388608,pattern,2,20360.819,6257.537,28985.387,8673664
14,0,main,stream,encrypted-signed,true,8388608,pattern,2,1148.049,7414.807,8623.727,322944
14,0,main,range,encrypted-signed,false,8388608,pattern,2,1476.046,13689.974,19092.668,8673664
14,0,main,stream,signed,true,8388608,pattern,2,13861.207,11046.579,25006.828,322944
14,0,main,stream-content,encrypted-signed,true,8388608,pattern,2,1470.505,5107.878,6651.244,322944
14,0,main,whole,signed,false,8388608,pattern,2,21453.248,19026.776,44379.590,8673664
14,0,main,range,signed,true,8388608,pattern,2,9610.785,1375.173,11047.609,322944
14,0,main,stream-content,signed,true,8388608,pattern,2,8811.671,3659.003,12546.285,322944
14,0,main,range,plain,false,8388608,pattern,2,243.595,9118.476,11148.491,8659328
14,0,main,range,plain,true,8388608,pattern,2,302.205,1543.566,1900.452,312704
14,0,main,whole,encrypted-signed,false,8388608,pattern,2,1082.519,29426.814,34987.059,8673664
14,0,main,stream,encrypted,false,8388608,pattern,2,264.925,23796.088,28028.151,8659328
14,0,main,whole,encrypted,true,8388608,pattern,2,356.596,16127.136,16551.953,312704
14,0,main,whole,signed,true,8388608,pattern,2,9875.689,15564.216,25501.386,322944
14,0,main,range,encrypted,true,8388608,pattern,2,355.136,1923.463,2329.380,312704
14,0,main,stream,plain,true,8388608,pattern,2,306.895,8061.788,8431.744,312704
14,0,main,stream-content,encrypted,false,8388608,pattern,2,331.436,21264.614,26334.732,8659328
14,0,main,range,encrypted,false,8388608,pattern,2,362.326,19203.679,23613.244,8659328
14,0,main,stream,signed,false,8388608,pattern,2,23683.166,5095.027,31019.372,8673664
14,0,main,stream-content,plain,true,8388608,pattern,2,278.214,3547.891,3880.016,312704
14,0,main,range,signed,false,8388608,pattern,2,17162.354,1073.878,20434.390,8673664
14,0,main,whole,plain,true,8388608,pattern,2,262.825,10669.712,10998.429,312704
14,0,main,stream-content,plain,false,8388608,pattern,2,234.704,11746.092,14182.133,8659328
14,0,main,range,encrypted-signed,true,8388608,pattern,2,1071.119,1767.260,2910.570,322944
14,0,main,whole,encrypted-signed,true,8388608,pattern,2,1510.226,15440.745,17022.922,322944
14,0,main,stream,plain,false,8388608,pattern,2,275.625,12300.800,15433.874,8659328
14,0,main,whole,plain,false,8388608,pattern,2,283.375,25609.429,30534.993,8659328
14,0,main,stream-content,encrypted-signed,false,8388608,pattern,2,1447.935,26513.964,32466.827,8673664
14,0,main,stream,encrypted,true,8388608,pattern,2,404.917,12371.591,12846.790,312704
14,0,main,stream-content,encrypted,true,8388608,pattern,2,306.305,5238.670,5631.666,312704
14,0,main,stream,encrypted-signed,false,8388608,pattern,2,1458.375,22693.908,28653.930,8673664
14,0,main,whole,encrypted,false,8388608,pattern,2,359.536,40792.079,46575.657,8659328
14,1,branch,stream-content,plain,true,8388608,pattern,1,306.755,4042.249,4395.965,312704
14,1,branch,stream-content,signed,false,8388608,pattern,1,21076.911,5967.932,27808.156,8673664
14,1,branch,whole,encrypted-signed,true,8388608,pattern,1,1547.247,11820.192,13426.520,322944
14,1,branch,whole,encrypted-signed,false,8388608,pattern,1,1470.675,28130.632,32642.559,8673664
14,1,branch,range,encrypted-signed,false,8388608,pattern,1,1499.655,16902.680,20736.445,8673664
14,1,branch,whole,plain,true,8388608,pattern,1,355.936,17873.427,18299.384,312704
14,1,branch,stream,encrypted,true,8388608,pattern,1,377.646,5329.441,5765.028,312704
14,1,branch,stream,plain,false,8388608,pattern,1,290.565,12294.540,13230.046,8659328
14,1,branch,stream-content,plain,false,8388608,pattern,1,249.315,12269.850,13250.667,8659328
14,1,branch,range,signed,true,8388608,pattern,1,8510.086,760.283,9320.290,322944
14,1,branch,stream-content,encrypted-signed,false,8388608,pattern,1,1040.768,16675.065,20312.688,8673664
14,1,branch,stream,encrypted,false,8388608,pattern,1,348.486,21317.725,23772.157,8659328
14,1,branch,stream-content,encrypted-signed,true,8388608,pattern,1,1215.491,5510.954,6782.896,322944
14,1,branch,range,signed,false,8388608,pattern,1,20097.274,1087.708,21793.413,8673664
14,1,branch,whole,signed,false,8388608,pattern,1,17105.783,13873.898,33126.017,8673664
14,1,branch,range,plain,false,8388608,pattern,1,238.764,8812.351,9466.462,8659328
14,1,branch,stream,signed,true,8388608,pattern,1,8293.203,3339.127,11680.971,322944
14,1,branch,whole,encrypted,true,8388608,pattern,1,249.964,8516.086,8817.081,312704
14,1,branch,whole,signed,true,8388608,pattern,1,8195.271,9285.169,17529.921,322944
14,1,branch,whole,plain,false,8388608,pattern,1,260.484,24205.945,26954.961,8659328
14,1,branch,range,encrypted,false,8388608,pattern,1,358.896,15106.239,17882.816,8659328
14,1,branch,stream-content,encrypted,true,8388608,pattern,1,393.147,6976.600,7418.287,312704
14,1,branch,stream,plain,true,8388608,pattern,1,297.395,6335.599,6695.785,312704
14,1,branch,stream-content,signed,true,8388608,pattern,1,10198.305,4345.374,14596.880,322944
14,1,branch,whole,encrypted,false,8388608,pattern,1,270.225,26409.782,29239.721,8659328
14,1,branch,stream,signed,false,8388608,pattern,1,20764.206,4970.935,26143.938,8673664
14,1,branch,stream-content,encrypted,false,8388608,pattern,1,251.624,16214.938,18434.045,8659328
14,1,branch,stream,encrypted-signed,false,8388608,pattern,1,1025.308,19071.176,22061.338,8673664
14,1,branch,stream,encrypted-signed,true,8388608,pattern,1,1043.168,5863.390,6948.849,322944
14,1,branch,range,encrypted-signed,true,8388608,pattern,1,1093.449,816.804,1925.923,322944
14,1,branch,range,encrypted,true,8388608,pattern,1,218.764,762.453,992.597,312704
14,1,branch,range,plain,true,8388608,pattern,1,187.143,750.923,949.367,312704
14,1,branch,stream-content,signed,false,8388608,pattern,2,18567.868,5077.607,24077.252,8673664
14,1,branch,stream,encrypted-signed,true,8388608,pattern,2,1052.948,3363.208,4454.386,322944
14,1,branch,range,encrypted-signed,false,8388608,pattern,2,1023.198,10312.316,13786.946,8673664
14,1,branch,stream,signed,true,8388608,pattern,2,12096.547,6670.535,18829.253,322944
14,1,branch,stream-content,encrypted-signed,true,8388608,pattern,2,1623.348,4750.242,6424.950,322944
14,1,branch,whole,signed,false,8388608,pattern,2,21836.854,17380.878,41209.936,8673664
14,1,branch,range,signed,true,8388608,pattern,2,8375.914,715.802,9127.606,322944
14,1,branch,stream-content,signed,true,8388608,pattern,2,8297.612,3226.336,11569.968,322944
14,1,branch,range,plain,false,8388608,pattern,2,293.735,8993.684,9600.215,8659328
14,1,branch,range,plain,true,8388608,pattern,2,269.084,861.585,1147.429,312704
14,1,branch,whole,encrypted-signed,false,8388608,pattern,2,1128.519,24064.672,28131.691,8673664
14,1,branch,stream,encrypted,false,8388608,pattern,2,278.585,22490.585,24906.547,8659328
14,1,branch,whole,encrypted,true,8388608,pattern,2,325.016,14271.674,14655.761,312704
14,1,branch,whole,signed,true,8388608,pattern,2,8968.254,9335.980,18369.785,322944
14,1,branch,range,encrypted,true,8388608,pattern,2,387.386,1041.248,1458.015,312704
14,1,branch,stream,plain,true,8388608,pattern,2,225.613,3501.900,3766.514,312704
14,1,branch,stream-content,encrypted,false,8388608,pattern,2,226.494,15775.530,18188.752,8659328
14,1,branch,range,encrypted,false,8388608,pattern,2,240.474,13753.136,15947.113,8659328
14,1,branch,stream,signed,false,8388608,pattern,2,20574.923,4912.394,25864.303,8673664
14,1,branch,stream-content,plain,true,8388608,pattern,2,240.674,3364.298,3645.722,312704
14,1,branch,range,signed,false,8388608,pattern,2,16423.012,1117.809,18091.890,8673664
14,1,branch,whole,plain,true,8388608,pattern,2,246.944,8689.619,8990.134,312704
14,1,branch,stream-content,plain,false,8388608,pattern,2,206.483,12510.814,13417.350,8659328
14,1,branch,range,encrypted-signed,true,8388608,pattern,2,1530.716,1144.909,2703.386,322944
14,1,branch,whole,encrypted-signed,true,8388608,pattern,2,1420.204,11617.239,13109.054,322944
14,1,branch,stream,plain,false,8388608,pattern,2,302.115,12182.629,13035.383,8659328
14,1,branch,whole,plain,false,8388608,pattern,2,289.755,23213.588,25877.013,8659328
14,1,branch,stream-content,encrypted-signed,false,8388608,pattern,2,1546.876,20984.109,24916.956,8673664
14,1,branch,stream,encrypted,true,8388608,pattern,2,350.336,7431.748,7830.744,312704
14,1,branch,stream-content,encrypted,true,8388608,pattern,2,344.436,4170.822,4563.829,312704
14,1,branch,stream,encrypted-signed,false,8388608,pattern,2,1432.074,19880.380,23832.058,8673664
14,1,branch,whole,encrypted,false,8388608,pattern,2,321.365,32710.650,36180.969,8659328
14,2,branch,stream-content,plain,true,8388608,pattern,1,335.746,4005.479,4391.106,312704
14,2,branch,stream-content,signed,false,8388608,pattern,1,19915.921,5424.783,26003.905,8673664
14,2,branch,whole,encrypted-signed,true,8388608,pattern,1,1454.345,11646.139,13154.435,322944
14,2,branch,whole,encrypted-signed,false,8388608,pattern,1,1452.865,27504.621,31885.816,8673664
14,2,branch,range,encrypted-signed,false,8388608,pattern,1,1476.526,16163.746,19913.161,8673664
14,2,branch,whole,plain,true,8388608,pattern,1,353.536,17263.366,17672.713,312704
14,2,branch,stream,encrypted,true,8388608,pattern,1,339.436,4386.225,4769.512,312704
14,2,branch,stream,plain,false,8388608,pattern,1,280.614,11554.138,12565.515,8659328
14,2,branch,stream-content,plain,false,8388608,pattern,1,296.205,12388.072,13403.099,8659328
14,2,branch,range,signed,true,8388608,pattern,1,9604.605,926.906,10586.412,322944
14,2,branch,stream-content,encrypted-signed,false,8388608,pattern,1,1477.645,17925.627,21901.405,8673664
14,2,branch,stream,encrypted,false,8388608,pattern,1,337.946,23286.608,26155.048,8659328
14,2,branch,stream-content,encrypted-signed,true,8388608,pattern,1,1548.176,6455.981,8061.258,322944
14,2,branch,range,signed,false,8388608,pattern,1,21700.302,1085.388,23483.352,8673664
14,2,branch,whole,signed,false,8388608,pattern,1,18664.570,17016.131,38092.853,8673664
14,2,branch,range,plain,false,8388608,pattern,1,298.135,9585.494,10401.048,8659328
14,2,branch,stream,signed,true,8388608,pattern,1,10048.372,5075.977,15179.230,322944
14,2,branch,whole,encrypted,true,8388608,pattern,1,363.776,11744.931,12161.768,312704
14,2,branch,whole,signed,true,8388608,pattern,1,10129.384,11911.994,22100.569,322944
14,2,branch,whole,plain,false,8388608,pattern,1,292.885,24128.383,26822.689,8659328
14,2,branch,range,encrypted,false,8388608,pattern,1,294.195,14743.813,17452.389,8659328
14,2,branch,stream-content,encrypted,true,8388608,pattern,1,427.637,6843.378,7328.706,312704
14,2,branch,stream,plain,true,8388608,pattern,1,350.326,6445.910,6845.357,312704
14,2,branch,stream-content,signed,true,8388608,pattern,1,8480.425,3266.406,11786.472,322944
14,2,branch,whole,encrypted,false,8388608,pattern,1,229.534,24827.725,27540.221,8659328
14,2,branch,stream,signed,false,8388608,pattern,1,21016.150,5050.076,26510.054,8673664
14,2,branch,stream-content,encrypted,false,8388608,pattern,1,261.835,17059.852,20125.365,8659328
14,2,branch,stream,encrypted-signed,false,8388608,pattern,1,1482.455,24796.575,29045.587,8673664
14,2,branch,stream,encrypted-signed,true,8388608,pattern,1,1578.197,9640.695,11272.323,322944
14,2,branch,range,encrypted-signed,true,8388608,pattern,1,1173.780,921.096,2122.466,322944
14,2,branch,range,encrypted,true,8388608,pattern,1,247.554,804.654,1066.988,312704
14,2,branch,range,plain,true,8388608,pattern,1,209.173,753.653,978.576,312704
14,2,branch,stream-content,signed,false,8388608,pattern,2,19258.849,5693.498,25665.159,8673664
14,2,branch,stream,encrypted-signed,true,8388608,pattern,2,1182.951,5830.350,7064.721,322944
14,2,branch,range,encrypted-signed,false,8388608,pattern,2,1531.696,11610.408,15610.627,8673664
14,2,branch,stream,signed,true,8388608,pattern,2,12168.258,6522.852,18755.751,322944
14,2,branch,stream-content,encrypted-signed,true,8388608,pattern,2,1544.686,4818.023,6408.650,322944
14,2,branch,whole,signed,false,8388608,pattern,2,20908.048,17610.301,41067.903,8673664
14,2,branch,range,signed,true,8388608,pattern,2,10559.051,1225.361,11841.093,322944
14,2,branch,stream-content,signed,true,8388608,pattern,2,10753.054,4980.885,15792.740,322944
14,2,branch,range,plain,false,8388608,pattern,2,271.024,10242.936,11100.230,8659328
14,2,branch,range,plain,true,8388608,pattern,2,360.916,1298.662,1702.809,312704
14,2,branch,whole,encrypted-signed,false,8388608,pattern,2,1484.575,29616.137,34092.634,8673664
14,2,branch,stream,encrypted,false,8388608,pattern,2,295.025,23246.398,26040.815,8659328
14,2,branch,whole,encrypted,true,8388608,pattern,2,359.507,18701.790,19124.928,312704
14,2,branch,whole,signed,true,8388608,pattern,2,10587.531,12260.980,22902.922,322944
14,2,branch,range,encrypted,true,8388608,pattern,2,352.676,1320.463,1717.650,312704
14,2,branch,stream,plain,true,8388608,pattern,2,290.115,5662.357,5997.432,312704
14,2,branch,stream-content,encrypted,false,8388608,pattern,2,273.425,18028.209,20748.456,8659328
14,2,branch,range,encrypted,false,8388608,pattern,2,317.945,15056.268,17290.746,8659328
14,2,branch,stream,signed,false,8388608,pattern,2,21012.169,5104.928,26750.028,8673664
14,2,branch,stream-content,plain,true,8388608,pattern,2,351.446,4253.193,4646.679,312704
14,2,branch,range,signed,false,8388608,pattern,2,17179.244,1071.009,18769.532,8673664
14,2,branch,whole,plain,true,8388608,pattern,2,266.224,9557.844,9876.819,312704
14,2,branch,stream-content,plain,false,8388608,pattern,2,228.974,12721.968,13514.191,8659328
14,2,branch,range,encrypted-signed,true,8388608,pattern,2,1082.699,921.896,2031.835,322944
14,2,branch,whole,encrypted-signed,true,8388608,pattern,2,1010.887,8590.527,9656.405,322944
14,2,branch,stream,plain,false,8388608,pattern,2,223.034,12074.267,12927.602,8659328
14,2,branch,whole,plain,false,8388608,pattern,2,293.465,24126.813,26795.198,8659328
14,2,branch,stream-content,encrypted-signed,false,8388608,pattern,2,1094.598,18758.612,21859.854,8673664
14,2,branch,stream,encrypted,true,8388608,pattern,2,348.526,7534.689,7931.516,312704
14,2,branch,stream-content,encrypted,true,8388608,pattern,2,259.864,3395.338,3696.133,312704
14,2,branch,stream,encrypted-signed,false,8388608,pattern,2,1114.019,16806.107,19840.339,8673664
14,2,branch,whole,encrypted,false,8388608,pattern,2,241.454,25746.381,28350.076,8659328
14,3,main,stream-content,plain,true,8388608,pattern,1,226.264,2968.711,3219.165,312704
14,3,main,stream-content,signed,false,8388608,pattern,1,16772.708,4992.945,23887.649,8673664
14,3,main,whole,encrypted-signed,true,8388608,pattern,1,1010.888,9881.849,10948.998,322944
14,3,main,whole,encrypted-signed,false,8388608,pattern,1,1001.037,26753.768,32169.470,8673664
14,3,main,range,encrypted-signed,false,8388608,pattern,1,972.157,14699.902,18885.004,8673664
14,3,main,whole,plain,true,8388608,pattern,1,300.015,14763.422,15128.659,312704
14,3,main,stream,encrypted,true,8388608,pattern,1,287.854,5371.692,5706.807,312704
14,3,main,stream,plain,false,8388608,pattern,1,219.394,10500.480,12829.220,8659328
14,3,main,stream-content,plain,false,8388608,pattern,1,203.754,10872.056,13174.516,8659328
14,3,main,range,signed,true,8388608,pattern,1,7963.956,1159.720,9158.227,322944
14,3,main,stream-content,encrypted-signed,false,8388608,pattern,1,939.516,16429.122,21037.630,8673664
14,3,main,stream,encrypted,false,8388608,pattern,1,244.374,20659.984,24564.681,8659328
14,3,main,stream-content,encrypted-signed,true,8388608,pattern,1,1014.337,4668.420,5773.359,322944
14,3,main,range,signed,false,8388608,pattern,1,18515.057,1042.958,21665.651,8673664
14,3,main,whole,signed,false,8388608,pattern,1,15766.450,14784.263,34023.812,8673664
14,3,main,range,plain,false,8388608,pattern,1,231.924,8172.880,9981.451,8659328
14,3,main,stream,signed,true,8388608,pattern,1,8122.049,5076.827,13250.327,322944
14,3,main,whole,encrypted,true,8388608,pattern,1,265.284,10164.804,10496.359,312704
14,3,main,whole,signed,true,8388608,pattern,1,8184.330,9919.860,18159.391,322944
14,3,main,whole,plain,false,8388608,pattern,1,216.304,20761.025,24780.674,8659328
14,3,main,range,encrypted,false,8388608,pattern,1,241.444,14500.279,17902.467,8659328
14,3,main,stream-content,encrypted,true,8388608,pattern,1,273.885,4518.517,4828.263,312704
14,3,main,stream,plain,true,8388608,pattern,1,214.803,6678.635,6937.788,312704
14,3,main,stream-content,signed,true,8388608,pattern,1,8092.999,3025.702,11161.671,322944
14,3,main,whole,encrypted,false,8388608,pattern,1,221.524,28054.220,32633.179,8659328
14,3,main,stream,signed,false,8388608,pattern,1,19975.053,4757.711,26926.902,8673664
14,3,main,stream-content,encrypted,false,8388608,pattern,1,236.294,16879.789,20795.306,8659328
14,3,main,stream,encrypted-signed,false,8388608,pattern,1,988.886,20825.237,25497.126,8673664
14,3,main,stream,encrypted-signed,true,8388608,pattern,1,1005.567,8362.003,9419.551,322944
14,3,main,range,encrypted-signed,true,8388608,pattern,1,993.487,1271.032,2294.409,322944
14,3,main,range,encrypted,true,8388608,pattern,1,253.594,1294.542,1577.407,312704
14,3,main,range,plain,true,8388608,pattern,1,209.894,1219.541,1450.635,312704
14,3,main,stream-content,signed,false,8388608,pattern,2,17003.391,5082.677,24236.535,8673664
14,3,main,stream,encrypted-signed,true,8388608,pattern,2,1024.998,5452.233,6529.622,322944
14,3,main,range,encrypted-signed,false,8388608,pattern,2,975.587,10269.375,14342.435,8673664
14,3,main,stream,signed,true,8388608,pattern,2,9641.995,6926.519,16617.885,322944
14,3,main,stream-content,encrypted-signed,true,8388608,pattern,2,1002.137,3411.608,4457.596,322944
14,3,main,whole,signed,false,8388608,pattern,2,17291.026,15533.756,36394.303,8673664
14,3,main,range,signed,true,8388608,pattern,2,8300.732,1208.260,9551.833,322944
14,3,main,stream-content,signed,true,8388608,pattern,2,7941.836,3102.123,11099.880,322944
14,3,main,range,plain,false,8388608,pattern,2,227.544,8474.695,10806.435,8659328
14,3,main,range,plain,true,8388608,pattern,2,337.456,1720.759,2092.266,312704
14,3,main,whole,encrypted-signed,false,8388608,pattern,2,1307.833,33737.067,40849.240,8673664
14,3,main,stream,encrypted,false,8388608,pattern,2,316.936,25181.061,30457.262,8659328
14,3,main,whole,encrypted,true,8388608,pattern,2,355.436,20572.512,20988.639,312704
14,3,main,whole,signed,true,8388608,pattern,2,9521.223,14790.993,24376.267,322944
14,3,main,range,encrypted,true,8388608,pattern,2,378.757,1727.319,2138.557,312704
14,3,main,stream,plain,true,8388608,pattern,2,285.525,7031.891,7369.917,312704
14,3,main,stream-content,encrypted,false,8388608,pattern,2,293.765,18632.060,23924.280,8659328
14,3,main,range,encrypted,false,8388608,pattern,2,310.325,17110.593,21593.030,8659328
14,3,main,stream,signed,false,8388608,pattern,2,21904.435,4896.213,29625.327,8673664
14,3,main,stream-content,plain,true,8388608,pattern,2,333.766,4268.093,4658.940,312704
14,3,main,range,signed,false,8388608,pattern,2,16880.919,1060.008,21209.543,8673664
14,3,main,whole,plain,true,8388608,pattern,2,305.845,14377.846,14741.092,312704
14,3,main,stream-content,plain,false,8388608,pattern,2,260.534,11342.354,14197.343,8659328
14,3,main,range,encrypted-signed,true,8388608,pattern,2,1402.634,1645.508,3081.023,322944
14,3,main,whole,encrypted-signed,true,8388608,pattern,2,1307.382,14553.150,15926.453,322944
14,3,main,stream,plain,false,8388608,pattern,2,267.654,11331.744,14553.079,8659328
14,3,main,whole,plain,false,8388608,pattern,2,284.595,24195.254,29709.428,8659328
14,3,main,stream-content,encrypted-signed,false,8388608,pattern,2,1273.622,24815.735,31241.645,8673664
14,3,main,stream,encrypted,true,8388608,pattern,2,355.276,11373.975,11783.422,312704
14,3,main,stream-content,encrypted,true,8388608,pattern,2,344.656,4261.253,4653.740,312704
14,3,main,stream,encrypted-signed,false,8388608,pattern,2,1409.644,21450.447,28133.882,8673664
14,3,main,whole,encrypted,false,8388608,pattern,2,336.046,38918.406,44904.398,8659328
