pair,position,reader,phase,mode,compressed,size,corpus,sample,open_us,read_us,total_us,archive_bytes
0,0,padded,stream,encrypted-signed,false,8388608,pattern,1,970.228,18441.618,21430.413,8673664
0,0,padded,whole,plain,true,8388608,pattern,1,255.775,12157.413,12457.869,312704
0,0,padded,whole,signed,true,8388608,pattern,1,7847.934,7412.486,15302.311,322944
0,0,padded,stream-content,signed,false,8388608,pattern,1,15120.778,4900.920,20330.513,8673664
0,0,padded,stream-content,encrypted-signed,true,8388608,pattern,1,969.148,3074.796,4068.145,322944
0,0,padded,whole,encrypted-signed,true,8388608,pattern,1,931.857,7645.500,8617.148,322944
0,0,padded,stream-content,plain,true,8388608,pattern,1,237.804,3005.505,3268.060,312704
0,0,padded,stream,signed,true,8388608,pattern,1,7846.144,2947.445,10829.449,322944
0,0,padded,stream,plain,true,8388608,pattern,1,220.174,2992.905,3233.099,312704
0,0,padded,range,signed,true,8388608,pattern,1,7920.635,677.423,8612.738,322944
0,0,padded,whole,plain,false,8388608,pattern,1,181.504,18663.262,20848.783,8659328
0,0,padded,stream,signed,false,8388608,pattern,1,18283.586,4676.106,23226.757,8673664
0,0,padded,range,encrypted-signed,true,8388608,pattern,1,975.557,790.105,1778.402,322944
0,0,padded,stream-content,signed,true,8388608,pattern,1,7786.513,2908.763,10718.816,322944
0,0,padded,stream-content,encrypted,false,8388608,pattern,1,204.054,14474.636,16688.986,8659328
0,0,padded,range,encrypted,false,8388608,pattern,1,220.944,12791.955,14851.883,8659328
0,0,padded,stream-content,encrypted,true,8388608,pattern,1,253.775,4569.683,4848.019,312704
0,0,padded,stream,encrypted-signed,true,8388608,pattern,1,960.527,3889.182,4877.529,322944
0,0,padded,stream-content,encrypted-signed,false,8388608,pattern,1,929.567,16542.034,19497.618,8673664
0,0,padded,whole,signed,false,8388608,pattern,1,19794.183,12836.526,34621.605,8673664
0,0,padded,stream,encrypted,true,8388608,pattern,1,268.265,4086.685,4380.931,312704
0,0,padded,range,encrypted-signed,false,8388608,pattern,1,937.077,10638.575,13414.286,8673664
0,0,padded,stream-content,plain,false,8388608,pattern,1,213.274,14805.192,15351.212,8659328
0,0,padded,stream,plain,false,8388608,pattern,1,197.233,10098.556,10571.004,8659328
0,0,padded,whole,encrypted,false,8388608,pattern,1,212.963,20592.898,23349.458,8659328
0,0,padded,range,plain,true,8388608,pattern,1,253.205,2344.343,2616.258,312704
0,0,padded,stream,encrypted,false,8388608,pattern,1,195.113,17044.663,19248.703,8659328
0,0,padded,range,plain,false,8388608,pattern,1,199.854,9497.644,9923.472,8659328
0,0,padded,range,encrypted,true,8388608,pattern,1,241.764,786.075,1039.119,312704
0,0,padded,whole,encrypted-signed,false,8388608,pattern,1,897.927,20731.851,24166.804,8673664
0,0,padded,whole,encrypted,true,8388608,pattern,1,275.235,12215.714,12530.980,312704
0,0,padded,range,signed,false,8388608,pattern,1,15139.568,1034.159,16406.701,8673664
0,0,padded,whole,signed,true,8388608,pattern,2,7866.024,7531.009,15436.363,322944
0,0,padded,stream,plain,false,8388608,pattern,2,209.924,10220.817,10718.717,8659328
0,0,padded,whole,encrypted,true,8388608,pattern,2,238.764,7478.757,7754.992,312704
0,0,padded,whole,encrypted,false,8388608,pattern,2,239.314,20741.701,23479.721,8659328
0,0,padded,whole,encrypted-signed,false,8388608,pattern,2,954.707,24905.488,28416.431,8673664
0,0,padded,whole,encrypted-signed,true,8388608,pattern,2,988.408,12338.397,13368.576,322944
0,0,padded,stream,signed,false,8388608,pattern,2,15260.930,4697.986,20226.461,8673664
0,0,padded,whole,signed,false,8388608,pattern,2,15041.986,12676.453,29669.055,8673664
0,0,padded,range,plain,false,8388608,pattern,2,224.334,8159.080,8608.308,8659328
0,0,padded,stream-content,encrypted,true,8388608,pattern,2,242.985,3168.508,3440.094,312704
0,0,padded,stream,signed,true,8388608,pattern,2,7786.423,2982.825,10794.789,322944
0,0,padded,range,encrypted-signed,false,8388608,pattern,2,920.747,8478.196,11259.417,8673664
0,0,padded,stream,encrypted-signed,true,8388608,pattern,2,975.718,5422.709,6430.678,322944
0,0,padded,range,encrypted,true,8388608,pattern,2,249.674,730.814,991.878,312704
0,0,padded,stream,encrypted-signed,false,8388608,pattern,2,893.467,16171.717,19086.251,8673664
0,0,padded,stream-content,signed,true,8388608,pattern,2,9355.431,2962.005,12351.016,322944
0,0,padded,whole,plain,true,8388608,pattern,2,220.614,10834.919,11099.864,312704
0,0,padded,range,encrypted,false,8388608,pattern,2,238.784,8438.525,10546.384,8659328
0,0,padded,stream,encrypted,true,8388608,pattern,2,250.975,5407.939,5688.255,312704
0,0,padded,stream,encrypted,false,8388608,pattern,2,230.444,16115.076,18417.168,8659328
0,0,padded,range,signed,false,8388608,pattern,2,19451.507,1026.959,20730.630,8673664
0,0,padded,stream-content,encrypted-signed,true,8388608,pattern,2,947.967,3043.546,4016.264,322944
0,0,padded,range,signed,true,8388608,pattern,2,7906.826,677.382,8597.628,322944
0,0,padded,stream-content,encrypted,false,8388608,pattern,2,200.353,14506.267,16753.307,8659328
0,0,padded,whole,plain,false,8388608,pattern,2,206.994,23010.272,25294.785,8659328
0,0,padded,stream-content,plain,false,8388608,pattern,2,233.494,13681.242,14383.964,8659328
0,0,padded,stream-content,encrypted-signed,false,8388608,pattern,2,957.518,15420.783,18591.311,8673664
0,0,padded,stream,plain,true,8388608,pattern,2,246.705,5693.574,5970.520,312704
0,0,padded,stream-content,signed,false,8388608,pattern,2,17958.159,4970.192,23274.467,8673664
0,0,padded,stream-content,plain,true,8388608,pattern,2,239.824,3098.387,3361.512,312704
0,0,padded,range,plain,true,8388608,pattern,2,218.944,720.273,949.618,312704
0,0,padded,range,encrypted-signed,true,8388608,pattern,2,928.237,750.464,1691.021,322944
0,1,unpadded,stream,encrypted-signed,false,8388608,pattern,1,947.007,18597.112,21656.307,8406656
0,1,unpadded,whole,plain,true,8388608,pattern,1,211.454,12217.634,12472.189,45609
0,1,unpadded,whole,signed,true,8388608,pattern,1,7858.484,7343.525,15239.570,56433
0,1,unpadded,stream-content,signed,false,8388608,pattern,1,15484.794,4925.480,20751.091,8406880
0,1,unpadded,stream-content,encrypted-signed,true,8388608,pattern,1,952.508,3089.227,4069.225,56224
0,1,unpadded,whole,encrypted-signed,true,8388608,pattern,1,921.847,7755.822,8717.240,56224
0,1,unpadded,stream-content,plain,true,8388608,pattern,1,209.334,3132.487,3369.102,45609
0,1,unpadded,stream,signed,true,8388608,pattern,1,7728.572,3039.996,10796.879,56433
0,1,unpadded,stream,plain,true,8388608,pattern,1,193.254,2980.845,3193.559,45609
0,1,unpadded,range,signed,true,8388608,pattern,1,7727.642,675.252,8414.944,56433
0,1,unpadded,whole,plain,false,8388608,pattern,1,166.603,18236.624,20348.073,8392070
0,1,unpadded,stream,signed,false,8388608,pattern,1,18124.693,4619.755,23000.582,8406880
0,1,unpadded,range,encrypted-signed,true,8388608,pattern,1,946.508,793.084,1751.752,56224
0,1,unpadded,stream-content,signed,true,8388608,pattern,1,7720.831,2905.794,10645.535,56433
0,1,unpadded,stream-content,encrypted,false,8388608,pattern,1,191.323,14273.282,16526.643,8391910
0,1,unpadded,range,encrypted,false,8388608,pattern,1,223.124,12713.993,14725.250,8391910
0,1,unpadded,stream-content,encrypted,true,8388608,pattern,1,250.604,4486.043,4763.017,45459
0,1,unpadded,stream,encrypted-signed,true,8388608,pattern,1,922.047,3881.141,4829.749,56224
0,1,unpadded,stream-content,encrypted-signed,false,8388608,pattern,1,907.107,16337.650,19212.523,8406656
0,1,unpadded,whole,signed,false,8388608,pattern,1,19263.993,12655.953,34182.007,8406880
0,1,unpadded,stream,encrypted,true,8388608,pattern,1,240.705,5449.030,5717.245,45459
0,1,unpadded,range,encrypted-signed,false,8388608,pattern,1,914.077,10645.995,13416.006,8406656
0,1,unpadded,stream-content,plain,false,8388608,pattern,1,203.244,14655.439,15166.478,8392070
0,1,unpadded,stream,plain,false,8388608,pattern,1,185.744,9989.953,10443.672,8392070
0,1,unpadded,whole,encrypted,false,8388608,pattern,1,226.024,20382.434,23085.354,8391910
0,1,unpadded,range,plain,true,8388608,pattern,1,225.645,2254.221,2496.746,45609
0,1,unpadded,stream,encrypted,false,8388608,pattern,1,182.803,16614.255,18892.026,8391910
0,1,unpadded,range,plain,false,8388608,pattern,1,201.434,9377.182,9791.200,8392070
0,1,unpadded,range,encrypted,true,8388608,pattern,1,217.894,774.214,1003.338,45459
0,1,unpadded,whole,encrypted-signed,false,8388608,pattern,1,886.426,20483.966,23911.869,8406656
0,1,unpadded,whole,encrypted,true,8388608,pattern,1,243.484,12061.261,12349.476,45459
0,1,unpadded,range,signed,false,8388608,pattern,1,14941.994,1020.689,16197.467,8406880
0,1,unpadded,whole,signed,true,8388608,pattern,2,7736.502,7300.204,15075.007,56433
0,1,unpadded,stream,plain,false,8388608,pattern,2,201.624,10221.518,10693.597,8392070
0,1,unpadded,whole,encrypted,true,8388608,pattern,2,225.524,7511.778,7772.512,45459
0,1,unpadded,whole,encrypted,false,8388608,pattern,2,221.364,20411.565,23179.156,8391910
0,1,unpadded,whole,encrypted-signed,false,8388608,pattern,2,943.178,24744.724,28230.569,8406656
0,1,unpadded,whole,encrypted-signed,true,8388608,pattern,2,972.488,12109.442,13123.271,56224
0,1,unpadded,stream,signed,false,8388608,pattern,2,14942.095,4668.785,19873.965,8406880
0,1,unpadded,whole,signed,false,8388608,pattern,2,15017.996,12579.081,29929.110,8406880
0,1,unpadded,range,plain,false,8388608,pattern,2,217.264,9429.003,9863.651,8392070
0,1,unpadded,stream-content,encrypted,true,8388608,pattern,2,222.104,3027.436,3273.640,45459
0,1,unpadded,stream,signed,true,8388608,pattern,2,7725.262,3135.557,10889.180,56433
0,1,unpadded,range,encrypted-signed,false,8388608,pattern,2,914.437,8548.107,11324.848,8406656
0,1,unpadded,stream,encrypted-signed,true,8388608,pattern,2,961.058,5430.400,6421.668,56224
0,1,unpadded,range,encrypted,true,8388608,pattern,2,212.914,726.303,950.117,45459
0,1,unpadded,stream,encrypted-signed,false,8388608,pattern,2,879.836,16066.875,18944.268,8406656
0,1,unpadded,stream-content,signed,true,8388608,pattern,2,9251.080,2884.833,12163.734,56433
0,1,unpadded,whole,plain,true,8388608,pattern,2,189.774,10686.766,10923.991,45609
0,1,unpadded,range,encrypted,false,8388608,pattern,2,226.874,8265.082,10535.063,8391910
0,1,unpadded,stream,encrypted,true,8388608,pattern,2,230.254,5378.359,5638.483,45459
0,1,unpadded,stream,encrypted,false,8388608,pattern,2,208.454,16101.746,18312.376,8391910
0,1,unpadded,range,signed,false,8388608,pattern,2,19357.426,1077.249,20848.283,8406880
0,1,unpadded,stream-content,encrypted-signed,true,8388608,pattern,2,954.277,3035.166,4009.313,56224
0,1,unpadded,range,signed,true,8388608,pattern,2,7812.533,680.153,8508.486,56433
0,1,unpadded,stream-content,encrypted,false,8388608,pattern,2,187.763,14115.949,16314.659,8391910
0,1,unpadded,whole,plain,false,8388608,pattern,2,214.394,23031.393,25203.413,8392070
0,1,unpadded,stream-content,plain,false,8388608,pattern,2,216.434,13369.305,13949.726,8392070
0,1,unpadded,stream-content,encrypted-signed,false,8388608,pattern,2,923.787,14097.339,16992.782,8406656
0,1,unpadded,stream,plain,true,8388608,pattern,2,213.504,5352.799,5592.753,45609
0,1,unpadded,stream-content,signed,false,8388608,pattern,2,17607.653,4810.368,22708.217,8406880
0,1,unpadded,stream-content,plain,true,8388608,pattern,2,211.834,3012.816,3246.150,45609
0,1,unpadded,range,plain,true,8388608,pattern,2,189.983,722.713,922.867,45609
0,1,unpadded,range,encrypted-signed,true,8388608,pattern,2,902.907,720.273,1634.570,56224
0,2,unpadded,stream,encrypted-signed,false,8388608,pattern,1,1026.138,18741.034,21884.251,8406656
0,2,unpadded,whole,plain,true,8388608,pattern,1,224.124,12877.377,13144.131,45609
0,2,unpadded,whole,signed,true,8388608,pattern,1,8139.469,8494.996,16679.796,56433
0,2,unpadded,stream-content,signed,false,8388608,pattern,1,15395.143,4908.180,20595.608,8406880
0,2,unpadded,stream-content,encrypted-signed,true,8388608,pattern,1,951.697,3258.600,4245.128,56224
0,2,unpadded,whole,encrypted-signed,true,8388608,pattern,1,947.007,8062.528,9052.486,56224
0,2,unpadded,stream-content,plain,true,8388608,pattern,1,212.143,3344.562,3592.716,45609
0,2,unpadded,stream,signed,true,8388608,pattern,1,8474.946,4163.006,12679.903,56433
0,2,unpadded,stream,plain,true,8388608,pattern,1,255.055,3625.226,3917.722,45609
0,2,unpadded,range,signed,true,8388608,pattern,1,7998.337,799.045,8821.182,56433
0,2,unpadded,whole,plain,false,8388608,pattern,1,196.694,18600.671,20801.812,8392070
0,2,unpadded,stream,signed,false,8388608,pattern,1,18342.446,4713.077,23331.608,8406880
0,2,unpadded,range,encrypted-signed,true,8388608,pattern,1,956.937,807.745,1776.892,56224
0,2,unpadded,stream-content,signed,true,8388608,pattern,1,7797.553,2920.474,10738.307,56433
0,2,unpadded,stream-content,encrypted,false,8388608,pattern,1,198.043,14349.054,16761.517,8391910
0,2,unpadded,range,encrypted,false,8388608,pattern,1,227.724,12829.556,14890.123,8391910
0,2,unpadded,stream-content,encrypted,true,8388608,pattern,1,233.524,4574.244,4834.719,45459
0,2,unpadded,stream,encrypted-signed,true,8388608,pattern,1,954.938,3919.462,4899.190,56224
0,2,unpadded,stream-content,encrypted-signed,false,8388608,pattern,1,909.966,16578.234,19628.290,8406656
0,2,unpadded,whole,signed,false,8388608,pattern,1,19995.387,12824.565,35105.724,8406880
0,2,unpadded,stream,encrypted,true,8388608,pattern,1,241.674,5506.862,5776.536,45459
0,2,unpadded,range,encrypted-signed,false,8388608,pattern,1,917.617,10590.474,13311.884,8406656
0,2,unpadded,stream-content,plain,false,8388608,pattern,1,205.524,14757.871,15277.210,8392070
0,2,unpadded,stream,plain,false,8388608,pattern,1,184.764,9937.632,10386.091,8392070
0,2,unpadded,whole,encrypted,false,8388608,pattern,1,195.383,20461.006,23234.196,8391910
0,2,unpadded,range,plain,true,8388608,pattern,1,210.464,2321.962,2552.497,45609
0,2,unpadded,stream,encrypted,false,8388608,pattern,1,189.594,17084.613,19542.549,8391910
0,2,unpadded,range,plain,false,8388608,pattern,1,197.144,10076.295,10522.623,8392070
0,2,unpadded,range,encrypted,true,8388608,pattern,1,236.804,808.035,1057.619,45459
0,2,unpadded,whole,encrypted-signed,false,8388608,pattern,1,903.716,20865.393,24298.846,8406656
0,2,unpadded,whole,encrypted,true,8388608,pattern,1,244.204,12138.993,12426.428,45459
0,2,unpadded,range,signed,false,8388608,pattern,1,14873.253,1097.281,16262.529,8406880
0,2,unpadded,whole,signed,true,8388608,pattern,2,7796.643,7404.606,15237.649,56433
0,2,unpadded,stream,plain,false,8388608,pattern,2,194.724,9987.863,10453.182,8392070
0,2,unpadded,whole,encrypted,true,8388608,pattern,2,221.004,7452.006,7704.671,45459
0,2,unpadded,whole,encrypted,false,8388608,pattern,2,208.344,20216.881,22915.260,8391910
0,2,unpadded,whole,encrypted-signed,false,8388608,pattern,2,931.107,24923.338,28404.532,8406656
0,2,unpadded,whole,encrypted-signed,true,8388608,pattern,2,961.197,12304.466,13298.164,56224
0,2,unpadded,stream,signed,false,8388608,pattern,2,15351.332,4695.846,20356.594,8406880
0,2,unpadded,whole,signed,false,8388608,pattern,2,15386.102,12814.605,30502.859,8406880
0,2,unpadded,range,plain,false,8388608,pattern,2,206.434,9436.113,9850.311,8392070
0,2,unpadded,stream-content,encrypted,true,8388608,pattern,2,211.124,3041.065,3274.100,45459
0,2,unpadded,stream,signed,true,8388608,pattern,2,7753.033,2940.504,10715.977,56433
0,2,unpadded,range,encrypted-signed,false,8388608,pattern,2,899.186,8469.126,11225.186,8406656
0,2,unpadded,stream,encrypted-signed,true,8388608,pattern,2,1031.379,5478.271,6545.081,56224
0,2,unpadded,range,encrypted,true,8388608,pattern,2,219.624,728.334,958.358,45459
0,2,unpadded,stream,encrypted-signed,false,8388608,pattern,2,894.107,16664.156,19799.234,8406656
0,2,unpadded,stream-content,signed,true,8388608,pattern,2,9473.514,3645.157,13158.562,56433
0,2,unpadded,whole,plain,true,8388608,pattern,2,247.014,11318.538,11611.893,45609
0,2,unpadded,range,encrypted,false,8388608,pattern,2,226.054,8531.486,10650.775,8391910
0,2,unpadded,stream,encrypted,true,8388608,pattern,2,230.224,5419.210,5675.094,45459
0,2,unpadded,stream,encrypted,false,8388608,pattern,2,208.974,16202.037,18522.050,8391910
0,2,unpadded,range,signed,false,8388608,pattern,2,19533.728,1037.889,20792.111,8406880
0,2,unpadded,stream-content,encrypted-signed,true,8388608,pattern,2,927.787,3019.595,3969.083,56224
0,2,unpadded,range,signed,true,8388608,pattern,2,7712.712,676.092,8400.445,56433
0,2,unpadded,stream-content,encrypted,false,8388608,pattern,2,180.833,14327.873,16481.272,8391910
0,2,unpadded,whole,plain,false,8388608,pattern,2,193.454,22633.745,24758.364,8392070
0,2,unpadded,stream-content,plain,false,8388608,pattern,2,206.624,13359.675,13877.065,8392070
0,2,unpadded,stream-content,encrypted-signed,false,8388608,pattern,2,907.327,13982.566,16943.601,8406656
0,2,unpadded,stream,plain,true,8388608,pattern,2,207.793,5371.789,5605.093,45609
0,2,unpadded,stream-content,signed,false,8388608,pattern,2,17163.165,4834.739,22286.699,8406880
0,2,unpadded,stream-content,plain,true,8388608,pattern,2,205.724,3003.635,3231.849,45609
0,2,unpadded,range,plain,true,8388608,pattern,2,185.983,723.654,920.547,45609
0,2,unpadded,range,encrypted-signed,true,8388608,pattern,2,910.657,728.963,1652.210,56224
0,3,padded,stream,encrypted-signed,false,8388608,pattern,1,955.477,18041.021,21023.495,8673664
0,3,padded,whole,plain,true,8388608,pattern,1,225.084,11904.609,12171.334,312704
0,3,padded,whole,signed,true,8388608,pattern,1,7704.072,7314.934,15058.367,322944
0,3,padded,stream-content,signed,false,8388608,pattern,1,14934.465,4785.487,20014.468,8673664
0,3,padded,stream-content,encrypted-signed,true,8388608,pattern,1,950.158,3010.055,3982.854,322944
0,3,padded,whole,encrypted-signed,true,8388608,pattern,1,905.337,7492.797,8440.315,322944
0,3,padded,stream-content,plain,true,8388608,pattern,1,235.374,2942.624,3200.829,312704
0,3,padded,stream,signed,true,8388608,pattern,1,7662.661,2905.663,10590.395,322944
0,3,padded,stream,plain,true,8388608,pattern,1,208.424,2914.814,3142.068,312704
0,3,padded,range,signed,true,8388608,pattern,1,7700.511,678.002,8391.073,322944
0,3,padded,whole,plain,false,8388608,pattern,1,165.023,18071.442,20175.330,8659328
0,3,padded,stream,signed,false,8388608,pattern,1,17854.147,4571.634,22675.696,8673664
0,3,padded,range,encrypted-signed,true,8388608,pattern,1,951.757,796.615,1760.422,322944
0,3,padded,stream-content,signed,true,8388608,pattern,1,7575.158,2877.013,10470.462,322944
0,3,padded,stream-content,encrypted,false,8388608,pattern,1,194.644,14073.358,16258.718,8659328
0,3,padded,range,encrypted,false,8388608,pattern,1,235.794,12699.983,14736.430,8659328
0,3,padded,stream-content,encrypted,true,8388608,pattern,1,246.255,4464.062,4732.737,312704
0,3,padded,stream,encrypted-signed,true,8388608,pattern,1,934.267,3831.260,4792.438,322944
0,3,padded,stream-content,encrypted-signed,false,8388608,pattern,1,898.097,16208.637,19104.321,8673664
0,3,padded,whole,signed,false,8388608,pattern,1,19177.921,12532.580,33652.017,8673664
0,3,padded,stream,encrypted,true,8388608,pattern,1,260.515,3975.503,4261.898,312704
0,3,padded,range,encrypted-signed,false,8388608,pattern,1,913.726,10479.373,13204.752,8673664
0,3,padded,stream-content,plain,false,8388608,pattern,1,201.123,14497.126,15013.685,8659328
0,3,padded,stream,plain,false,8388608,pattern,1,190.253,9877.632,10343.780,8659328
0,3,padded,whole,encrypted,false,8388608,pattern,1,209.384,20255.052,22971.072,8659328
0,3,padded,range,plain,true,8388608,pattern,1,243.734,2257.222,2518.826,312704
0,3,padded,stream,encrypted,false,8388608,pattern,1,185.584,16598.954,18789.505,8659328
0,3,padded,range,plain,false,8388608,pattern,1,199.263,9353.352,9763.579,8659328
0,3,padded,range,encrypted,true,8388608,pattern,1,233.404,765.594,1011.858,312704
0,3,padded,whole,encrypted-signed,false,8388608,pattern,1,885.486,20201.680,23582.302,8673664
0,3,padded,whole,encrypted,true,8388608,pattern,1,262.655,12041.851,12344.347,312704
0,3,padded,range,signed,false,8388608,pattern,1,14738.231,1020.608,16025.444,8673664
0,3,padded,whole,signed,true,8388608,pattern,2,7773.283,7383.605,15191.959,322944
0,3,padded,stream,plain,false,8388608,pattern,2,200.064,9997.663,10470.692,8659328
0,3,padded,whole,encrypted,true,8388608,pattern,2,229.454,7348.875,7612.540,312704
0,3,padded,whole,encrypted,false,8388608,pattern,2,227.664,20218.861,22948.030,8659328
0,3,padded,whole,encrypted-signed,false,8388608,pattern,2,943.118,24493.109,27939.823,8673664
0,3,padded,whole,encrypted-signed,true,8388608,pattern,2,971.438,11986.679,12997.318,322944
0,3,padded,stream,signed,false,8388608,pattern,2,14791.151,4553.614,19603.420,8673664
0,3,padded,whole,signed,false,8388608,pattern,2,14772.052,12446.218,29149.355,8673664
0,3,padded,range,plain,false,8388608,pattern,2,215.434,7989.337,8418.264,8659328
0,3,padded,stream-content,encrypted,true,8388608,pattern,2,232.894,3018.246,3274.400,312704
0,3,padded,stream,signed,true,8388608,pattern,2,7640.490,2930.594,10599.604,322944
0,3,padded,range,encrypted-signed,false,8388608,pattern,2,890.206,8399.574,11139.704,8673664
0,3,padded,stream,encrypted-signed,true,8388608,pattern,2,960.808,5341.938,6330.996,322944
0,3,padded,range,encrypted,true,8388608,pattern,2,229.524,720.103,960.568,312704
0,3,padded,stream,encrypted-signed,false,8388608,pattern,2,878.066,16030.804,18891.736,8673664
0,3,padded,stream-content,signed,true,8388608,pattern,2,9111.337,2877.143,12016.821,322944
0,3,padded,whole,plain,true,8388608,pattern,2,208.094,10561.314,10812.109,312704
0,3,padded,range,encrypted,false,8388608,pattern,2,232.115,8228.771,10306.570,8659328
0,3,padded,stream,encrypted,true,8388608,pattern,2,253.495,5320.048,5601.873,312704
0,3,padded,stream,encrypted,false,8388608,pattern,2,215.014,15998.513,18188.003,8659328
0,3,padded,range,signed,false,8388608,pattern,2,19109.141,1014.959,20347.934,8673664
0,3,padded,stream-content,encrypted-signed,true,8388608,pattern,2,921.107,2975.445,3920.872,322944
0,3,padded,range,signed,true,8388608,pattern,2,7671.401,725.063,8411.194,322944
0,3,padded,stream-content,encrypted,false,8388608,pattern,2,185.003,14071.178,16255.738,8659328
0,3,padded,whole,plain,false,8388608,pattern,2,196.743,22284.049,24415.547,8659328
0,3,padded,stream-content,plain,false,8388608,pattern,2,220.764,13184.772,13721.002,8659328
0,3,padded,stream-content,encrypted-signed,false,8388608,pattern,2,911.707,13967.806,16890.810,8673664
0,3,padded,stream,plain,true,8388608,pattern,2,228.084,5293.957,5548.671,312704
0,3,padded,stream-content,signed,false,8388608,pattern,2,17145.325,4850.579,22309.240,8673664
0,3,padded,stream-content,plain,true,8388608,pattern,2,237.295,3079.786,3339.892,312704
0,3,padded,range,plain,true,8388608,pattern,2,202.444,733.864,947.478,312704
0,3,padded,range,encrypted-signed,true,8388608,pattern,2,910.317,732.583,1655.030,322944
1,0,unpadded,stream,encrypted,true,8388608,pattern,1,209.224,3197.499,3434.023,45459
1,0,unpadded,range,plain,false,8388608,pattern,1,184.823,5060.133,5418.309,8392070
1,0,unpadded,stream,plain,false,8388608,pattern,1,170.663,10077.835,10524.493,8392070
1,0,unpadded,whole,encrypted-signed,true,8388608,pattern,1,941.008,7524.498,8506.896,56224
1,0,unpadded,stream,signed,false,8388608,pattern,1,15017.185,4594.745,19865.204,8406880
1,0,unpadded,stream,plain,true,8388608,pattern,1,200.564,3083.936,3310.341,45609
1,0,unpadded,stream-content,encrypted,true,8388608,pattern,1,210.814,2863.842,3091.616,45459
1,0,unpadded,stream,signed,true,8388608,pattern,1,7725.621,2943.935,10693.836,56433
1,0,unpadded,stream-content,plain,true,8388608,pattern,1,189.163,2858.163,3063.906,45609
1,0,unpadded,stream,encrypted-signed,false,8388608,pattern,1,901.867,14050.227,16939.211,8406656
1,0,unpadded,range,plain,true,8388608,pattern,1,208.094,2188.220,2411.704,45609
1,0,unpadded,stream-content,signed,false,8388608,pattern,1,18075.272,4842.039,23196.956,8406880
1,0,unpadded,stream,encrypted,false,8388608,pattern,1,230.984,13766.632,15950.792,8391910
1,0,unpadded,range,signed,false,8388608,pattern,1,19335.965,1021.708,20603.548,8406880
1,0,unpadded,whole,signed,false,8388608,pattern,1,15063.326,12664.432,30022.970,8406880
1,0,unpadded,stream-content,encrypted-signed,false,8388608,pattern,1,949.068,18604.901,21564.166,8406656
1,0,unpadded,whole,encrypted-signed,false,8388608,pattern,1,928.657,24954.357,28367.800,8406656
1,0,unpadded,stream-content,encrypted,false,8388608,pattern,1,231.314,18339.866,20552.297,8391910
1,0,unpadded,range,encrypted,true,8388608,pattern,1,223.925,2227.180,2468.436,45459
1,0,unpadded,whole,encrypted,true,8388608,pattern,1,180.473,10699.297,10917.980,45459
1,0,unpadded,whole,encrypted,false,8388608,pattern,1,222.974,20282.962,22972.962,8391910
1,0,unpadded,range,signed,true,8388608,pattern,1,9344.442,680.892,10054.915,56433
1,0,unpadded,whole,plain,true,8388608,pattern,1,197.223,10756.917,10988.251,45609
1,0,unpadded,stream-content,signed,true,8388608,pattern,1,7847.964,2912.113,10790.278,56433
1,0,unpadded,whole,plain,false,8388608,pattern,1,187.154,18551.030,20736.421,8392070
1,0,unpadded,range,encrypted,false,8388608,pattern,1,231.094,11416.389,13463.657,8391910
1,0,unpadded,stream-content,encrypted-signed,true,8388608,pattern,1,955.708,4516.573,5498.651,56224
1,0,unpadded,stream,encrypted-signed,true,8388608,pattern,1,910.117,3920.422,4860.229,56224
1,0,unpadded,range,encrypted-signed,false,8388608,pattern,1,907.856,10822.179,13670.330,8406656
1,0,unpadded,stream-content,plain,false,8388608,pattern,1,228.315,15076.776,15648.657,8392070
1,0,unpadded,range,encrypted-signed,true,8388608,pattern,1,956.478,802.125,1773.023,56224
1,0,unpadded,whole,signed,true,8388608,pattern,1,7807.643,7486.918,15339.702,56433
1,0,unpadded,whole,encrypted-signed,false,8388608,pattern,2,923.977,20567.998,23976.320,8406656
1,0,unpadded,stream-content,encrypted-signed,false,8388608,pattern,2,936.867,18397.218,21315.101,8406656
1,0,unpadded,whole,plain,false,8388608,pattern,2,190.873,22353.680,24491.369,8392070
1,0,unpadded,stream,encrypted-signed,true,8388608,pattern,2,952.597,4023.314,5005.252,56224
1,0,unpadded,whole,encrypted-signed,true,8388608,pattern,2,910.827,9828.280,10783.028,56224
1,0,unpadded,whole,encrypted,false,8388608,pattern,2,227.464,20433.675,23165.195,8391910
1,0,unpadded,whole,encrypted,true,8388608,pattern,2,240.014,12101.002,12385.807,45459
1,0,unpadded,range,encrypted-signed,false,8388608,pattern,2,931.477,8300.072,11100.413,8406656
1,0,unpadded,stream-content,signed,false,8388608,pattern,2,19369.845,4813.119,24475.799,8406880
1,0,unpadded,stream-content,encrypted,true,8388608,pattern,2,221.744,2998.175,3242.409,45459
1,0,unpadded,stream,signed,true,8388608,pattern,2,7750.362,3036.876,10813.318,56433
1,0,unpadded,stream-content,plain,false,8388608,pattern,2,184.853,10418.152,10937.721,8392070
1,0,unpadded,stream,plain,true,8388608,pattern,2,222.565,3251.289,3501.445,45609
1,0,unpadded,stream,encrypted,true,8388608,pattern,2,209.944,2982.225,3211.589,45459
1,0,unpadded,stream,plain,false,8388608,pattern,2,174.583,10142.186,10670.216,8392070
1,0,unpadded,range,plain,false,8388608,pattern,2,192.874,5149.954,5524.142,8392070
1,0,unpadded,stream-content,plain,true,8388608,pattern,2,184.994,2983.264,3191.379,45609
1,0,unpadded,whole,plain,true,8388608,pattern,2,180.664,7502.127,7722.842,45609
1,0,unpadded,stream-content,signed,true,8388608,pattern,2,7706.611,2864.063,10595.704,56433
1,0,unpadded,range,encrypted-signed,true,8388608,pattern,2,911.646,721.054,1644.410,56224
1,0,unpadded,range,signed,false,8388608,pattern,2,15042.306,1018.989,16298.259,8406880
1,0,unpadded,whole,signed,false,8388608,pattern,2,14963.064,12568.581,29865.028,8406880
1,0,unpadded,range,encrypted,false,8388608,pattern,2,234.184,12751.224,14811.461,8391910
1,0,unpadded,range,plain,true,8388608,pattern,2,208.584,2208.890,2433.875,45609
1,0,unpadded,stream,signed,false,8388608,pattern,2,17899.859,4626.944,22783.058,8406880
1,0,unpadded,stream,encrypted-signed,false,8388608,pattern,2,919.997,13915.895,16847.739,8406656
1,0,unpadded,range,signed,true,8388608,pattern,2,9209.399,676.272,9905.031,56433
1,0,unpadded,stream-content,encrypted-signed,true,8388608,pattern,2,889.436,3005.745,3917.612,56224
1,0,unpadded,whole,signed,true,8388608,pattern,2,7649.971,10558.053,18252.665,56433
1,0,unpadded,range,encrypted,true,8388608,pattern,2,231.064,825.225,1067.910,45459
1,0,unpadded,stream-content,encrypted,false,8388608,pattern,2,184.733,13933.536,16162.266,8391910
1,0,unpadded,stream,encrypted,false,8388608,pattern,2,217.404,18102.102,20361.504,8391910
1,1,padded,stream,encrypted,true,8388608,pattern,1,231.974,3127.697,3382.222,312704
1,1,padded,range,plain,false,8388608,pattern,1,196.334,5058.503,5426.850,8659328
1,1,padded,stream,plain,false,8388608,pattern,1,169.963,9917.672,10389.981,8659328
1,1,padded,whole,encrypted-signed,true,8388608,pattern,1,945.647,7511.068,8496.986,322944
1,1,padded,stream,signed,false,8388608,pattern,1,15016.556,4594.744,19866.975,8673664
1,1,padded,stream,plain,true,8388608,pattern,1,223.744,3119.287,3367.141,312704
1,1,padded,stream-content,encrypted,true,8388608,pattern,1,228.464,2864.893,3108.957,312704
1,1,padded,stream,signed,true,8388608,pattern,1,7811.404,2922.243,10757.078,322944
1,1,padded,stream-content,plain,true,8388608,pattern,1,203.384,2839.212,3057.226,312704
1,1,padded,stream,encrypted-signed,false,8388608,pattern,1,899.476,13919.136,16826.978,8673664
1,1,padded,range,plain,true,8388608,pattern,1,221.894,2194.171,2432.755,312704
1,1,padded,stream-content,signed,false,8388608,pattern,1,17908.879,4811.648,23016.442,8673664
1,1,padded,stream,encrypted,false,8388608,pattern,1,230.265,13953.225,16318.769,8659328
1,1,padded,range,signed,false,8388608,pattern,1,19567.779,1037.179,20908.334,8673664
1,1,padded,whole,signed,false,8388608,pattern,1,15109.838,12594.281,29725.976,8673664
1,1,padded,stream-content,encrypted-signed,false,8388608,pattern,1,977.457,17188.496,20184.160,8673664
1,1,padded,whole,encrypted-signed,false,8388608,pattern,1,920.947,24814.185,28282.719,8673664
1,1,padded,stream-content,encrypted,false,8388608,pattern,1,243.994,18321.116,20578.367,8659328
1,1,padded,range,encrypted,true,8388608,pattern,1,237.964,2236.021,2488.595,312704
1,1,padded,whole,encrypted,true,8388608,pattern,1,190.013,10540.794,10768.397,312704
1,1,padded,whole,encrypted,false,8388608,pattern,1,231.464,20352.894,23107.414,8659328
1,1,padded,range,signed,true,8388608,pattern,1,9312.120,709.283,10041.934,322944
1,1,padded,whole,plain,true,8388608,pattern,1,190.034,10554.583,10788.298,312704
1,1,padded,stream-content,signed,true,8388608,pattern,1,7735.482,2854.102,10612.954,322944
1,1,padded,whole,plain,false,8388608,pattern,1,186.733,18299.896,20429.125,8659328
1,1,padded,range,encrypted,false,8388608,pattern,1,242.764,11248.786,13296.923,8659328
1,1,padded,stream-content,encrypted-signed,true,8388608,pattern,1,1010.299,4514.143,5552.062,322944
1,1,padded,stream,encrypted-signed,true,8388608,pattern,1,920.037,3813.680,4758.897,322944
1,1,padded,range,encrypted-signed,false,8388608,pattern,1,902.656,10546.153,13264.973,8673664
1,1,padded,stream-content,plain,false,8388608,pattern,1,208.003,14875.613,15445.993,8659328
1,1,padded,range,encrypted-signed,true,8388608,pattern,1,968.018,794.484,1775.442,322944
1,1,padded,whole,signed,true,8388608,pattern,1,7746.092,7519.167,15311.230,322944
1,1,padded,whole,encrypted-signed,false,8388608,pattern,2,941.888,20459.785,23962.230,8673664
1,1,padded,stream-content,encrypted-signed,false,8388608,pattern,2,954.287,18362.567,21372.322,8673664
1,1,padded,whole,plain,false,8388608,pattern,2,210.334,22501.573,24744.524,8659328
1,1,padded,stream,encrypted-signed,true,8388608,pattern,2,981.438,4074.785,5086.443,322944
1,1,padded,whole,encrypted-signed,true,8388608,pattern,2,924.447,9942.042,10911.640,322944
1,1,padded,whole,encrypted,false,8388608,pattern,2,234.024,20391.844,23194.165,8659328
1,1,padded,whole,encrypted,true,8388608,pattern,2,264.885,12040.161,12345.317,312704
1,1,padded,range,encrypted-signed,false,8388608,pattern,2,932.588,8299.242,11096.334,8673664
1,1,padded,stream-content,signed,false,8388608,pattern,2,19351.705,4823.968,24473.289,8673664
1,1,padded,stream-content,encrypted,true,8388608,pattern,2,249.665,3020.405,3292.331,312704
1,1,padded,stream,signed,true,8388608,pattern,2,7779.012,2981.795,10788.537,322944
1,1,padded,stream-content,plain,false,8388608,pattern,2,239.194,10593.495,11169.995,8659328
1,1,padded,stream,plain,true,8388608,pattern,2,222.404,3133.337,3381.192,312704
1,1,padded,stream,encrypted,true,8388608,pattern,2,237.385,3021.135,3280.511,312704
1,1,padded,stream,plain,false,8388608,pattern,2,185.654,10112.705,10577.084,8659328
1,1,padded,range,plain,false,8388608,pattern,2,186.823,5019.992,5376.848,8659328
1,1,padded,stream-content,plain,true,8388608,pattern,2,200.414,2958.984,3182.268,312704
1,1,padded,whole,plain,true,8388608,pattern,2,199.604,7658.610,7901.365,312704
1,1,padded,stream-content,signed,true,8388608,pattern,2,7763.762,2928.104,10723.236,322944
1,1,padded,range,encrypted-signed,true,8388608,pattern,2,963.528,714.733,1690.711,322944
1,1,padded,range,signed,false,8388608,pattern,2,14938.014,1024.009,16177.817,8673664
1,1,padded,whole,signed,false,8388608,pattern,2,14910.363,12608.571,29464.580,8673664
1,1,padded,range,encrypted,false,8388608,pattern,2,246.244,11255.637,13295.144,8659328
1,1,padded,range,plain,true,8388608,pattern,2,287.315,2195.340,2499.955,312704
1,1,padded,stream,signed,false,8388608,pattern,2,17779.516,4658.345,22729.247,8673664
1,1,padded,stream,encrypted-signed,false,8388608,pattern,2,928.267,13862.475,16783.088,8673664
1,1,padded,range,signed,true,8388608,pattern,2,9227.459,667.162,9914.622,322944
1,1,padded,stream-content,encrypted-signed,true,8388608,pattern,2,893.307,2949.184,3862.761,322944
1,1,padded,whole,signed,true,8388608,pattern,2,7702.831,10515.252,18265.944,322944
1,1,padded,range,encrypted,true,8388608,pattern,2,250.335,782.704,1044.749,312704
1,1,padded,stream-content,encrypted,false,8388608,pattern,2,187.713,13824.654,16012.903,8659328
1,1,padded,stream,encrypted,false,8388608,pattern,2,218.904,18173.193,20407.944,8659328
1,2,padded,stream,encrypted,true,8388608,pattern,1,361.476,3503.945,3901.671,312704
1,2,padded,range,plain,false,8388608,pattern,1,230.974,5235.296,5707.545,8659328
1,2,padded,stream,plain,false,8388608,pattern,1,197.623,10395.211,10939.290,8659328
1,2,padded,whole,encrypted-signed,true,8388608,pattern,1,956.478,7765.792,8764.261,322944
1,2,padded,stream,signed,false,8388608,pattern,1,15539.415,4691.006,20520.406,8673664
1,2,padded,stream,plain,true,8388608,pattern,1,242.114,3256.390,3528.265,312704
1,2,padded,stream-content,encrypted,true,8388608,pattern,1,270.005,3001.375,3294.851,312704
1,2,padded,stream,signed,true,8388608,pattern,1,7824.874,3137.177,10997.442,322944
1,2,padded,stream-content,plain,true,8388608,pattern,1,236.764,3054.796,3317.261,312704
1,2,padded,stream,encrypted-signed,false,8388608,pattern,1,944.568,14249.081,17230.936,8673664
1,2,padded,range,plain,true,8388608,pattern,1,247.545,2394.634,2666.009,312704
1,2,padded,stream-content,signed,false,8388608,pattern,1,18163.273,4922.080,23393.479,8673664
1,2,padded,stream,encrypted,false,8388608,pattern,1,229.275,14172.369,16660.666,8659328
1,2,padded,range,signed,false,8388608,pattern,1,20439.555,1061.810,21884.872,8673664
1,2,padded,whole,signed,false,8388608,pattern,1,15728.599,13038.649,30707.803,8673664
1,2,padded,stream-content,encrypted-signed,false,8388608,pattern,1,967.508,17648.754,20711.740,8673664
1,2,padded,whole,encrypted-signed,false,8388608,pattern,1,975.398,25244.242,28703.336,8673664
1,2,padded,stream-content,encrypted,false,8388608,pattern,1,244.684,18590.561,20821.092,8659328
1,2,padded,range,encrypted,true,8388608,pattern,1,250.045,2245.411,2509.297,312704
1,2,padded,whole,encrypted,true,8388608,pattern,1,201.024,10675.395,10913.400,312704
1,2,padded,whole,encrypted,false,8388608,pattern,1,236.354,20518.736,23240.136,8659328
1,2,padded,range,signed,true,8388608,pattern,1,9319.190,678.573,10017.293,322944
1,2,padded,whole,plain,true,8388608,pattern,1,193.503,10603.385,10838.659,312704
1,2,padded,stream-content,signed,true,8388608,pattern,1,7799.453,2879.583,10702.256,322944
1,2,padded,whole,plain,false,8388608,pattern,1,191.604,18219.354,20342.623,8659328
1,2,padded,range,encrypted,false,8388608,pattern,1,240.694,11371.079,13454.497,8659328
1,2,padded,stream-content,encrypted-signed,true,8388608,pattern,1,971.918,4515.323,5510.831,322944
1,2,padded,stream,encrypted-signed,true,8388608,pattern,1,929.307,3830.720,4783.678,322944
1,2,padded,range,encrypted-signed,false,8388608,pattern,1,913.577,10855.149,13647.401,8673664
1,2,padded,stream-content,plain,false,8388608,pattern,1,214.524,14715.870,15349.932,8659328
1,2,padded,range,encrypted-signed,true,8388608,pattern,1,986.988,851.205,1853.814,322944
1,2,padded,whole,signed,true,8388608,pattern,1,8100.889,8183.350,16330.029,322944
1,2,padded,whole,encrypted-signed,false,8388608,pattern,2,945.328,21077.696,24518.590,8673664
1,2,padded,stream-content,encrypted-signed,false,8388608,pattern,2,954.957,18674.833,21637.686,8673664
1,2,padded,whole,plain,false,8388608,pattern,2,199.454,22752.737,25047.199,8659328
1,2,padded,stream,encrypted-signed,true,8388608,pattern,2,984.928,4246.758,5268.247,322944
1,2,padded,whole,encrypted-signed,true,8388608,pattern,2,949.377,10069.694,11061.192,322944
1,2,padded,whole,encrypted,false,8388608,pattern,2,229.824,20497.696,23215.386,8659328
1,2,padded,whole,encrypted,true,8388608,pattern,2,270.395,12171.063,12478.759,312704
1,2,padded,range,encrypted-signed,false,8388608,pattern,2,937.897,8266.302,11044.772,8673664
1,2,padded,stream-content,signed,false,8388608,pattern,2,19525.378,4846.829,24710.953,8673664
1,2,padded,stream-content,encrypted,true,8388608,pattern,2,245.975,3045.685,3312.031,312704
1,2,padded,stream,signed,true,8388608,pattern,2,7694.861,2945.544,10659.916,322944
1,2,padded,stream-content,plain,false,8388608,pattern,2,184.374,10368.120,10881.820,8659328
1,2,padded,stream,plain,true,8388608,pattern,2,219.954,3073.466,3312.190,312704
1,2,padded,stream,encrypted,true,8388608,pattern,2,225.524,3002.095,3245.919,312704
1,2,padded,stream,plain,false,8388608,pattern,2,186.933,10117.886,10584.974,8659328
1,2,padded,range,plain,false,8388608,pattern,2,181.004,5032.522,5371.699,8659328
1,2,padded,stream-content,plain,true,8388608,pattern,2,206.704,2953.154,3181.199,312704
1,2,padded,whole,plain,true,8388608,pattern,2,201.674,7767.802,8006.857,312704
1,2,padded,stream-content,signed,true,8388608,pattern,2,7889.854,2964.735,10890.680,322944
1,2,padded,range,encrypted-signed,true,8388608,pattern,2,955.358,723.683,1690.031,322944
1,2,padded,range,signed,false,8388608,pattern,2,15371.691,1029.079,16808.248,8673664
1,2,padded,whole,signed,false,8388608,pattern,2,15913.522,13664.351,31904.195,8673664
1,2,padded,range,encrypted,false,8388608,pattern,2,295.636,12648.161,15168.638,8659328
1,2,padded,range,plain,true,8388608,pattern,2,252.385,2425.944,2705.980,312704
1,2,padded,stream,signed,false,8388608,pattern,2,18795.735,4734.637,23844.107,8673664
1,2,padded,stream,encrypted-signed,false,8388608,pattern,2,1070.650,14865.102,18071.842,8673664
1,2,padded,range,signed,true,8388608,pattern,2,9566.976,671.882,10265.269,322944
1,2,padded,stream-content,encrypted-signed,true,8388608,pattern,2,1004.949,3026.415,4069.185,322944
1,2,padded,whole,signed,true,8388608,pattern,2,7744.102,10940.310,18734.353,322944
1,2,padded,range,encrypted,true,8388608,pattern,2,330.176,815.385,1156.971,312704
1,2,padded,stream-content,encrypted,false,8388608,pattern,2,267.045,14814.121,17097.263,8659328
1,2,padded,stream,encrypted,false,8388608,pattern,2,218.384,18151.953,20362.563,8659328
1,3,unpadded,stream,encrypted,true,8388608,pattern,1,204.553,3087.677,3322.250,45459
1,3,unpadded,range,plain,false,8388608,pattern,1,182.673,5011.162,5368.969,8392070
1,3,unpadded,stream,plain,false,8388608,pattern,1,160.423,9885.921,10310.009,8392070
1,3,unpadded,whole,encrypted-signed,true,8388608,pattern,1,932.607,7437.026,8407.204,56224
1,3,unpadded,stream,signed,false,8388608,pattern,1,14857.682,4579.784,19696.441,8406880
1,3,unpadded,stream,plain,true,8388608,pattern,1,213.464,3100.777,3340.382,45609
1,3,unpadded,stream-content,encrypted,true,8388608,pattern,1,220.244,2883.103,3120.437,45459
1,3,unpadded,stream,signed,true,8388608,pattern,1,7667.561,2937.463,10630.455,56433
1,3,unpadded,stream-content,plain,true,8388608,pattern,1,188.553,2828.412,3032.395,45609
1,3,unpadded,stream,encrypted-signed,false,8388608,pattern,1,886.226,14038.567,17036.092,8406656
1,3,unpadded,range,plain,true,8388608,pattern,1,219.364,2195.460,2429.304,45609
1,3,unpadded,stream-content,signed,false,8388608,pattern,1,18146.522,4812.488,23254.376,8406880
1,3,unpadded,stream,encrypted,false,8388608,pattern,1,208.703,13850.874,16050.764,8391910
1,3,unpadded,range,signed,false,8388608,pattern,1,19286.233,1025.359,20541.146,8406880
1,3,unpadded,whole,signed,false,8388608,pattern,1,15132.037,12940.247,30448.808,8406880
1,3,unpadded,stream-content,encrypted-signed,false,8388608,pattern,1,980.398,19303.033,22429.931,8406656
1,3,unpadded,whole,encrypted-signed,false,8388608,pattern,1,931.557,25551.919,29025.092,8406656
1,3,unpadded,stream-content,encrypted,false,8388608,pattern,1,213.354,18648.652,20863.162,8391910
1,3,unpadded,range,encrypted,true,8388608,pattern,1,223.754,2255.031,2497.246,45459
1,3,unpadded,whole,encrypted,true,8388608,pattern,1,185.113,10728.567,10949.611,45459
1,3,unpadded,whole,encrypted,false,8388608,pattern,1,202.844,21572.475,24362.217,8391910
1,3,unpadded,range,signed,true,8388608,pattern,1,9497.044,684.082,10209.397,56433
1,3,unpadded,whole,plain,true,8388608,pattern,1,196.883,13179.982,13411.615,45609
1,3,unpadded,stream-content,signed,true,8388608,pattern,1,7886.585,2953.284,10865.929,56433
1,3,unpadded,whole,plain,false,8388608,pattern,1,177.363,18495.389,20646.618,8392070
1,3,unpadded,range,encrypted,false,8388608,pattern,1,218.414,11383.369,13458.057,8391910
1,3,unpadded,stream-content,encrypted-signed,true,8388608,pattern,1,957.588,4521.663,5504.561,56224
1,3,unpadded,stream,encrypted-signed,true,8388608,pattern,1,914.997,3896.571,4838.669,56224
1,3,unpadded,range,encrypted-signed,false,8388608,pattern,1,897.347,10730.176,13460.127,8406656
1,3,unpadded,stream-content,plain,false,8388608,pattern,1,196.083,14694.960,15241.049,8392070
1,3,unpadded,range,encrypted-signed,true,8388608,pattern,1,941.567,763.184,1717.751,56224
1,3,unpadded,whole,signed,true,8388608,pattern,1,8423.384,7543.168,16014.753,56433
1,3,unpadded,whole,encrypted-signed,false,8388608,pattern,2,928.877,20952.624,24763.614,8406656
1,3,unpadded,stream-content,encrypted-signed,false,8388608,pattern,2,1268.403,18630.171,21918.741,8406656
1,3,unpadded,whole,plain,false,8388608,pattern,2,198.084,22706.356,25037.049,8392070
1,3,unpadded,stream,encrypted-signed,true,8388608,pattern,2,992.568,4287.729,5313.977,56224
1,3,unpadded,whole,encrypted-signed,true,8388608,pattern,2,955.268,10593.854,11583.532,56224
1,3,unpadded,whole,encrypted,false,8388608,pattern,2,223.584,23410.919,26222.741,8391910
1,3,unpadded,whole,encrypted,true,8388608,pattern,2,250.434,12591.991,12889.096,45459
1,3,unpadded,range,encrypted-signed,false,8388608,pattern,2,937.517,8795.221,11716.054,8406656
1,3,unpadded,stream-content,signed,false,8388608,pattern,2,20181.750,4985.092,25512.128,8406880
1,3,unpadded,stream-content,encrypted,true,8388608,pattern,2,240.764,3186.479,3451.073,45459
1,3,unpadded,stream,signed,true,8388608,pattern,2,7928.455,3171.628,11128.434,56433
1,3,unpadded,stream-content,plain,false,8388608,pattern,2,209.444,10799.248,11450.460,8392070
1,3,unpadded,stream,plain,true,8388608,pattern,2,238.564,3346.102,3609.906,45609
1,3,unpadded,stream,encrypted,true,8388608,pattern,2,223.894,3217.039,3465.573,45459
1,3,unpadded,stream,plain,false,8388608,pattern,2,194.914,10416.050,10997.272,8392070
1,3,unpadded,range,plain,false,8388608,pattern,2,193.574,5336.418,5748.466,8392070
1,3,unpadded,stream-content,plain,true,8388608,pattern,2,210.114,3082.067,3318.881,45609
1,3,unpadded,whole,plain,true,8388608,pattern,2,196.033,7665.151,7901.015,45609
1,3,unpadded,stream-content,signed,true,8388608,pattern,2,7789.883,2971.765,10789.928,56433
1,3,unpadded,range,encrypted-signed,true,8388608,pattern,2,927.137,740.453,1679.931,56224
1,3,unpadded,range,signed,false,8388608,pattern,2,15164.908,1038.169,16425.661,8406880
1,3,unpadded,whole,signed,false,8388608,pattern,2,15140.727,13042.519,30535.599,8406880
1,3,unpadded,range,encrypted,false,8388608,pattern,2,224.874,13090.210,15204.329,8391910
1,3,unpadded,range,plain,true,8388608,pattern,2,219.454,2210.590,2445.824,45609
1,3,unpadded,stream,signed,false,8388608,pattern,2,18011.840,4662.165,22928.170,8406880
1,3,unpadded,stream,encrypted-signed,false,8388608,pattern,2,918.567,13939.365,16828.358,8406656
1,3,unpadded,range,signed,true,8388608,pattern,2,9247.110,673.092,9939.132,56433
1,3,unpadded,stream-content,encrypted-signed,true,8388608,pattern,2,892.976,2949.544,3862.070,56224
1,3,unpadded,whole,signed,true,8388608,pattern,2,7699.011,10571.924,18320.846,56433
1,3,unpadded,range,encrypted,true,8388608,pattern,2,233.175,785.674,1029.749,45459
1,3,unpadded,stream-content,encrypted,false,8388608,pattern,2,174.283,13925.595,16109.035,8391910
1,3,unpadded,stream,encrypted,false,8388608,pattern,2,202.713,18301.116,20474.185,8391910
2,0,padded,whole,encrypted,true,8388608,pattern,1,250.285,12576.280,12873.326,312704
2,0,padded,whole,plain,false,8388608,pattern,1,231.144,19120.211,21415.072,8659328
2,0,padded,range,signed,true,8388608,pattern,1,7918.675,676.463,8620.818,322944
2,0,padded,stream-content,encrypted-signed,false,8388608,pattern,1,906.857,17999.609,21119.317,8673664
2,0,padded,range,encrypted-signed,true,8388608,pattern,1,994.018,2447.415,3464.043,322944
2,0,padded,stream-content,encrypted,true,8388608,pattern,1,211.844,3054.036,3292.340,312704
2,0,padded,stream,signed,false,8388608,pattern,1,18614.011,4764.197,23712.915,8673664
2,0,padded,stream-content,encrypted,false,8388608,pattern,1,242.985,14773.411,17258.417,8659328
2,0,padded,whole,encrypted,false,8388608,pattern,1,226.994,26410.484,29474.520,8659328
2,0,padded,whole,plain,true,8388608,pattern,1,260.055,12600.381,12904.887,312704
2,0,padded,range,signed,false,8388608,pattern,1,15637.427,1035.319,17083.693,8673664
2,0,padded,stream,plain,true,8388608,pattern,1,219.434,3214.179,3463.444,312704
2,0,padded,range,plain,false,8388608,pattern,1,193.464,5222.965,5647.934,8659328
2,0,padded,stream,plain,false,8388608,pattern,1,192.554,10584.574,11202.926,8659328
2,0,padded,stream-content,plain,true,8388608,pattern,1,233.444,3150.158,3414.652,312704
2,0,padded,range,encrypted,false,8388608,pattern,1,247.135,8859.652,11032.062,8659328
2,0,padded,stream,signed,true,8388608,pattern,1,9300.330,3884.902,13215.962,322944
2,0,padded,stream,encrypted,false,8388608,pattern,1,226.694,16364.900,18656.222,8659328
2,0,padded,stream,encrypted-signed,false,8388608,pattern,1,944.997,18478.188,21483.353,8673664
2,0,padded,range,encrypted,true,8388608,pattern,1,238.074,2254.072,2506.016,312704
2,0,padded,whole,encrypted-signed,true,8388608,pattern,1,925.527,10846.769,11818.317,322944
2,0,padded,whole,encrypted-signed,false,8388608,pattern,1,949.427,20976.904,24584.440,8673664
2,0,padded,range,encrypted-signed,false,8388608,pattern,1,964.228,12879.826,15670.457,8673664
2,0,padded,range,plain,true,8388608,pattern,1,237.384,2206.471,2459.755,312704
2,0,padded,stream,encrypted-signed,true,8388608,pattern,1,923.697,4085.175,5036.333,322944
2,0,padded,stream,encrypted,true,8388608,pattern,1,223.904,3062.497,3305.481,312704
2,0,padded,stream-content,signed,true,8388608,pattern,1,7815.843,2847.252,10682.495,322944
2,0,padded,whole,signed,true,8388608,pattern,1,7763.752,10398.400,18213.333,322944
2,0,padded,stream-content,signed,false,8388608,pattern,1,15310.181,4880.729,20489.806,8673664
2,0,padded,stream-content,encrypted-signed,true,8388608,pattern,1,960.767,3143.958,4128.305,322944
2,0,padded,stream-content,plain,false,8388608,pattern,1,196.363,10565.214,11146.824,8659328
2,0,padded,whole,signed,false,8388608,pattern,1,14970.174,12692.363,29614.213,8673664
2,0,padded,stream-content,encrypted-signed,true,8388608,pattern,2,973.067,3111.837,4105.035,322944
2,0,padded,range,encrypted-signed,false,8388608,pattern,2,908.177,11384.308,14149.980,8673664
2,0,padded,stream-content,signed,true,8388608,pattern,2,9581.736,2964.034,12579.411,322944
2,0,padded,stream-content,plain,false,8388608,pattern,2,186.884,13445.436,13961.326,8659328
2,0,padded,stream-content,encrypted,true,8388608,pattern,2,235.754,3008.976,3264.820,312704
2,0,padded,stream,plain,false,8388608,pattern,2,187.373,10393.180,10867.369,8659328
2,0,padded,whole,plain,false,8388608,pattern,2,188.614,18218.774,20418.415,8659328
2,0,padded,whole,plain,true,8388608,pattern,2,244.424,10837.159,11120.633,312704
2,0,padded,stream-content,encrypted-signed,false,8388608,pattern,2,959.788,14366.223,17375.768,8673664
2,0,padded,stream,encrypted-signed,false,8388608,pattern,2,938.817,18670.763,21755.559,8673664
2,0,padded,range,encrypted,false,8388608,pattern,2,254.845,13514.927,15863.541,8659328
2,0,padded,whole,signed,true,8388608,pattern,2,9419.592,10930.980,20404.373,322944
2,0,padded,stream,encrypted,false,8388608,pattern,2,251.025,14440.845,16784.038,8659328
2,0,padded,whole,signed,false,8388608,pattern,2,20188.410,12853.945,35010.291,8673664
2,0,padded,range,encrypted,true,8388608,pattern,2,254.305,846.495,1115.481,312704
2,0,padded,stream,plain,true,8388608,pattern,2,190.824,4057.334,4269.018,312704
2,0,padded,whole,encrypted-signed,false,8388608,pattern,2,931.507,23153.904,26614.157,8673664
2,0,padded,range,signed,true,8388608,pattern,2,9332.731,738.744,10092.435,322944
2,0,padded,whole,encrypted-signed,true,8388608,pattern,2,902.916,10705.576,11651.533,322944
2,0,padded,stream-content,encrypted,false,8388608,pattern,2,236.484,14173.200,16506.072,8659328
2,0,padded,whole,encrypted,true,8388608,pattern,2,238.365,12283.885,12566.900,312704
2,0,padded,range,signed,false,8388608,pattern,2,15297.331,1034.569,16616.255,8673664
2,0,padded,stream,encrypted-signed,true,8388608,pattern,2,956.778,3237.679,4224.898,322944
2,0,padded,range,plain,true,8388608,pattern,2,216.544,727.603,954.887,312704
2,0,padded,stream,signed,true,8388608,pattern,2,7775.393,3028.345,10827.429,322944
2,0,padded,range,encrypted-signed,true,8388608,pattern,2,918.097,736.334,1665.491,322944
2,0,padded,range,plain,false,8388608,pattern,2,174.754,5247.656,5619.363,8659328
2,0,padded,stream-content,plain,true,8388608,pattern,2,206.004,3057.756,3284.480,312704
2,0,padded,stream-content,signed,false,8388608,pattern,2,15347.961,4968.581,20637.068,8673664
2,0,padded,stream,encrypted,true,8388608,pattern,2,263.205,3253.610,3545.575,312704
2,0,padded,stream,signed,false,8388608,pattern,2,15114.027,4766.407,20192.450,8673664
2,0,padded,whole,encrypted,false,8388608,pattern,2,247.465,21687.427,24698.933,8659328
2,1,unpadded,whole,encrypted,true,8388608,pattern,1,241.885,12154.603,12433.318,45459
2,1,unpadded,whole,plain,false,8388608,pattern,1,198.744,18539.219,20680.859,8392070
2,1,unpadded,range,signed,true,8388608,pattern,1,7922.275,693.132,8635.558,56433
2,1,unpadded,stream-content,encrypted-signed,false,8388608,pattern,1,890.997,17289.206,20205.580,8406656
2,1,unpadded,range,encrypted-signed,true,8388608,pattern,1,958.448,2284.072,3258.380,56224
2,1,unpadded,stream-content,encrypted,true,8388608,pattern,1,204.144,3222.609,3453.454,45459
2,1,unpadded,stream,signed,false,8388608,pattern,1,18382.177,4741.027,23404.909,8406880
2,1,unpadded,stream-content,encrypted,false,8388608,pattern,1,215.894,14484.225,16899.859,8391910
2,1,unpadded,whole,encrypted,false,8388608,pattern,1,211.334,25175.231,27921.612,8391910
2,1,unpadded,whole,plain,true,8388608,pattern,1,229.555,12224.274,12494.869,45609
2,1,unpadded,range,signed,false,8388608,pattern,1,14996.715,1034.049,16248.418,8406880
2,1,unpadded,stream,plain,true,8388608,pattern,1,188.624,3118.927,3333.151,45609
2,1,unpadded,range,plain,false,8388608,pattern,1,190.454,5040.162,5406.149,8392070
2,1,unpadded,stream,plain,false,8388608,pattern,1,163.793,9971.882,10415.270,8392070
2,1,unpadded,stream-content,plain,true,8388608,pattern,1,196.924,2990.305,3206.709,45609
2,1,unpadded,range,encrypted,false,8388608,pattern,1,200.073,8615.588,10660.115,8391910
2,1,unpadded,stream,signed,true,8388608,pattern,1,9258.619,3898.472,13186.401,56433
2,1,unpadded,stream,encrypted,false,8388608,pattern,1,211.654,16081.444,18270.425,8391910
2,1,unpadded,stream,encrypted-signed,false,8388608,pattern,1,919.377,18297.195,21242.530,8406656
2,1,unpadded,range,encrypted,true,8388608,pattern,1,226.775,2232.600,2476.746,45459
2,1,unpadded,whole,encrypted-signed,true,8388608,pattern,1,957.328,11237.276,12240.195,56224
2,1,unpadded,whole,encrypted-signed,false,8388608,pattern,1,1006.428,20937.993,24532.539,8406656
2,1,unpadded,range,encrypted-signed,false,8388608,pattern,1,958.338,12709.903,15481.094,8406656
2,1,unpadded,range,plain,true,8388608,pattern,1,228.564,2206.131,2450.665,45609
2,1,unpadded,stream,encrypted-signed,true,8388608,pattern,1,910.607,3959.552,4896.530,56224
2,1,unpadded,stream,encrypted,true,8388608,pattern,1,214.904,2996.675,3231.330,45459
2,1,unpadded,stream-content,signed,true,8388608,pattern,1,7779.653,2869.182,10682.486,56433
2,1,unpadded,whole,signed,true,8388608,pattern,1,7716.441,9877.051,17633.593,56433
2,1,unpadded,stream-content,signed,false,8388608,pattern,1,14997.095,4851.639,20147.069,8406880
2,1,unpadded,stream-content,encrypted-signed,true,8388608,pattern,1,959.088,3025.635,4005.584,56224
2,1,unpadded,stream-content,plain,false,8388608,pattern,1,182.834,10472.372,10989.782,8392070
2,1,unpadded,whole,signed,false,8388608,pattern,1,14908.434,12679.772,29894.658,8406880
2,1,unpadded,stream-content,encrypted-signed,true,8388608,pattern,2,969.328,4577.114,5571.242,56224
2,1,unpadded,range,encrypted-signed,false,8388608,pattern,2,896.346,11388.119,14117.428,8406656
2,1,unpadded,stream-content,signed,true,8388608,pattern,2,9175.538,3001.495,12204.894,56433
2,1,unpadded,stream-content,plain,false,8388608,pattern,2,185.404,13303.973,13816.213,8392070
2,1,unpadded,stream-content,encrypted,true,8388608,pattern,2,222.314,2985.955,3227.199,45459
2,1,unpadded,stream,plain,false,8388608,pattern,2,176.683,10106.125,10551.753,8392070
2,1,unpadded,whole,plain,false,8388608,pattern,2,188.393,18412.517,20654.288,8392070
2,1,unpadded,whole,plain,true,8388608,pattern,2,230.454,10730.057,11000.131,45609
2,1,unpadded,stream-content,encrypted-signed,false,8388608,pattern,2,923.437,14206.500,17144.514,8406656
2,1,unpadded,stream,encrypted-signed,false,8388608,pattern,2,912.987,18471.568,21428.963,8406656
2,1,unpadded,range,encrypted,false,8388608,pattern,2,215.514,12758.883,14829.411,8391910
2,1,unpadded,whole,signed,true,8388608,pattern,2,9446.613,11147.524,20646.428,56433
2,1,unpadded,stream,encrypted,false,8388608,pattern,2,225.774,14873.163,17398.689,8391910
2,1,unpadded,whole,signed,false,8388608,pattern,2,20048.037,12813.234,35264.316,8406880
2,1,unpadded,range,encrypted,true,8388608,pattern,2,251.105,2391.774,2668.159,45459
2,1,unpadded,stream,plain,true,8388608,pattern,2,192.653,3964.843,4193.407,45609
2,1,unpadded,whole,encrypted-signed,false,8388608,pattern,2,923.107,23352.088,26871.312,8406656
2,1,unpadded,range,signed,true,8388608,pattern,2,9370.042,675.022,10074.595,56433
2,1,unpadded,whole,encrypted-signed,true,8388608,pattern,2,921.197,10839.869,11807.627,56224
2,1,unpadded,stream-content,encrypted,false,8388608,pattern,2,223.604,14485.325,16820.098,8391910
2,1,unpadded,whole,encrypted,true,8388608,pattern,2,248.715,12515.619,12812.125,45459
2,1,unpadded,range,signed,false,8388608,pattern,2,15463.593,1034.959,16871.159,8406880
2,1,unpadded,stream,encrypted-signed,true,8388608,pattern,2,958.037,3266.660,4257.628,56224
2,1,unpadded,range,plain,true,8388608,pattern,2,216.284,724.263,952.077,45609
2,1,unpadded,stream,signed,true,8388608,pattern,2,7751.562,3100.867,10889.500,56433
2,1,unpadded,range,encrypted-signed,true,8388608,pattern,2,942.707,740.253,1694.721,56224
2,1,unpadded,range,plain,false,8388608,pattern,2,166.013,5186.945,5593.832,8392070
2,1,unpadded,stream-content,plain,true,8388608,pattern,2,204.374,3080.486,3314.801,45609
2,1,unpadded,stream-content,signed,false,8388608,pattern,2,15616.986,4906.019,20869.152,8406880
2,1,unpadded,stream,encrypted,true,8388608,pattern,2,248.744,3248.570,3530.104,45459
2,1,unpadded,stream,signed,false,8388608,pattern,2,15378.302,4714.876,20399.234,8406880
2,1,unpadded,whole,encrypted,false,8388608,pattern,2,222.024,21398.732,24216.883,8391910
2,2,unpadded,whole,encrypted,true,8388608,pattern,1,284.876,14432.724,14770.911,45459
2,2,unpadded,whole,plain,false,8388608,pattern,1,269.925,19294.903,21617.016,8392070
2,2,unpadded,range,signed,true,8388608,pattern,1,7936.615,684.463,8654.488,56433
2,2,unpadded,stream-content,encrypted-signed,false,8388608,pattern,1,919.477,17583.002,20598.877,8406656
2,2,unpadded,range,encrypted-signed,true,8388608,pattern,1,972.908,2337.383,3327.611,56224
2,2,unpadded,stream-content,encrypted,true,8388608,pattern,1,198.153,3004.285,3220.649,45459
2,2,unpadded,stream,signed,false,8388608,pattern,1,18716.123,4779.097,23818.236,8406880
2,2,unpadded,stream-content,encrypted,false,8388608,pattern,1,225.184,14849.092,17198.325,8391910
2,2,unpadded,whole,encrypted,false,8388608,pattern,1,220.424,26119.728,29127.683,8391910
2,2,unpadded,whole,plain,true,8388608,pattern,1,247.365,13366.824,13662.280,45609
2,2,unpadded,range,signed,false,8388608,pattern,1,15885.561,1040.749,17353.778,8406880
2,2,unpadded,stream,plain,true,8388608,pattern,1,236.964,3312.211,3583.266,45609
2,2,unpadded,range,plain,false,8388608,pattern,1,200.713,5194.355,5640.823,8392070
2,2,unpadded,stream,plain,false,8388608,pattern,1,195.743,10676.576,11281.626,8392070
2,2,unpadded,stream-content,plain,true,8388608,pattern,1,212.244,3059.016,3297.240,45609
2,2,unpadded,range,encrypted,false,8388608,pattern,1,213.414,8776.491,10989.481,8391910
2,2,unpadded,stream,signed,true,8388608,pattern,1,9410.672,3950.393,13399.015,56433
2,2,unpadded,stream,encrypted,false,8388608,pattern,1,211.974,16471.232,18792.304,8391910
2,2,unpadded,stream,encrypted-signed,false,8388608,pattern,1,949.618,19009.228,22072.454,8406656
2,2,unpadded,range,encrypted,true,8388608,pattern,1,243.175,2336.112,2601.838,45459
2,2,unpadded,whole,encrypted-signed,true,8388608,pattern,1,931.527,11087.493,12063.400,56224
2,2,unpadded,whole,encrypted-signed,false,8388608,pattern,1,944.098,21646.366,25506.517,8406656
2,2,unpadded,range,encrypted-signed,false,8388608,pattern,1,945.828,13529.017,16452.991,8406656
2,2,unpadded,range,plain,true,8388608,pattern,1,224.165,2280.661,2524.357,45609
2,2,unpadded,stream,encrypted-signed,true,8388608,pattern,1,933.407,4020.894,4991.282,56224
2,2,unpadded,stream,encrypted,true,8388608,pattern,1,230.755,3117.557,3379.942,45459
2,2,unpadded,stream-content,signed,true,8388608,pattern,1,7821.703,2903.984,10761.607,56433
2,2,unpadded,whole,signed,true,8388608,pattern,1,7816.803,10440.631,18297.785,56433
2,2,unpadded,stream-content,signed,false,8388608,pattern,1,15731.288,4947.911,21025.075,8406880
2,2,unpadded,stream-content,encrypted-signed,true,8388608,pattern,1,970.628,3147.737,4149.476,56224
2,2,unpadded,stream-content,plain,false,8388608,pattern,1,199.893,10786.808,11437.569,8392070
2,2,unpadded,whole,signed,false,8388608,pattern,1,15612.376,12811.964,31147.720,8406880
2,2,unpadded,stream-content,encrypted-signed,true,8388608,pattern,2,998.909,4708.436,5746.605,56224
2,2,unpadded,range,encrypted-signed,false,8388608,pattern,2,925.337,11862.567,14806.771,8406656
2,2,unpadded,stream-content,signed,true,8388608,pattern,2,9460.114,3028.135,12534.370,56433
2,2,unpadded,stream-content,plain,false,8388608,pattern,2,210.413,13900.314,14529.826,8392070
2,2,unpadded,stream-content,encrypted,true,8388608,pattern,2,237.044,3166.398,3433.272,45459
2,2,unpadded,stream,plain,false,8388608,pattern,2,195.404,10572.633,11232.066,8392070
2,2,unpadded,whole,plain,false,8388608,pattern,2,217.494,19446.726,21896.540,8392070
2,2,unpadded,whole,plain,true,8388608,pattern,2,262.614,11265.607,11571.932,45609
2,2,unpadded,stream-content,encrypted-signed,false,8388608,pattern,2,929.517,14441.125,17464.760,8406656
2,2,unpadded,stream,encrypted-signed,false,8388608,pattern,2,946.757,18712.123,21735.328,8406656
2,2,unpadded,range,encrypted,false,8388608,pattern,2,218.144,13312.403,15684.547,8391910
2,2,unpadded,whole,signed,true,8388608,pattern,2,10124.465,10982.561,21159.557,56433
2,2,unpadded,stream,encrypted,false,8388608,pattern,2,221.994,14111.469,16443.961,8391910
2,2,unpadded,whole,signed,false,8388608,pattern,2,20067.377,12844.146,35322.397,8406880
2,2,unpadded,range,encrypted,true,8388608,pattern,2,251.304,2377.994,2651.348,45459
2,2,unpadded,stream,plain,true,8388608,pattern,2,182.693,3929.582,4148.186,45609
2,2,unpadded,whole,encrypted-signed,false,8388608,pattern,2,924.307,23329.227,26850.942,8406656
2,2,unpadded,range,signed,true,8388608,pattern,2,9416.622,689.853,10150.066,56433
2,2,unpadded,whole,encrypted-signed,true,8388608,pattern,2,963.028,11225.426,12233.735,56224
2,2,unpadded,stream-content,encrypted,false,8388608,pattern,2,231.304,14438.444,16763.026,8391910
2,2,unpadded,whole,encrypted,true,8388608,pattern,2,246.065,12460.798,12756.174,45459
2,2,unpadded,range,signed,false,8388608,pattern,2,15583.195,1040.729,16955.110,8406880
2,2,unpadded,stream,encrypted-signed,true,8388608,pattern,2,983.238,3212.619,4231.457,56224
2,2,unpadded,range,plain,true,8388608,pattern,2,210.864,727.943,949.558,45609
2,2,unpadded,stream,signed,true,8388608,pattern,2,7735.102,3029.855,10804.238,56433
2,2,unpadded,range,encrypted-signed,true,8388608,pattern,2,951.747,745.024,1709.621,56224
2,2,unpadded,range,plain,false,8388608,pattern,2,168.723,5189.956,5594.283,8392070
2,2,unpadded,stream-content,plain,true,8388608,pattern,2,220.824,3079.096,3331.681,45609
2,2,unpadded,stream-content,signed,false,8388608,pattern,2,15499.044,4885.490,20702.469,8406880
2,2,unpadded,stream,encrypted,true,8388608,pattern,2,243.065,3208.609,3485.634,45459
2,2,unpadded,stream,signed,false,8388608,pattern,2,15569.525,4750.107,20658.378,8406880
2,2,unpadded,whole,encrypted,false,8388608,pattern,2,211.804,21269.149,24018.000,8391910
2,3,padded,whole,encrypted,true,8388608,pattern,1,248.954,12506.339,12806.374,312704
2,3,padded,whole,plain,false,8388608,pattern,1,224.374,18870.446,21217.628,8659328
2,3,padded,range,signed,true,8388608,pattern,1,7936.886,782.994,8756.341,322944
2,3,padded,stream-content,encrypted-signed,false,8388608,pattern,1,944.707,17773.615,20920.393,8673664
2,3,padded,range,encrypted-signed,true,8388608,pattern,1,990.568,2398.634,3412.072,322944
2,3,padded,stream-content,encrypted,true,8388608,pattern,1,211.783,3051.126,3290.520,312704
2,3,padded,stream,signed,false,8388608,pattern,1,18826.844,4745.817,23982.609,8673664
2,3,padded,stream-content,encrypted,false,8388608,pattern,1,261.524,15127.527,17629.842,8659328
2,3,padded,whole,encrypted,false,8388608,pattern,1,252.725,26718.209,29714.894,8659328
2,3,padded,whole,plain,true,8388608,pattern,1,271.125,13502.937,13822.033,312704
2,3,padded,range,signed,false,8388608,pattern,1,16553.303,1043.879,17989.839,8673664
2,3,padded,stream,plain,true,8388608,pattern,1,221.424,3310.391,3565.785,312704
2,3,padded,range,plain,false,8388608,pattern,1,204.514,5217.485,5673.634,8659328
2,3,padded,stream,plain,false,8388608,pattern,1,201.373,10559.514,11120.913,8659328
2,3,padded,stream-content,plain,true,8388608,pattern,1,219.214,3152.348,3405.762,312704
2,3,padded,range,encrypted,false,8388608,pattern,1,244.955,8723.059,10982.341,8659328
2,3,padded,stream,signed,true,8388608,pattern,1,9456.493,3991.883,13489.507,322944
2,3,padded,stream,encrypted,false,8388608,pattern,1,249.524,16725.887,19124.070,8659328
2,3,padded,stream,encrypted-signed,false,8388608,pattern,1,984.638,18963.177,22018.133,8673664
2,3,padded,range,encrypted,true,8388608,pattern,1,255.154,2355.213,2629.498,312704
2,3,padded,whole,encrypted-signed,true,8388608,pattern,1,948.418,10913.100,11905.188,322944
2,3,padded,whole,encrypted-signed,false,8388608,pattern,1,957.818,21800.899,25368.885,8673664
2,3,padded,range,encrypted-signed,false,8388608,pattern,1,962.317,13390.345,16375.809,8673664
2,3,padded,range,plain,true,8388608,pattern,1,243.245,2379.723,2654.549,312704
2,3,padded,stream,encrypted-signed,true,8388608,pattern,1,963.417,4145.526,5144.814,322944
2,3,padded,stream,encrypted,true,8388608,pattern,1,238.864,3174.608,3446.323,312704
2,3,padded,stream-content,signed,true,8388608,pattern,1,7999.876,2937.564,10971.760,322944
2,3,padded,whole,signed,true,8388608,pattern,1,7938.025,10181.357,18165.513,322944
2,3,padded,stream-content,signed,false,8388608,pattern,1,15675.156,4942.481,20966.393,8673664
2,3,padded,stream-content,encrypted-signed,true,8388608,pattern,1,1222.833,3130.267,4388.811,322944
2,3,padded,stream-content,plain,false,8388608,pattern,1,207.944,10916.200,11510.841,8659328
2,3,padded,whole,signed,false,8388608,pattern,1,15825.760,13277.783,31234.982,8673664
2,3,padded,stream-content,encrypted-signed,true,8388608,pattern,2,1041.009,3405.652,4476.172,322944
2,3,padded,range,encrypted-signed,false,8388608,pattern,2,961.618,12014.780,15017.545,8673664
2,3,padded,stream-content,signed,true,8388608,pattern,2,9772.409,3112.597,12927.087,322944
2,3,padded,stream-content,plain,false,8388608,pattern,2,230.384,13897.294,14505.995,8659328
2,3,padded,stream-content,encrypted,true,8388608,pattern,2,240.085,3186.738,3455.713,312704
2,3,padded,stream,plain,false,8388608,pattern,2,204.764,10398.350,10923.800,8659328
2,3,padded,whole,plain,false,8388608,pattern,2,199.854,18615.450,20771.640,8659328
2,3,padded,whole,plain,true,8388608,pattern,2,239.294,10802.408,11085.983,312704
2,3,padded,stream-content,encrypted-signed,false,8388608,pattern,2,970.318,14642.827,17668.383,8673664
2,3,padded,stream,encrypted-signed,false,8388608,pattern,2,954.087,18683.852,21833.880,8673664
2,3,padded,range,encrypted,false,8388608,pattern,2,227.804,12997.978,15099.247,8659328
2,3,padded,whole,signed,true,8388608,pattern,2,9395.262,10738.707,20180.180,322944
2,3,padded,stream,encrypted,false,8388608,pattern,2,233.094,13970.306,16216.747,8659328
2,3,padded,whole,signed,false,8388608,pattern,2,19582.579,12752.683,34380.730,8673664
2,3,padded,range,encrypted,true,8388608,pattern,2,248.344,860.276,1122.590,312704
2,3,padded,stream,plain,true,8388608,pattern,2,190.214,4062.214,4279.069,312704
2,3,padded,whole,encrypted-signed,false,8388608,pattern,2,951.717,23718.184,27211.418,8673664
2,3,padded,range,signed,true,8388608,pattern,2,9569.236,1044.949,10643.035,322944
2,3,padded,whole,encrypted-signed,true,8388608,pattern,2,1001.988,10856.789,11902.378,322944
2,3,padded,stream-content,encrypted,false,8388608,pattern,2,244.134,14135.649,16362.409,8659328
2,3,padded,whole,encrypted,true,8388608,pattern,2,229.154,12294.725,12565.350,312704
2,3,padded,range,signed,false,8388608,pattern,2,15058.156,1029.668,16325.849,8673664
2,3,padded,stream,encrypted-signed,true,8388608,pattern,2,931.217,3107.157,4063.585,322944
2,3,padded,range,plain,true,8388608,pattern,2,203.694,740.014,954.438,312704
2,3,padded,stream,signed,true,8388608,pattern,2,7828.304,2955.064,10806.418,322944
2,3,padded,range,encrypted-signed,true,8388608,pattern,2,927.597,725.883,1664.610,322944
2,3,padded,range,plain,false,8388608,pattern,2,165.613,5115.934,5526.192,8659328
2,3,padded,stream-content,plain,true,8388608,pattern,2,202.694,3021.465,3244.390,312704
2,3,padded,stream-content,signed,false,8388608,pattern,2,15021.125,4865.899,20186.640,8673664
2,3,padded,stream,encrypted,true,8388608,pattern,2,245.254,3168.278,3437.793,312704
2,3,padded,stream,signed,false,8388608,pattern,2,15114.087,4621.345,19985.586,8673664
2,3,padded,whole,encrypted,false,8388608,pattern,2,225.264,20504.385,23222.835,8659328
3,0,unpadded,whole,encrypted-signed,false,8388608,pattern,1,871.146,20570.847,23954.639,8406656
3,0,unpadded,stream,signed,false,8388608,pattern,1,19424.905,4676.006,24374.516,8406880
3,0,unpadded,whole,plain,false,8388608,pattern,1,195.944,18216.824,20356.833,8392070
3,0,unpadded,whole,encrypted-signed,true,8388608,pattern,1,968.958,10691.285,11701.884,56224
3,0,unpadded,stream,plain,false,8388608,pattern,1,200.634,10080.814,10556.083,8392070
3,0,unpadded,stream-content,signed,false,8388608,pattern,1,14988.544,4841.849,20113.178,8406880
3,0,unpadded,whole,plain,true,8388608,pattern,1,213.904,7469.926,7717.351,45609
3,0,unpadded,stream,encrypted-signed,true,8388608,pattern,1,954.387,3106.067,4086.895,56224
3,0,unpadded,stream,signed,true,8388608,pattern,1,7753.172,2945.754,10723.217,56433
3,0,unpadded,stream-content,encrypted,true,8388608,pattern,1,210.164,2866.063,3093.877,45459
3,0,unpadded,range,encrypted-signed,false,8388608,pattern,1,896.887,8487.415,11251.836,8406656
3,0,unpadded,range,encrypted-signed,true,8388608,pattern,1,960.498,2193.970,3168.768,56224
3,0,unpadded,stream-content,plain,true,8388608,pattern,1,178.474,2981.634,3175.878,45609
3,0,unpadded,whole,signed,false,8388608,pattern,1,18075.051,12688.512,33078.185,8406880
3,0,unpadded,range,encrypted,false,8388608,pattern,1,226.765,12782.503,14852.652,8391910
3,0,unpadded,stream,encrypted-signed,false,8388608,pattern,1,935.487,18199.653,21153.857,8406656
3,0,unpadded,stream-content,encrypted-signed,false,8388608,pattern,1,920.447,18352.205,21244.779,8406656
3,0,unpadded,range,plain,false,8388608,pattern,1,193.334,9392.422,9807.540,8392070
3,0,unpadded,stream-content,encrypted-signed,true,8388608,pattern,1,951.957,3064.296,4040.154,56224
3,0,unpadded,range,plain,true,8388608,pattern,1,192.874,718.203,921.547,45609
3,0,unpadded,stream-content,plain,false,8388608,pattern,1,158.063,10379.790,10865.669,8392070
3,0,unpadded,stream-content,signed,true,8388608,pattern,1,7819.273,2990.855,10840.439,56433
3,0,unpadded,stream,encrypted,false,8388608,pattern,1,205.074,14258.891,16464.391,8391910
3,0,unpadded,range,signed,true,8388608,pattern,1,9350.051,695.393,10061.804,56433
3,0,unpadded,stream,encrypted,true,8388608,pattern,1,203.223,3972.533,4200.977,45459
3,0,unpadded,whole,encrypted,true,8388608,pattern,1,214.594,10228.807,10481.352,45459
3,0,unpadded,range,encrypted,true,8388608,pattern,1,236.104,804.765,1051.919,45459
3,0,unpadded,stream,plain,true,8388608,pattern,1,179.414,3074.296,3274.150,45609
3,0,unpadded,stream-content,encrypted,false,8388608,pattern,1,192.094,14198.639,16407.620,8391910
3,0,unpadded,range,signed,false,8388608,pattern,1,19631.849,1037.259,20901.803,8406880
3,0,unpadded,whole,signed,true,8388608,pattern,1,7845.744,7460.056,15342.391,56433
3,0,unpadded,whole,encrypted,false,8388608,pattern,1,214.344,20490.615,23229.305,8391910
3,0,unpadded,stream,encrypted-signed,false,8388608,pattern,2,945.477,18813.485,21749.708,8406656
3,0,unpadded,whole,plain,false,8388608,pattern,2,197.313,22459.712,24627.381,8392070
3,0,unpadded,stream,encrypted,true,8388608,pattern,2,246.814,3964.043,4237.637,45459
3,0,unpadded,stream,signed,false,8388608,pattern,2,17197.884,4631.455,22087.404,8406880
3,0,unpadded,whole,encrypted-signed,false,8388608,pattern,2,916.466,20637.478,24055.790,8406656
3,0,unpadded,whole,encrypted,false,8388608,pattern,2,231.924,24730.653,27466.702,8391910
3,0,unpadded,stream,plain,false,8388608,pattern,2,210.814,14481.535,14967.634,8392070
3,0,unpadded,stream-content,encrypted-signed,true,8388608,pattern,2,943.917,2979.685,3943.352,56224
3,0,unpadded,stream-content,plain,true,8388608,pattern,2,190.643,2856.492,3061.906,45609
3,0,unpadded,stream-content,encrypted-signed,false,8388608,pattern,2,883.866,14237.991,17132.074,8406656
3,0,unpadded,stream-content,signed,false,8388608,pattern,2,19351.435,4911.470,24622.591,8406880
3,0,unpadded,range,signed,false,8388608,pattern,2,15482.793,1035.969,16910.720,8406880
3,0,unpadded,stream,encrypted-signed,true,8388608,pattern,2,945.938,3276.930,4252.898,56224
3,0,unpadded,whole,signed,true,8388608,pattern,2,7777.922,7717.652,15534.384,56433
3,0,unpadded,whole,plain,true,8388608,pattern,2,210.014,7638.390,7879.464,45609
3,0,unpadded,range,encrypted,true,8388608,pattern,2,222.684,804.235,1038.829,45459
3,0,unpadded,stream-content,signed,true,8388608,pattern,2,7828.113,2947.214,10799.657,56433
3,0,unpadded,whole,encrypted-signed,true,8388608,pattern,2,927.867,7619.099,8584.067,56224
3,0,unpadded,stream-content,encrypted,true,8388608,pattern,2,236.264,2989.215,3248.539,45459
3,0,unpadded,range,encrypted-signed,false,8388608,pattern,2,902.707,8544.816,11325.927,8406656
3,0,unpadded,range,plain,false,8388608,pattern,2,201.854,9376.161,9790.309,8392070
3,0,unpadded,range,signed,true,8388608,pattern,2,7849.963,678.643,8543.206,56433
3,0,unpadded,whole,encrypted,true,8388608,pattern,2,196.183,7508.168,7736.791,45459
3,0,unpadded,range,encrypted-signed,true,8388608,pattern,2,954.257,790.435,1756.142,56224
3,0,unpadded,range,encrypted,false,8388608,pattern,2,175.224,8248.721,10265.398,8391910
3,0,unpadded,stream,encrypted,false,8388608,pattern,2,207.344,18281.214,20463.105,8391910
3,0,unpadded,range,plain,true,8388608,pattern,2,214.524,2206.951,2435.955,45609
3,0,unpadded,stream,signed,true,8388608,pattern,2,7706.882,3846.760,11588.242,56433
3,0,unpadded,stream-content,encrypted,false,8388608,pattern,2,196.224,16411.510,18593.760,8391910
3,0,unpadded,whole,signed,false,8388608,pattern,2,19486.917,12647.061,34473.301,8406880
3,0,unpadded,stream,plain,true,8388608,pattern,2,229.734,5426.069,5683.754,45609
3,0,unpadded,stream-content,plain,false,8388608,pattern,2,196.184,12661.402,13187.642,8392070
3,1,padded,whole,encrypted-signed,false,8388608,pattern,1,1060.509,21053.775,24741.672,8673664
3,1,padded,stream,signed,false,8388608,pattern,1,20143.219,4723.306,25154.890,8673664
3,1,padded,whole,plain,false,8388608,pattern,1,207.814,18861.395,21059.776,8659328
3,1,padded,whole,encrypted-signed,true,8388608,pattern,1,980.238,10736.886,11756.935,322944
3,1,padded,stream,plain,false,8388608,pattern,1,207.913,10184.717,10679.895,8659328
3,1,padded,stream-content,signed,false,8388608,pattern,1,15311.880,4939.860,20605.507,8673664
3,1,padded,whole,plain,true,8388608,pattern,1,249.444,7952.996,8241.510,312704
3,1,padded,stream,encrypted-signed,true,8388608,pattern,1,975.078,3306.931,4316.779,322944
3,1,padded,stream,signed,true,8388608,pattern,1,7864.634,3095.907,10996.401,322944
3,1,padded,stream-content,encrypted,true,8388608,pattern,1,243.265,2983.244,3251.580,312704
3,1,padded,range,encrypted-signed,false,8388608,pattern,1,943.818,8748.900,11717.615,8673664
3,1,padded,range,encrypted-signed,true,8388608,pattern,1,1014.078,2338.843,3381.272,322944
3,1,padded,stream-content,plain,true,8388608,pattern,1,200.664,3075.146,3310.381,312704
3,1,padded,whole,signed,false,8388608,pattern,1,19953.245,13155.050,35123.892,8673664
3,1,padded,range,encrypted,false,8388608,pattern,1,252.735,12275.684,14615.198,8659328
3,1,padded,stream,encrypted-signed,false,8388608,pattern,1,962.988,18905.906,21875.031,8673664
3,1,padded,stream-content,encrypted-signed,false,8388608,pattern,1,948.378,18815.954,22221.247,8673664
3,1,padded,range,plain,false,8388608,pattern,1,208.884,9987.592,10454.681,8659328
3,1,padded,stream-content,encrypted-signed,true,8388608,pattern,1,985.968,3126.667,4144.635,322944
3,1,padded,range,plain,true,8388608,pattern,1,226.544,727.474,964.428,312704
3,1,padded,stream-content,plain,false,8388608,pattern,1,165.363,10583.984,11070.783,8659328
3,1,padded,stream-content,signed,true,8388608,pattern,1,7907.705,2923.764,10856.259,322944
3,1,padded,stream,encrypted,false,8388608,pattern,1,210.784,14048.427,16240.977,8659328
3,1,padded,range,signed,true,8388608,pattern,1,9335.691,703.553,10055.124,322944
3,1,padded,stream,encrypted,true,8388608,pattern,1,197.064,3943.832,4166.186,312704
3,1,padded,whole,encrypted,true,8388608,pattern,1,210.494,9943.062,10192.437,312704
3,1,padded,range,encrypted,true,8388608,pattern,1,240.815,787.704,1040.020,312704
3,1,padded,stream,plain,true,8388608,pattern,1,188.723,3062.206,3268.490,312704
3,1,padded,stream-content,encrypted,false,8388608,pattern,1,203.714,14116.298,16385.880,8659328
3,1,padded,range,signed,false,8388608,pattern,1,19441.246,1021.878,20684.068,8673664
3,1,padded,whole,signed,true,8388608,pattern,1,7750.772,7408.895,15197.538,322944
3,1,padded,whole,encrypted,false,8388608,pattern,1,227.994,20550.636,23283.946,8659328
3,1,padded,stream,encrypted-signed,false,8388608,pattern,2,955.687,18526.029,21468.053,8673664
3,1,padded,whole,plain,false,8388608,pattern,2,203.754,22649.345,24835.055,8659328
3,1,padded,stream,encrypted,true,8388608,pattern,2,253.624,4004.464,4281.698,312704
3,1,padded,stream,signed,false,8388608,pattern,2,17225.415,4742.287,22318.688,8673664
3,1,padded,whole,encrypted-signed,false,8388608,pattern,2,973.818,20929.633,24459.878,8673664
3,1,padded,whole,encrypted,false,8388608,pattern,2,248.905,24916.376,27688.737,8659328
3,1,padded,stream,plain,false,8388608,pattern,2,220.164,14596.307,15109.457,8659328
3,1,padded,stream-content,encrypted-signed,true,8388608,pattern,2,946.457,2988.825,3956.672,322944
3,1,padded,stream-content,plain,true,8388608,pattern,2,199.163,2827.582,3045.665,312704
3,1,padded,stream-content,encrypted-signed,false,8388608,pattern,2,895.866,14334.793,17258.236,8673664
3,1,padded,stream-content,signed,false,8388608,pattern,2,19438.246,4939.570,24707.672,8673664
3,1,padded,range,signed,false,8388608,pattern,2,15155.028,1056.789,16454.481,8673664
3,1,padded,stream,encrypted-signed,true,8388608,pattern,2,924.927,3149.467,4100.695,322944
3,1,padded,whole,signed,true,8388608,pattern,2,7734.531,7724.671,15491.523,322944
3,1,padded,whole,plain,true,8388608,pattern,2,226.214,7718.431,7980.156,312704
3,1,padded,range,encrypted,true,8388608,pattern,2,239.954,797.595,1048.839,312704
3,1,padded,stream-content,signed,true,8388608,pattern,2,7840.124,2967.344,10830.558,322944
3,1,padded,whole,encrypted-signed,true,8388608,pattern,2,981.608,7707.161,8717.809,322944
3,1,padded,stream-content,encrypted,true,8388608,pattern,2,235.594,3103.687,3370.432,312704
3,1,padded,range,encrypted-signed,false,8388608,pattern,2,918.427,8657.519,11520.031,8673664
3,1,padded,range,plain,false,8388608,pattern,2,195.574,9429.642,9831.690,8659328
3,1,padded,range,signed,true,8388608,pattern,2,7941.926,688.632,8649.199,322944
3,1,padded,whole,encrypted,true,8388608,pattern,2,247.315,7748.041,8039.727,312704
3,1,padded,range,encrypted-signed,true,8388608,pattern,2,959.728,785.414,1756.892,322944
3,1,padded,range,encrypted,false,8388608,pattern,2,195.553,8384.844,10433.431,8659328
3,1,padded,stream,encrypted,false,8388608,pattern,2,226.244,18345.206,20535.556,8659328
3,1,padded,range,plain,true,8388608,pattern,2,223.074,2174.730,2409.924,312704
3,1,padded,stream,signed,true,8388608,pattern,2,7742.692,3832.430,11601.262,322944
3,1,padded,stream-content,encrypted,false,8388608,pattern,2,211.674,16359.159,18570.120,8659328
3,1,padded,whole,signed,false,8388608,pattern,2,19282.193,12477.668,33670.836,8673664
3,1,padded,stream,plain,true,8388608,pattern,2,233.425,3930.431,4188.047,312704
3,1,padded,stream-content,plain,false,8388608,pattern,2,194.833,12538.930,13040.708,8659328
3,2,padded,whole,encrypted-signed,false,8388608,pattern,1,893.036,22244.697,25728.360,8673664
3,2,padded,stream,signed,false,8388608,pattern,1,19876.034,4740.356,25017.738,8673664
3,2,padded,whole,plain,false,8388608,pattern,1,218.284,19699.210,22127.514,8659328
3,2,padded,whole,encrypted-signed,true,8388608,pattern,1,1000.459,11364.137,12405.447,322944
3,2,padded,stream,plain,false,8388608,pattern,1,221.534,11066.703,11754.485,8659328
3,2,padded,stream-content,signed,false,8388608,pattern,1,16633.264,5043.623,22090.414,8673664
3,2,padded,whole,plain,true,8388608,pattern,1,238.584,8133.029,8406.304,312704
3,2,padded,stream,encrypted-signed,true,8388608,pattern,1,975.828,3360.532,4368.791,322944
3,2,padded,stream,signed,true,8388608,pattern,1,7911.235,3181.368,11124.654,322944
3,2,padded,stream-content,encrypted,true,8388608,pattern,1,239.854,3054.996,3320.260,312704
3,2,padded,range,encrypted-signed,false,8388608,pattern,1,948.387,8966.474,11948.899,8673664
3,2,padded,range,encrypted-signed,true,8388608,pattern,1,976.958,2303.982,3298.851,322944
3,2,padded,stream-content,plain,true,8388608,pattern,1,193.714,3014.545,3234.679,312704
3,2,padded,whole,signed,false,8388608,pattern,1,18673.212,12994.517,33781.158,8673664
3,2,padded,range,encrypted,false,8388608,pattern,1,233.474,12064.581,14390.623,8659328
3,2,padded,stream,encrypted-signed,false,8388608,pattern,1,959.138,19255.162,22410.850,8673664
3,2,padded,stream-content,encrypted-signed,false,8388608,pattern,1,946.187,19841.243,22980.970,8673664
3,2,padded,range,plain,false,8388608,pattern,1,221.284,9880.241,10407.050,8659328
3,2,padded,stream-content,encrypted-signed,true,8388608,pattern,1,983.448,3180.048,4195.107,322944
3,2,padded,range,plain,true,8388608,pattern,1,212.564,733.174,957.248,312704
3,2,padded,stream-content,plain,false,8388608,pattern,1,168.713,10843.949,11454.520,8659328
3,2,padded,stream-content,signed,true,8388608,pattern,1,7917.985,2969.474,10922.740,322944
3,2,padded,stream,encrypted,false,8388608,pattern,1,237.965,14169.779,16535.823,8659328
3,2,padded,range,signed,true,8388608,pattern,1,9550.885,698.563,10279.858,322944
3,2,padded,stream,encrypted,true,8388608,pattern,1,217.654,4063.464,4316.239,312704
3,2,padded,whole,encrypted,true,8388608,pattern,1,233.054,10230.517,10500.842,312704
3,2,padded,range,encrypted,true,8388608,pattern,1,236.104,844.786,1091.740,312704
3,2,padded,stream,plain,true,8388608,pattern,1,183.403,3161.838,3372.882,312704
3,2,padded,stream-content,encrypted,false,8388608,pattern,1,235.444,14657.028,17135.493,8659328
3,2,padded,range,signed,false,8388608,pattern,1,20196.649,1037.789,21721.117,8673664
3,2,padded,whole,signed,true,8388608,pattern,1,7954.515,7957.016,15950.042,322944
3,2,padded,whole,encrypted,false,8388608,pattern,1,258.484,22907.939,26485.824,8659328
3,2,padded,stream,encrypted-signed,false,8388608,pattern,2,1361.775,23509.590,27172.697,8673664
3,2,padded,whole,plain,false,8388608,pattern,2,217.274,24440.606,26893.421,8659328
3,2,padded,stream,encrypted,true,8388608,pattern,2,286.036,4319.609,4648.835,312704
3,2,padded,stream,signed,false,8388608,pattern,2,19035.138,4823.819,24285.975,8673664
3,2,padded,whole,encrypted-signed,false,8388608,pattern,2,1041.319,23444.688,27323.349,8673664
3,2,padded,whole,encrypted,false,8388608,pattern,2,363.447,27299.569,30305.735,8659328
3,2,padded,stream,plain,false,8388608,pattern,2,335.417,16187.566,16981.701,8659328
3,2,padded,stream-content,encrypted-signed,true,8388608,pattern,2,1114.870,3207.149,4351.519,322944
3,2,padded,stream-content,plain,true,8388608,pattern,2,314.086,3033.656,3374.572,312704
3,2,padded,stream-content,encrypted-signed,false,8388608,pattern,2,1066.409,15402.762,18527.649,8673664
3,2,padded,stream-content,signed,false,8388608,pattern,2,20851.911,4916.420,26099.807,8673664
3,2,padded,range,signed,false,8388608,pattern,2,15529.334,1044.279,16934.230,8673664
3,2,padded,stream,encrypted-signed,true,8388608,pattern,2,969.038,3217.689,4215.117,322944
3,2,padded,whole,signed,true,8388608,pattern,2,7881.104,8009.087,15928.512,322944
3,2,padded,whole,plain,true,8388608,pattern,2,237.155,8143.619,8414.374,312704
3,2,padded,range,encrypted,true,8388608,pattern,2,344.566,833.366,1191.922,312704
3,2,padded,stream-content,signed,true,8388608,pattern,2,7770.183,3022.755,10830.468,322944
3,2,padded,whole,encrypted-signed,true,8388608,pattern,2,968.858,7912.465,8924.514,322944
3,2,padded,stream-content,encrypted,true,8388608,pattern,2,259.675,3182.848,3475.154,312704
3,2,padded,range,encrypted-signed,false,8388608,pattern,2,949.187,8940.504,11943.998,8673664
3,2,padded,range,plain,false,8388608,pattern,2,234.294,9855.361,10386.290,8659328
3,2,padded,range,signed,true,8388608,pattern,2,7914.425,680.272,8630.548,322944
3,2,padded,whole,encrypted,true,8388608,pattern,2,240.944,7959.006,8242.801,312704
3,2,padded,range,encrypted-signed,true,8388608,pattern,2,988.028,859.105,1863.624,322944
3,2,padded,range,encrypted,false,8388608,pattern,2,201.984,9053.025,11396.649,8659328
3,2,padded,stream,encrypted,false,8388608,pattern,2,275.175,19524.767,22114.364,8659328
3,2,padded,range,plain,true,8388608,pattern,2,267.905,2336.673,2626.868,312704
3,2,padded,stream,signed,true,8388608,pattern,2,7801.143,3983.013,11826.047,322944
3,2,padded,stream-content,encrypted,false,8388608,pattern,2,238.314,17007.301,19451.955,8659328
3,2,padded,whole,signed,false,8388608,pattern,2,20014.176,12867.126,34954.630,8673664
3,2,padded,stream,plain,true,8388608,pattern,2,246.354,4060.924,4345.689,312704
3,2,padded,stream-content,plain,false,8388608,pattern,2,219.174,13095.429,13867.053,8659328
3,3,unpadded,whole,encrypted-signed,false,8388608,pattern,1,907.906,20878.002,24380.555,8406656
3,3,unpadded,stream,signed,false,8388608,pattern,1,20076.117,4714.136,25115.179,8406880
3,3,unpadded,whole,plain,false,8388608,pattern,1,198.964,18790.193,20994.964,8392070
3,3,unpadded,whole,encrypted-signed,true,8388608,pattern,1,983.718,11332.757,12362.436,56224
3,3,unpadded,stream,plain,false,8388608,pattern,1,205.574,10743.436,11353.168,8392070
3,3,unpadded,stream-content,signed,false,8388608,pattern,1,15922.962,4974.850,21255.809,8406880
3,3,unpadded,whole,plain,true,8388608,pattern,1,221.524,7939.945,8198.340,45609
3,3,unpadded,stream,encrypted-signed,true,8388608,pattern,1,959.748,3229.099,4221.598,56224
3,3,unpadded,stream,signed,true,8388608,pattern,1,7859.563,3104.097,11004.931,56433
3,3,unpadded,stream-content,encrypted,true,8388608,pattern,1,230.484,2991.975,3247.779,45459
3,3,unpadded,range,encrypted-signed,false,8388608,pattern,1,940.537,8875.702,11825.986,8406656
3,3,unpadded,range,encrypted-signed,true,8388608,pattern,1,972.238,2271.441,3262.740,56224
3,3,unpadded,stream-content,plain,true,8388608,pattern,1,183.634,2984.064,3195.489,45609
3,3,unpadded,whole,signed,false,8388608,pattern,1,18845.155,12991.968,34304.648,8406880
3,3,unpadded,range,encrypted,false,8388608,pattern,1,232.304,13403.705,15712.287,8391910
3,3,unpadded,stream,encrypted-signed,false,8388608,pattern,1,970.508,18770.343,21819.089,8406656
3,3,unpadded,stream-content,encrypted-signed,false,8388608,pattern,1,949.707,19039.748,22146.995,8406656
3,3,unpadded,range,plain,false,8388608,pattern,1,204.583,9681.487,10157.045,8392070
3,3,unpadded,stream-content,encrypted-signed,true,8388608,pattern,1,959.518,3042.445,4025.364,56224
3,3,unpadded,range,plain,true,8388608,pattern,1,189.554,728.773,928.797,45609
3,3,unpadded,stream-content,plain,false,8388608,pattern,1,157.723,10870.598,11520.680,8392070
3,3,unpadded,stream-content,signed,true,8388608,pattern,1,7955.906,2931.734,10926.760,56433
3,3,unpadded,stream,encrypted,false,8388608,pattern,1,217.424,14367.183,16741.496,8391910
3,3,unpadded,range,signed,true,8388608,pattern,1,9389.922,681.132,10100.675,56433
3,3,unpadded,stream,encrypted,true,8388608,pattern,1,210.754,4016.004,4261.848,45459
3,3,unpadded,whole,encrypted,true,8388608,pattern,1,218.924,10275.568,10542.553,45459
3,3,unpadded,range,encrypted,true,8388608,pattern,1,227.044,829.485,1069.329,45459
3,3,unpadded,stream,plain,true,8388608,pattern,1,177.333,3238.049,3459.353,45609
3,3,unpadded,stream-content,encrypted,false,8388608,pattern,1,211.414,15764.598,18219.653,8391910
3,3,unpadded,range,signed,false,8388608,pattern,1,20392.753,1047.559,21751.727,8406880
3,3,unpadded,whole,signed,true,8388608,pattern,1,7924.535,7562.879,15524.654,56433
3,3,unpadded,whole,encrypted,false,8388608,pattern,1,221.894,20864.412,23618.082,8391910
3,3,unpadded,stream,encrypted-signed,false,8388608,pattern,2,958.807,18503.089,21559.514,8406656
3,3,unpadded,whole,plain,false,8388608,pattern,2,201.623,23314.147,25560.667,8392070
3,3,unpadded,stream,encrypted,true,8388608,pattern,2,288.355,4240.048,4558.393,45459
3,3,unpadded,stream,signed,false,8388608,pattern,2,18309.155,4800.348,23422.348,8406880
3,3,unpadded,whole,encrypted-signed,false,8388608,pattern,2,993.748,21903.451,25542.527,8406656
3,3,unpadded,whole,encrypted,false,8388608,pattern,2,230.364,26507.715,29369.177,8391910
3,3,unpadded,stream,plain,false,8388608,pattern,2,209.254,14846.831,15372.771,8392070
3,3,unpadded,stream-content,encrypted-signed,true,8388608,pattern,2,1196.662,4057.714,5284.306,56224
3,3,unpadded,stream-content,plain,true,8388608,pattern,2,197.924,3034.905,3254.900,45609
3,3,unpadded,stream-content,encrypted-signed,false,8388608,pattern,2,996.478,15037.485,18117.472,8406656
3,3,unpadded,stream-content,signed,false,8388608,pattern,2,20439.844,5173.435,26010.316,8406880
3,3,unpadded,range,signed,false,8388608,pattern,2,16424.410,1086.890,17935.428,8406880
3,3,unpadded,stream,encrypted-signed,true,8388608,pattern,2,1032.119,3656.757,4725.067,56224
3,3,unpadded,whole,signed,true,8388608,pattern,2,8488.736,8369.293,16901.370,56433
3,3,unpadded,whole,plain,true,8388608,pattern,2,258.535,7777.122,8084.068,45609
3,3,unpadded,range,encrypted,true,8388608,pattern,2,232.815,838.165,1083.720,45459
3,3,unpadded,stream-content,signed,true,8388608,pattern,2,7977.386,2975.105,10976.801,56433
3,3,unpadded,whole,encrypted-signed,true,8388608,pattern,2,950.637,7897.405,8891.822,56224
3,3,unpadded,stream-content,encrypted,true,8388608,pattern,2,223.264,3195.909,3448.373,45459
3,3,unpadded,range,encrypted-signed,false,8388608,pattern,2,949.457,8615.578,11461.300,8406656
3,3,unpadded,range,plain,false,8388608,pattern,2,196.644,9539.944,9978.893,8392070
3,3,unpadded,range,signed,true,8388608,pattern,2,7842.993,686.982,8546.606,56433
3,3,unpadded,whole,encrypted,true,8388608,pattern,2,196.284,8032.237,8265.741,45459
3,3,unpadded,range,encrypted-signed,true,8388608,pattern,2,954.908,865.795,1834.694,56224
3,3,unpadded,range,encrypted,false,8388608,pattern,2,182.263,9001.725,11268.786,8391910
3,3,unpadded,stream,encrypted,false,8388608,pattern,2,242.114,19080.659,21511.413,8391910
3,3,unpadded,range,plain,true,8388608,pattern,2,208.474,2245.831,2469.055,45609
3,3,unpadded,stream,signed,true,8388608,pattern,2,7778.052,3942.002,11747.705,56433
3,3,unpadded,stream-content,encrypted,false,8388608,pattern,2,207.944,16657.635,18887.476,8391910
3,3,unpadded,whole,signed,false,8388608,pattern,2,19593.189,12754.043,34695.115,8406880
3,3,unpadded,stream,plain,true,8388608,pattern,2,228.584,5482.430,5739.035,45609
3,3,unpadded,stream-content,plain,false,8388608,pattern,2,183.194,12717.562,13243.992,8392070
4,0,padded,whole,encrypted-signed,true,8388608,pattern,1,922.247,7896.494,8856.322,322944
4,0,padded,whole,signed,true,8388608,pattern,1,8010.997,7801.072,15850.220,322944
4,0,padded,stream-content,encrypted,false,8388608,pattern,1,242.054,14707.789,17066.812,8659328
4,0,padded,range,plain,false,8388608,pattern,1,227.064,9700.847,10154.125,8659328
4,0,padded,stream-content,encrypted,true,8388608,pattern,1,235.694,3165.428,3424.863,312704
4,0,padded,range,signed,false,8388608,pattern,1,15309.360,1049.319,16636.394,8673664
4,0,padded,range,plain,true,8388608,pattern,1,211.184,772.614,995.078,312704
4,0,padded,whole,signed,false,8388608,pattern,1,15072.495,13172.991,30219.532,8673664
4,0,padded,stream-content,signed,true,8388608,pattern,1,7941.945,3000.995,10966.540,322944
4,0,padded,stream-content,plain,false,8388608,pattern,1,195.583,13553.058,14101.278,8659328
4,0,padded,stream-content,encrypted-signed,true,8388608,pattern,1,974.598,3147.698,4146.646,322944
4,0,padded,stream,encrypted-signed,false,8388608,pattern,1,917.887,15583.595,19111.249,8673664
4,0,padded,stream-content,encrypted-signed,false,8388608,pattern,1,1433.316,19270.973,22821.978,8673664
4,0,padded,stream,plain,true,8388608,pattern,1,236.655,5605.092,5881.138,312704
4,0,padded,whole,encrypted,false,8388608,pattern,1,237.814,24143.792,27017.924,8659328
4,0,padded,range,encrypted-signed,true,8388608,pattern,1,1031.169,2436.804,3493.584,322944
4,0,padded,range,signed,true,8388608,pattern,1,7922.215,698.263,8646.918,322944
4,0,padded,stream,signed,false,8388608,pattern,1,19052.818,4859.469,24355.305,8673664
4,0,padded,stream,signed,true,8388608,pattern,1,8174.359,3343.771,11561.321,322944
4,0,padded,range,encrypted-signed,false,8388608,pattern,1,991.138,10270.778,13293.123,8673664
4,0,padded,whole,encrypted-signed,false,8388608,pattern,1,1096.030,25613.108,29263.125,8673664
4,0,padded,stream,encrypted,true,8388608,pattern,1,260.874,5642.654,5932.508,312704
4,0,padded,stream,encrypted-signed,true,8388608,pattern,1,964.827,3162.848,4156.346,322944
4,0,padded,range,encrypted,true,8388608,pattern,1,223.835,745.033,979.918,312704
4,0,padded,stream,plain,false,8388608,pattern,1,180.473,12623.271,13094.559,8659328
4,0,padded,range,encrypted,false,8388608,pattern,1,215.914,8514.575,10614.534,8659328
4,0,padded,stream-content,plain,true,8388608,pattern,1,240.784,4606.284,4870.779,312704
4,0,padded,stream,encrypted,false,8388608,pattern,1,217.064,17182.144,19450.135,8659328
4,0,padded,stream-content,signed,false,8388608,pattern,1,19696.330,4978.681,25034.178,8673664
4,0,padded,whole,plain,false,8388608,pattern,1,217.674,18558.119,20767.529,8659328
4,0,padded,whole,plain,true,8388608,pattern,1,246.825,10726.336,11014.952,312704
4,0,padded,whole,encrypted,true,8388608,pattern,1,249.735,7592.069,7883.645,312704
4,0,padded,stream,signed,false,8388608,pattern,2,15442.753,4745.496,20461.494,8673664
4,0,padded,whole,encrypted,true,8388608,pattern,2,249.305,7563.118,7847.734,312704
4,0,padded,whole,encrypted-signed,false,8388608,pattern,2,941.347,20787.660,24325.494,8673664
4,0,padded,stream-content,encrypted,true,8388608,pattern,2,259.695,4629.445,4913.450,312704
4,0,padded,whole,plain,false,8388608,pattern,2,198.803,21364.791,23591.111,8659328
4,0,padded,whole,signed,true,8388608,pattern,2,7888.324,10759.777,18695.152,322944
4,0,padded,range,signed,false,8388608,pattern,2,15156.687,1034.159,16428.221,8673664
4,0,padded,stream,encrypted,true,8388608,pattern,2,215.734,3150.518,3392.542,312704
4,0,padded,stream,plain,false,8388608,pattern,2,200.374,10191.656,10690.935,8659328
4,0,padded,stream-content,signed,false,8388608,pattern,2,15107.646,4921.020,20336.032,8673664
4,0,padded,whole,signed,false,8388608,pattern,2,15092.886,12816.014,29882.706,8673664
4,0,padded,stream-content,signed,true,8388608,pattern,2,7940.605,3045.416,11007.251,322944
4,0,padded,stream-content,plain,false,8388608,pattern,2,189.073,13471.386,14006.636,8659328
4,0,padded,stream-content,encrypted-signed,false,8388608,pattern,2,930.527,14240.300,17177.863,8673664
4,0,padded,stream-content,encrypted-signed,true,8388608,pattern,2,960.428,4500.832,5488.581,322944
4,0,padded,range,plain,true,8388608,pattern,2,203.334,720.393,934.477,312704
4,0,padded,whole,encrypted-signed,true,8388608,pattern,2,903.056,10791.127,11732.104,322944
4,0,padded,whole,plain,true,8388608,pattern,2,224.634,7504.717,7762.382,312704
4,0,padded,stream,encrypted,false,8388608,pattern,2,234.034,13909.594,16135.785,8659328
4,0,padded,stream,plain,true,8388608,pattern,2,222.114,5395.919,5650.584,312704
4,0,padded,range,encrypted-signed,true,8388608,pattern,2,955.318,727.863,1694.441,322944
4,0,padded,whole,encrypted,false,8388608,pattern,2,186.253,22898.029,25593.467,8659328
4,0,padded,range,encrypted,false,8388608,pattern,2,237.625,12687.442,14731.170,8659328
4,0,padded,stream,encrypted-signed,true,8388608,pattern,2,978.507,5435.600,6442.927,322944
4,0,padded,range,encrypted-signed,false,8388608,pattern,2,919.157,10665.555,13441.546,8673664
4,0,padded,stream-content,encrypted,false,8388608,pattern,2,229.994,19102.549,21350.470,8659328
4,0,padded,stream,encrypted-signed,false,8388608,pattern,2,932.297,18523.868,21501.293,8673664
4,0,padded,range,encrypted,true,8388608,pattern,2,242.535,2233.191,2492.276,312704
4,0,padded,range,signed,true,8388608,pattern,2,8055.777,682.943,8752.250,322944
4,0,padded,stream,signed,true,8388608,pattern,2,7787.652,3893.781,11708.764,322944
4,0,padded,stream-content,plain,true,8388608,pattern,2,211.984,2898.623,3126.888,312704
4,0,padded,range,plain,false,8388608,pattern,2,185.743,7429.466,7834.703,8659328
4,1,unpadded,whole,encrypted-signed,true,8388608,pattern,1,934.137,7904.084,8875.292,56224
4,1,unpadded,whole,signed,true,8388608,pattern,1,7935.875,7835.483,15805.029,56433
4,1,unpadded,stream-content,encrypted,false,8388608,pattern,1,224.804,14594.226,17020.111,8391910
4,1,unpadded,range,plain,false,8388608,pattern,1,217.504,9851.589,10353.249,8392070
4,1,unpadded,stream-content,encrypted,true,8388608,pattern,1,226.895,3146.717,3401.873,45459
4,1,unpadded,range,signed,false,8388608,pattern,1,15691.697,1045.389,17203.785,8406880
4,1,unpadded,range,plain,true,8388608,pattern,1,234.354,850.826,1105.850,45609
4,1,unpadded,whole,signed,false,8388608,pattern,1,15696.508,12907.565,31071.968,8406880
4,1,unpadded,stream-content,signed,true,8388608,pattern,1,9739.068,3003.615,12776.894,56433
4,1,unpadded,stream-content,plain,false,8388608,pattern,1,191.253,13560.238,14076.827,8392070
4,1,unpadded,stream-content,encrypted-signed,true,8388608,pattern,1,977.988,3005.154,4003.233,56224
4,1,unpadded,stream,encrypted-signed,false,8388608,pattern,1,901.447,14049.957,16943.370,8406656
4,1,unpadded,stream-content,encrypted-signed,false,8388608,pattern,1,942.287,18482.888,21419.441,8406656
4,1,unpadded,stream,plain,true,8388608,pattern,1,210.684,5414.779,5651.753,45609
4,1,unpadded,whole,encrypted,false,8388608,pattern,1,205.604,22885.968,25684.159,8391910
4,1,unpadded,range,encrypted-signed,true,8388608,pattern,1,993.358,2328.193,3337.101,56224
4,1,unpadded,range,signed,true,8388608,pattern,1,7703.991,671.822,8387.793,56433
4,1,unpadded,stream,signed,false,8388608,pattern,1,17999.679,4668.226,22921.319,8406880
4,1,unpadded,stream,signed,true,8388608,pattern,1,7816.903,3033.435,10878.599,56433
4,1,unpadded,range,encrypted-signed,false,8388608,pattern,1,925.837,8541.966,11320.806,8406656
4,1,unpadded,whole,encrypted-signed,false,8388608,pattern,1,941.157,24882.185,28337.528,8406656
4,1,unpadded,stream,encrypted,true,8388608,pattern,1,236.625,5494.810,5759.966,45459
4,1,unpadded,stream,encrypted-signed,true,8388608,pattern,1,946.488,3002.644,3971.243,56224
4,1,unpadded,range,encrypted,true,8388608,pattern,1,196.404,728.413,935.148,45459
4,1,unpadded,stream,plain,false,8388608,pattern,1,158.963,12420.447,12868.135,8392070
4,1,unpadded,range,encrypted,false,8388608,pattern,1,199.423,8396.704,10463.391,8391910
4,1,unpadded,stream-content,plain,true,8388608,pattern,1,211.324,4506.062,4743.406,45609
4,1,unpadded,stream,encrypted,false,8388608,pattern,1,200.474,17068.732,19278.952,8391910
4,1,unpadded,stream-content,signed,false,8388608,pattern,1,19477.876,4902.230,24665.941,8406880
4,1,unpadded,whole,plain,false,8388608,pattern,1,189.883,18282.914,20414.763,8392070
4,1,unpadded,whole,plain,true,8388608,pattern,1,227.344,10618.984,10886.599,45609
4,1,unpadded,whole,encrypted,true,8388608,pattern,1,230.595,7395.325,7664.361,45459
4,1,unpadded,stream,signed,false,8388608,pattern,2,15075.396,4615.934,19935.905,8406880
4,1,unpadded,whole,encrypted,true,8388608,pattern,2,221.604,7586.379,7843.004,45459
4,1,unpadded,whole,encrypted-signed,false,8388608,pattern,2,945.198,20759.209,24251.374,8406656
4,1,unpadded,stream-content,encrypted,true,8388608,pattern,2,241.745,4579.044,4842.859,45459
4,1,unpadded,whole,plain,false,8388608,pattern,2,177.983,21140.776,23273.635,8392070
4,1,unpadded,whole,signed,true,8388608,pattern,2,7908.634,10739.266,18691.071,56433
4,1,unpadded,range,signed,false,8388608,pattern,2,15129.136,1027.439,16452.111,8406880
4,1,unpadded,stream,encrypted,true,8388608,pattern,2,212.954,3168.208,3405.113,45459
4,1,unpadded,stream,plain,false,8388608,pattern,2,178.973,10157.296,10643.445,8392070
4,1,unpadded,stream-content,signed,false,8388608,pattern,2,15097.106,4875.099,20298.271,8406880
4,1,unpadded,whole,signed,false,8388608,pattern,2,15075.596,12552.049,29973.558,8406880
4,1,unpadded,stream-content,signed,true,8388608,pattern,2,9256.639,2939.854,12222.293,56433
4,1,unpadded,stream-content,plain,false,8388608,pattern,2,180.813,13324.053,13826.492,8392070
4,1,unpadded,stream-content,encrypted-signed,false,8388608,pattern,2,934.797,14007.846,16935.710,8406656
4,1,unpadded,stream-content,encrypted-signed,true,8388608,pattern,2,951.598,4476.002,5450.980,56224
4,1,unpadded,range,plain,true,8388608,pattern,2,189.263,715.933,915.487,45609
4,1,unpadded,whole,encrypted-signed,true,8388608,pattern,2,895.256,10781.607,11718.864,56224
4,1,unpadded,whole,plain,true,8388608,pattern,2,216.774,7973.635,8232.450,45609
4,1,unpadded,stream,encrypted,false,8388608,pattern,2,228.864,14151.919,16394.160,8391910
4,1,unpadded,stream,plain,true,8388608,pattern,2,215.394,5421.809,5665.244,45609
4,1,unpadded,range,encrypted-signed,true,8388608,pattern,2,943.727,716.893,1671.660,56224
4,1,unpadded,whole,encrypted,false,8388608,pattern,2,180.363,22931.839,25620.888,8391910
4,1,unpadded,range,encrypted,false,8388608,pattern,2,224.924,12721.932,14853.651,8391910
4,1,unpadded,stream,encrypted-signed,true,8388608,pattern,2,1131.101,5970.599,7145.471,56224
4,1,unpadded,range,encrypted-signed,false,8388608,pattern,2,963.157,10872.359,13879.153,8406656
4,1,unpadded,stream-content,encrypted,false,8388608,pattern,2,240.534,18634.421,20952.753,8391910
4,1,unpadded,stream,encrypted-signed,false,8388608,pattern,2,951.067,18833.014,21868.489,8406656
4,1,unpadded,range,encrypted,true,8388608,pattern,2,230.754,2434.085,2683.579,45459
4,1,unpadded,range,signed,true,8388608,pattern,2,7917.414,701.943,8635.967,56433
4,1,unpadded,stream,signed,true,8388608,pattern,2,7923.745,4068.104,12029.160,56433
4,1,unpadded,stream-content,plain,true,8388608,pattern,2,198.354,3126.737,3348.602,45609
4,1,unpadded,range,plain,false,8388608,pattern,2,186.034,7734.781,8239.881,8392070
4,2,unpadded,whole,encrypted-signed,true,8388608,pattern,1,919.556,7965.986,8924.343,56224
4,2,unpadded,whole,signed,true,8388608,pattern,1,8085.608,8140.149,16266.077,56433
4,2,unpadded,stream-content,encrypted,false,8388608,pattern,1,214.994,15065.775,17446.849,8391910
4,2,unpadded,range,plain,false,8388608,pattern,1,200.703,9957.542,10417.290,8392070
4,2,unpadded,stream-content,encrypted,true,8388608,pattern,1,223.744,3397.672,3656.007,45459
4,2,unpadded,range,signed,false,8388608,pattern,1,15843.850,1047.359,17212.255,8406880
4,2,unpadded,range,plain,true,8388608,pattern,1,206.383,845.526,1066.599,45609
4,2,unpadded,whole,signed,false,8388608,pattern,1,15566.364,12861.925,30821.653,8406880
4,2,unpadded,stream-content,signed,true,8388608,pattern,1,9348.930,3011.175,12388.426,56433
4,2,unpadded,stream-content,plain,false,8388608,pattern,1,185.164,13534.757,14052.237,8392070
4,2,unpadded,stream-content,encrypted-signed,true,8388608,pattern,1,939.407,3013.295,3980.123,56224
4,2,unpadded,stream,encrypted-signed,false,8388608,pattern,1,898.257,14312.941,17325.397,8406656
4,2,unpadded,stream-content,encrypted-signed,false,8388608,pattern,1,980.198,19660.149,22872.958,8406656
4,2,unpadded,stream,plain,true,8388608,pattern,1,214.064,5693.414,5940.509,45609
4,2,unpadded,whole,encrypted,false,8388608,pattern,1,209.313,23058.732,25830.751,8391910
4,2,unpadded,range,encrypted-signed,true,8388608,pattern,1,982.318,2318.923,3317.181,56224
4,2,unpadded,range,signed,true,8388608,pattern,1,7778.362,672.253,8472.435,56433
4,2,unpadded,stream,signed,false,8388608,pattern,1,18856.725,4793.047,23956.208,8406880
4,2,unpadded,stream,signed,true,8388608,pattern,1,8021.157,3139.367,11194.554,56433
4,2,unpadded,range,encrypted-signed,false,8388608,pattern,1,944.757,8615.488,11583.912,8406656
4,2,unpadded,whole,encrypted-signed,false,8388608,pattern,1,990.998,27555.673,31195.500,8406656
4,2,unpadded,stream,encrypted,true,8388608,pattern,1,242.054,5708.474,5986.279,45459
4,2,unpadded,stream,encrypted-signed,true,8388608,pattern,1,959.907,3150.388,4136.305,56224
4,2,unpadded,range,encrypted,true,8388608,pattern,1,199.934,755.093,966.848,45459
4,2,unpadded,stream,plain,false,8388608,pattern,1,159.253,12507.418,12960.377,8392070
4,2,unpadded,range,encrypted,false,8388608,pattern,1,201.484,8548.946,10611.644,8391910
4,2,unpadded,stream-content,plain,true,8388608,pattern,1,218.134,4642.465,4895.519,45609
4,2,unpadded,stream,encrypted,false,8388608,pattern,1,217.374,17253.756,19514.687,8391910
4,2,unpadded,stream-content,signed,false,8388608,pattern,1,19936.554,4902.179,25137.139,8406880
4,2,unpadded,whole,plain,false,8388608,pattern,1,196.583,18621.150,20885.451,8392070
4,2,unpadded,whole,plain,true,8388608,pattern,1,222.464,11117.873,11385.018,45609
4,2,unpadded,whole,encrypted,true,8388608,pattern,1,247.654,8306.412,8598.107,45459
4,2,unpadded,stream,signed,false,8388608,pattern,2,16132.435,4791.657,21257.668,8406880
4,2,unpadded,whole,encrypted,true,8388608,pattern,2,245.444,8061.278,8348.123,45459
4,2,unpadded,whole,encrypted-signed,false,8388608,pattern,2,958.747,21757.638,25360.633,8406656
4,2,unpadded,stream-content,encrypted,true,8388608,pattern,2,246.344,4707.566,4985.351,45459
4,2,unpadded,whole,plain,false,8388608,pattern,2,200.563,22002.192,24389.015,8392070
4,2,unpadded,whole,signed,true,8388608,pattern,2,8000.526,11145.664,19208.111,56433
4,2,unpadded,range,signed,false,8388608,pattern,2,16111.275,1049.679,17494.600,8406880
4,2,unpadded,stream,encrypted,true,8388608,pattern,2,226.734,3229.989,3486.973,45459
4,2,unpadded,stream,plain,false,8388608,pattern,2,202.624,11120.123,11876.697,8392070
4,2,unpadded,stream-content,signed,false,8388608,pattern,2,16549.902,5314.028,22313.208,8406880
4,2,unpadded,whole,signed,false,8388608,pattern,2,15343.500,12832.204,30539.158,8406880
4,2,unpadded,stream-content,signed,true,8388608,pattern,2,9403.501,2987.275,12421.396,56433
4,2,unpadded,stream-content,plain,false,8388608,pattern,2,181.553,13639.200,14282.571,8392070
4,2,unpadded,stream-content,encrypted-signed,false,8388608,pattern,2,962.798,14974.603,17978.798,8406656
4,2,unpadded,stream-content,encrypted-signed,true,8388608,pattern,2,988.008,5610.623,6632.131,56224
4,2,unpadded,range,plain,true,8388608,pattern,2,209.474,730.473,950.697,45609
4,2,unpadded,whole,encrypted-signed,true,8388608,pattern,2,947.647,11125.223,12109.791,56224
4,2,unpadded,whole,plain,true,8388608,pattern,2,230.034,8683.179,8954.224,45609
4,2,unpadded,stream,encrypted,false,8388608,pattern,2,232.484,14912.882,17230.844,8391910
4,2,unpadded,stream,plain,true,8388608,pattern,2,219.304,5579.832,5826.877,45609
4,2,unpadded,range,encrypted-signed,true,8388608,pattern,2,1004.659,746.463,1762.853,56224
4,2,unpadded,whole,encrypted,false,8388608,pattern,2,177.963,23790.725,26629.206,8391910
4,2,unpadded,range,encrypted,false,8388608,pattern,2,235.675,13072.228,15478.483,8391910
4,2,unpadded,stream,encrypted-signed,true,8388608,pattern,2,1024.059,5806.826,6868.856,56224
4,2,unpadded,range,encrypted-signed,false,8388608,pattern,2,959.918,10883.829,13726.401,8406656
4,2,unpadded,stream-content,encrypted,false,8388608,pattern,2,229.104,19040.238,21462.022,8391910
4,2,unpadded,stream,encrypted-signed,false,8388608,pattern,2,954.767,18720.423,21882.670,8406656
4,2,unpadded,range,encrypted,true,8388608,pattern,2,236.934,2419.034,2673.668,45459
4,2,unpadded,range,signed,true,8388608,pattern,2,7796.883,684.972,8494.375,56433
4,2,unpadded,stream,signed,true,8388608,pattern,2,7867.573,4240.888,12151.802,56433
4,2,unpadded,stream-content,plain,true,8388608,pattern,2,240.324,3047.356,3309.350,45609
4,2,unpadded,range,plain,false,8388608,pattern,2,181.313,7937.565,8530.116,8392070
4,3,padded,whole,encrypted-signed,true,8388608,pattern,1,949.997,8087.458,9073.926,322944
4,3,padded,whole,signed,true,8388608,pattern,1,8116.879,8070.987,16236.737,322944
4,3,padded,stream-content,encrypted,false,8388608,pattern,1,260.445,15317.849,17751.374,8659328
4,3,padded,range,plain,false,8388608,pattern,1,236.315,9963.361,10498.032,8659328
4,3,padded,stream-content,encrypted,true,8388608,pattern,1,234.435,3548.105,3827.450,312704
4,3,padded,range,signed,false,8388608,pattern,1,17099.033,1061.639,18686.032,8673664
4,3,padded,range,plain,true,8388608,pattern,1,238.105,836.715,1089.830,312704
4,3,padded,whole,signed,false,8388608,pattern,1,16684.275,12892.415,31507.345,8673664
4,3,padded,stream-content,signed,true,8388608,pattern,1,7994.676,3007.025,11034.712,322944
4,3,padded,stream-content,plain,false,8388608,pattern,1,217.974,14127.798,14833.411,8659328
4,3,padded,stream-content,encrypted-signed,true,8388608,pattern,1,991.188,3241.650,4268.378,322944
4,3,padded,stream,encrypted-signed,false,8388608,pattern,1,954.708,15099.685,18194.913,8673664
4,3,padded,stream-content,encrypted-signed,false,8388608,pattern,1,954.818,19124.429,22133.125,8673664
4,3,padded,stream,plain,true,8388608,pattern,1,237.585,5581.652,5859.528,312704
4,3,padded,whole,encrypted,false,8388608,pattern,1,232.575,23995.118,26873.601,8659328
4,3,padded,range,encrypted-signed,true,8388608,pattern,1,1011.359,2412.824,3448.933,322944
4,3,padded,range,signed,true,8388608,pattern,1,7962.815,693.243,8686.609,322944
4,3,padded,stream,signed,false,8388608,pattern,1,18914.946,4813.408,24221.453,8673664
4,3,padded,stream,signed,true,8388608,pattern,1,7972.835,3183.788,11197.784,322944
4,3,padded,range,encrypted-signed,false,8388608,pattern,1,967.847,9312.131,12443.857,8673664
4,3,padded,whole,encrypted-signed,false,8388608,pattern,1,979.908,25897.983,29462.928,8673664
4,3,padded,stream,encrypted,true,8388608,pattern,1,277.395,5829.187,6150.492,312704
4,3,padded,stream,encrypted-signed,true,8388608,pattern,1,988.389,3271.949,4297.929,322944
4,3,padded,range,encrypted,true,8388608,pattern,1,246.255,752.863,1011.608,312704
4,3,padded,stream,plain,false,8388608,pattern,1,178.483,12862.085,13504.746,8659328
4,3,padded,range,encrypted,false,8388608,pattern,1,255.515,9223.749,11590.162,8659328
4,3,padded,stream-content,plain,true,8388608,pattern,1,241.864,5200.175,5506.690,312704
4,3,padded,stream,encrypted,false,8388608,pattern,1,324.185,18943.206,21393.070,8659328
4,3,padded,stream-content,signed,false,8388608,pattern,1,20412.953,4922.350,25687.699,8673664
4,3,padded,whole,plain,false,8388608,pattern,1,223.174,18658.801,20855.781,8659328
4,3,padded,whole,plain,true,8388608,pattern,1,241.835,11110.273,11392.248,312704
4,3,padded,whole,encrypted,true,8388608,pattern,1,257.555,8250.911,8548.266,312704
4,3,padded,stream,signed,false,8388608,pattern,2,16163.706,4767.807,21323.820,8673664
4,3,padded,whole,encrypted,true,8388608,pattern,2,256.124,8206.070,8501.155,312704
4,3,padded,whole,encrypted-signed,false,8388608,pattern,2,975.198,22021.252,25637.618,8673664
4,3,padded,stream-content,encrypted,true,8388608,pattern,2,284.145,4799.388,5128.164,312704
4,3,padded,whole,plain,false,8388608,pattern,2,224.474,22328.398,24574.199,8659328
4,3,padded,whole,signed,true,8388608,pattern,2,7963.695,11120.833,19146.699,322944
4,3,padded,range,signed,false,8388608,pattern,2,17565.931,1043.069,19038.847,8673664
4,3,padded,stream,encrypted,true,8388608,pattern,2,257.365,3257.160,3546.025,312704
4,3,padded,stream,plain,false,8388608,pattern,2,217.584,10466.521,11071.282,8659328
4,3,padded,stream-content,signed,false,8388608,pattern,2,15833.949,5014.112,21203.177,8673664
4,3,padded,whole,signed,false,8388608,pattern,2,15720.297,12725.643,30480.877,8673664
4,3,padded,stream-content,signed,true,8388608,pattern,2,7932.455,2945.373,10906.109,322944
4,3,padded,stream-content,plain,false,8388608,pattern,2,203.653,13532.448,14095.177,8659328
4,3,padded,stream-content,encrypted-signed,false,8388608,pattern,2,938.827,14066.717,16924.769,8673664
4,3,padded,stream-content,encrypted-signed,true,8388608,pattern,2,1024.139,4485.912,5536.631,322944
4,3,padded,range,plain,true,8388608,pattern,2,201.713,742.774,956.667,312704
4,3,padded,whole,encrypted-signed,true,8388608,pattern,2,894.987,10606.834,11541.621,322944
4,3,padded,whole,plain,true,8388608,pattern,2,227.974,7511.417,7777.442,312704
4,3,padded,stream,encrypted,false,8388608,pattern,2,229.484,13886.974,16042.413,8659328
4,3,padded,stream,plain,true,8388608,pattern,2,220.124,5346.227,5595.772,312704
4,3,padded,range,encrypted-signed,true,8388608,pattern,2,948.258,724.333,1684.591,322944
4,3,padded,whole,encrypted,false,8388608,pattern,2,202.723,22762.516,25391.273,8659328
4,3,padded,range,encrypted,false,8388608,pattern,2,244.545,12785.073,14867.552,8659328
4,3,padded,stream,encrypted-signed,true,8388608,pattern,2,982.348,5403.209,6420.988,322944
4,3,padded,range,encrypted-signed,false,8388608,pattern,2,933.207,10617.973,13335.123,8673664
4,3,padded,stream-content,encrypted,false,8388608,pattern,2,230.404,18415.526,20697.758,8659328
4,3,padded,stream,encrypted-signed,false,8388608,pattern,2,964.577,18575.050,21481.732,8673664
4,3,padded,range,encrypted,true,8388608,pattern,2,237.444,2227.421,2481.305,312704
4,3,padded,range,signed,true,8388608,pattern,2,7748.592,673.162,8434.784,322944
4,3,padded,stream,signed,true,8388608,pattern,2,7659.430,3809.859,11496.080,322944
4,3,padded,stream-content,plain,true,8388608,pattern,2,209.564,2897.723,3130.878,312704
4,3,padded,range,plain,false,8388608,pattern,2,189.184,7327.994,7724.361,8659328
5,0,unpadded,stream-content,encrypted-signed,false,8388608,pattern,1,879.806,17126.303,19989.075,8406656
5,0,unpadded,stream,signed,false,8388608,pattern,1,19611.018,4710.406,24581.619,8406880
5,0,unpadded,range,encrypted,true,8388608,pattern,1,223.564,786.884,1021.749,45459
5,0,unpadded,stream,encrypted,false,8388608,pattern,1,173.003,14365.772,16502.681,8391910
5,0,unpadded,stream-content,plain,true,8388608,pattern,1,204.804,4485.392,4712.796,45609
5,0,unpadded,whole,signed,false,8388608,pattern,1,18026.599,12618.360,32992.082,8406880
5,0,unpadded,stream,encrypted-signed,false,8388608,pattern,1,1002.998,18859.845,21948.871,8406656
5,0,unpadded,whole,encrypted,false,8388608,pattern,1,207.084,25322.522,28080.052,8391910
5,0,unpadded,stream,signed,true,8388608,pattern,1,9442.233,4037.483,13519.607,56433
5,0,unpadded,range,encrypted-signed,false,8388608,pattern,1,932.247,10838.588,13633.119,8406656
5,0,unpadded,whole,plain,false,8388608,pattern,1,197.073,22623.924,24765.872,8392070
5,0,unpadded,whole,encrypted-signed,false,8388608,pattern,1,948.607,23487.889,26954.312,8406656
5,0,unpadded,whole,encrypted,true,8388608,pattern,1,234.164,12136.682,12405.416,45459
5,0,unpadded,whole,signed,true,8388608,pattern,1,7935.335,10247.617,18231.913,56433
5,0,unpadded,stream,encrypted-signed,true,8388608,pattern,1,1056.800,3259.259,4345.020,56224
5,0,unpadded,stream-content,signed,true,8388608,pattern,1,7900.045,3143.657,11077.383,56433
5,0,unpadded,stream-content,plain,false,8388608,pattern,1,183.933,11319.146,12024.369,8392070
5,0,unpadded,stream-content,signed,false,8388608,pattern,1,15919.041,5098.663,21545.223,8406880
5,0,unpadded,whole,encrypted-signed,true,8388608,pattern,1,1016.689,8595.287,9654.846,56224
5,0,unpadded,stream,plain,true,8388608,pattern,1,223.334,3537.205,3795.009,45609
5,0,unpadded,range,plain,false,8388608,pattern,1,211.244,5321.007,5783.856,8392070
5,0,unpadded,range,encrypted-signed,true,8388608,pattern,1,1000.398,854.246,1871.254,56224
5,0,unpadded,stream-content,encrypted,false,8388608,pattern,1,179.203,14817.180,17145.593,8391910
5,0,unpadded,range,signed,false,8388608,pattern,1,20617.117,1041.659,22050.833,8406880
5,0,unpadded,stream-content,encrypted,true,8388608,pattern,1,217.284,3303.710,3552.755,45459
5,0,unpadded,whole,plain,true,8388608,pattern,1,197.613,8514.376,8762.480,45609
5,0,unpadded,stream,plain,false,8388608,pattern,1,207.354,10687.895,11267.376,8392070
5,0,unpadded,range,signed,true,8388608,pattern,1,8101.308,687.953,8816.541,56433
5,0,unpadded,stream-content,encrypted-signed,true,8388608,pattern,1,932.867,3022.215,3978.522,56224
5,0,unpadded,stream,encrypted,true,8388608,pattern,1,203.304,3115.427,3350.791,45459
5,0,unpadded,range,plain,true,8388608,pattern,1,224.104,810.785,1049.769,45609
5,0,unpadded,range,encrypted,false,8388608,pattern,1,199.493,9015.635,11362.807,8391910
5,0,unpadded,stream,plain,true,8388608,pattern,2,231.004,6048.261,6314.725,45609
5,0,unpadded,whole,signed,false,8388608,pattern,2,18538.809,13915.604,35130.341,8406880
5,0,unpadded,range,encrypted,true,8388608,pattern,2,274.525,2746.740,3044.006,45459
5,0,unpadded,stream,encrypted,true,8388608,pattern,2,220.624,4610.324,4868.778,45459
5,0,unpadded,whole,signed,true,8388608,pattern,2,7999.486,11217.205,19276.012,56433
5,0,unpadded,whole,encrypted-signed,false,8388608,pattern,2,1005.208,22487.131,26082.596,8406656
5,0,unpadded,range,signed,true,8388608,pattern,2,9600.865,765.704,10402.820,56433
5,0,unpadded,range,plain,false,8388608,pattern,2,184.063,8730.230,9203.388,8392070
5,0,unpadded,stream-content,encrypted-signed,true,8388608,pattern,2,1130.511,3570.585,4735.636,56224
5,0,unpadded,whole,encrypted,false,8388608,pattern,2,228.684,21691.306,24535.538,8391910
5,0,unpadded,stream-content,signed,false,8388608,pattern,2,20657.927,4937.430,25952.374,8406880
5,0,unpadded,stream-content,plain,false,8388608,pattern,2,198.253,11073.663,11723.884,8392070
5,0,unpadded,range,plain,true,8388608,pattern,2,234.834,921.167,1172.991,45609
5,0,unpadded,stream-content,encrypted,false,8388608,pattern,2,226.945,15536.063,18033.190,8391910
5,0,unpadded,stream-content,plain,true,8388608,pattern,2,227.704,4628.064,4890.499,45609
5,0,unpadded,whole,plain,true,8388608,pattern,2,207.793,11757.235,12007.119,45609
5,0,unpadded,range,signed,false,8388608,pattern,2,16239.436,1041.979,17688.463,8406880
5,0,unpadded,stream-content,signed,true,8388608,pattern,2,8074.957,3119.347,11231.155,56433
5,0,unpadded,stream-content,encrypted,true,8388608,pattern,2,250.435,3258.720,3540.925,45459
5,0,unpadded,range,encrypted-signed,false,8388608,pattern,2,1210.192,9398.631,12769.203,8406656
5,0,unpadded,stream,encrypted-signed,true,8388608,pattern,2,1100.900,5839.837,6978.957,56224
5,0,unpadded,range,encrypted,false,8388608,pattern,2,228.734,10914.440,13189.171,8391910
5,0,unpadded,whole,encrypted-signed,true,8388608,pattern,2,1031.859,13815.542,14893.522,56224
5,0,unpadded,stream,encrypted-signed,false,8388608,pattern,2,987.988,15429.752,18513.348,8406656
5,0,unpadded,range,encrypted-signed,true,8388608,pattern,2,1018.148,2470.885,3510.584,56224
5,0,unpadded,stream,signed,false,8388608,pattern,2,18703.452,4789.497,23807.555,8406880
5,0,unpadded,whole,plain,false,8388608,pattern,2,205.104,19031.707,21289.749,8392070
5,0,unpadded,stream,plain,false,8388608,pattern,2,216.373,13684.400,14279.630,8392070
5,0,unpadded,stream,encrypted,false,8388608,pattern,2,209.054,14458.454,16738.606,8391910
5,0,unpadded,stream-content,encrypted-signed,false,8388608,pattern,2,987.378,19466.025,22539.381,8406656
5,0,unpadded,whole,encrypted,true,8388608,pattern,2,237.094,12901.656,13184.791,45459
5,0,unpadded,stream,signed,true,8388608,pattern,2,8161.819,3548.754,11752.034,56433
5,1,padded,stream-content,encrypted-signed,false,8388608,pattern,1,890.796,17387.837,20324.471,8673664
5,1,padded,stream,signed,false,8388608,pattern,1,21314.129,4814.248,26404.572,8673664
5,1,padded,range,encrypted,true,8388608,pattern,1,248.655,888.226,1150.051,312704
5,1,padded,stream,encrypted,false,8388608,pattern,1,202.353,14249.330,16495.951,8659328
5,1,padded,stream-content,plain,true,8388608,pattern,1,221.864,4594.223,4841.278,312704
5,1,padded,whole,signed,false,8388608,pattern,1,18472.117,12812.994,33279.377,8673664
5,1,padded,stream,encrypted-signed,false,8388608,pattern,1,988.898,17289.356,20329.171,8673664
5,1,padded,whole,encrypted,false,8388608,pattern,1,224.014,25451.404,28198.115,8659328
5,1,padded,stream,signed,true,8388608,pattern,1,9325.961,3968.012,13321.624,322944
5,1,padded,range,encrypted-signed,false,8388608,pattern,1,920.387,10777.897,13559.098,8673664
5,1,padded,whole,plain,false,8388608,pattern,1,218.804,22834.086,24985.836,8659328
5,1,padded,whole,encrypted-signed,false,8388608,pattern,1,958.278,23703.343,27145.026,8673664
5,1,padded,whole,encrypted,true,8388608,pattern,1,256.104,12192.563,12493.118,312704
5,1,padded,whole,signed,true,8388608,pattern,1,7906.894,8237.020,16181.625,322944
5,1,padded,stream,encrypted-signed,true,8388608,pattern,1,993.108,3355.031,4378.840,322944
5,1,padded,stream-content,signed,true,8388608,pattern,1,7870.554,2942.974,10839.498,322944
5,1,padded,stream-content,plain,false,8388608,pattern,1,206.814,10661.714,11255.785,8659328
5,1,padded,stream-content,signed,false,8388608,pattern,1,15635.476,4895.049,20824.930,8673664
5,1,padded,whole,encrypted-signed,true,8388608,pattern,1,984.148,7618.269,8641.458,322944
5,1,padded,stream,plain,true,8388608,pattern,1,232.954,3215.638,3473.643,312704
5,1,padded,range,plain,false,8388608,pattern,1,207.593,5099.043,5481.510,8659328
5,1,padded,range,encrypted-signed,true,8388608,pattern,1,950.768,774.564,1738.482,322944
5,1,padded,stream-content,encrypted,false,8388608,pattern,1,188.064,13909.374,16038.953,8659328
5,1,padded,range,signed,false,8388608,pattern,1,19308.962,1025.889,20557.595,8673664
5,1,padded,stream-content,encrypted,true,8388608,pattern,1,220.124,2998.515,3240.689,312704
5,1,padded,whole,plain,true,8388608,pattern,1,204.934,7490.766,7734.971,312704
5,1,padded,stream,plain,false,8388608,pattern,1,224.934,9986.142,10474.301,8659328
5,1,padded,range,signed,true,8388608,pattern,1,8016.246,705.433,8739.499,322944
5,1,padded,stream-content,encrypted-signed,true,8388608,pattern,1,980.908,3248.289,4255.577,322944
5,1,padded,stream,encrypted,true,8388608,pattern,1,231.994,3212.849,3478.883,312704
5,1,padded,range,plain,true,8388608,pattern,1,245.545,728.673,985.368,312704
5,1,padded,range,encrypted,false,8388608,pattern,1,200.393,8634.938,10785.986,8659328
5,1,padded,stream,plain,true,8388608,pattern,2,244.145,5870.537,6145.203,312704
5,1,padded,whole,signed,false,8388608,pattern,2,17763.255,13438.585,33310.908,8673664
5,1,padded,range,encrypted,true,8388608,pattern,2,292.196,914.196,1220.653,312704
5,1,padded,stream,encrypted,true,8388608,pattern,2,184.733,4009.424,4219.457,312704
5,1,padded,whole,signed,true,8388608,pattern,2,7765.631,10089.895,17896.906,322944
5,1,padded,whole,encrypted-signed,false,8388608,pattern,2,932.427,21799.538,25450.485,8673664
5,1,padded,range,signed,true,8388608,pattern,2,9716.938,675.772,10413.241,322944
5,1,padded,range,plain,false,8388608,pattern,2,180.723,8361.703,8798.851,8659328
5,1,padded,stream-content,encrypted-signed,true,8388608,pattern,2,956.188,3160.297,4144.946,322944
5,1,padded,whole,encrypted,false,8388608,pattern,2,235.444,21871.739,24729.631,8659328
5,1,padded,stream-content,signed,false,8388608,pattern,2,19548.837,5136.774,25043.477,8673664
5,1,padded,stream-content,plain,false,8388608,pattern,2,225.704,10614.724,11180.064,8659328
5,1,padded,range,plain,true,8388608,pattern,2,216.124,774.074,1001.688,312704
5,1,padded,stream-content,encrypted,false,8388608,pattern,2,187.504,14587.606,16868.428,8659328
5,1,padded,stream-content,plain,true,8388608,pattern,2,220.284,4997.261,5254.426,312704
5,1,padded,whole,plain,true,8388608,pattern,2,212.404,11101.542,11351.897,312704
5,1,padded,range,signed,false,8388608,pattern,2,15231.978,1035.709,16589.443,8673664
5,1,padded,stream-content,signed,true,8388608,pattern,2,7820.332,2940.334,10789.566,322944
5,1,padded,stream-content,encrypted,true,8388608,pattern,2,227.254,2903.593,3149.328,312704
5,1,padded,range,encrypted-signed,false,8388608,pattern,2,895.236,8698.759,11446.899,8673664
5,1,padded,stream,encrypted-signed,true,8388608,pattern,2,972.697,5452.950,6458.468,322944
5,1,padded,range,encrypted,false,8388608,pattern,2,213.604,10660.615,12765.554,8659328
5,1,padded,whole,encrypted-signed,true,8388608,pattern,2,973.858,13027.468,14045.677,322944
5,1,padded,stream,encrypted-signed,false,8388608,pattern,2,941.007,13991.555,16895.618,8673664
5,1,padded,range,encrypted-signed,true,8388608,pattern,2,960.487,2274.322,3254.109,322944
5,1,padded,stream,signed,false,8388608,pattern,2,18004.778,4674.866,22949.988,8673664
5,1,padded,whole,plain,false,8388608,pattern,2,209.954,18500.698,20627.037,8659328
5,1,padded,stream,plain,false,8388608,pattern,2,238.924,13153.520,13660.099,8659328
5,1,padded,stream,encrypted,false,8388608,pattern,2,214.274,13772.831,16027.822,8659328
5,1,padded,stream-content,encrypted-signed,false,8388608,pattern,2,936.567,18802.744,21753.267,8673664
5,1,padded,whole,encrypted,true,8388608,pattern,2,239.965,12306.904,12595.050,312704
5,1,padded,stream,signed,true,8388608,pattern,2,7926.175,3144.867,11105.153,322944
5,2,padded,stream-content,encrypted-signed,false,8388608,pattern,1,949.888,17620.611,20602.317,8673664
5,2,padded,stream,signed,false,8388608,pattern,1,20111.127,4750.467,25150.729,8673664
5,2,padded,range,encrypted,true,8388608,pattern,1,342.526,819.095,1172.992,312704
5,2,padded,stream,encrypted,false,8388608,pattern,1,254.295,15592.594,17955.158,8659328
5,2,padded,stream-content,plain,true,8388608,pattern,1,307.585,4682.996,5019.731,312704
5,2,padded,whole,signed,false,8388608,pattern,1,18727.802,12915.165,33623.674,8673664
5,2,padded,stream,encrypted-signed,false,8388608,pattern,1,1062.850,18272.423,21378.750,8673664
5,2,padded,whole,encrypted,false,8388608,pattern,1,214.654,25431.564,28141.354,8659328
5,2,padded,stream,signed,true,8388608,pattern,1,9445.803,3878.901,13356.384,322944
5,2,padded,range,encrypted-signed,false,8388608,pattern,1,914.257,10795.747,13606.928,8673664
5,2,padded,whole,plain,false,8388608,pattern,1,352.496,23541.390,25870.222,8659328
5,2,padded,whole,encrypted-signed,false,8388608,pattern,1,946.307,24116.210,27658.075,8673664
5,2,padded,whole,encrypted,true,8388608,pattern,1,312.696,12446.577,12803.474,312704
5,2,padded,whole,signed,true,8388608,pattern,1,7859.603,7621.219,15516.273,322944
5,2,padded,stream,encrypted-signed,true,8388608,pattern,1,1099.600,3195.088,4324.139,322944
5,2,padded,stream-content,signed,true,8388608,pattern,1,7837.003,2916.293,10780.017,322944
5,2,padded,stream-content,plain,false,8388608,pattern,1,190.054,10546.192,11133.924,8659328
5,2,padded,stream-content,signed,false,8388608,pattern,1,15365.561,4979.231,20684.828,8673664
5,2,padded,whole,encrypted-signed,true,8388608,pattern,1,985.618,7668.450,8693.098,322944
5,2,padded,stream,plain,true,8388608,pattern,1,208.504,3172.528,3406.702,312704
5,2,padded,range,plain,false,8388608,pattern,1,194.843,5127.594,5523.581,8659328
5,2,padded,range,encrypted-signed,true,8388608,pattern,1,955.298,791.644,1759.542,322944
5,2,padded,stream-content,encrypted,false,8388608,pattern,1,179.983,14158.558,16330.988,8659328
5,2,padded,range,signed,false,8388608,pattern,1,19403.184,1026.928,20667.087,8673664
5,2,padded,stream-content,encrypted,true,8388608,pattern,1,224.305,3016.165,3264.410,312704
5,2,padded,whole,plain,true,8388608,pattern,1,195.413,7527.208,7762.481,312704
5,2,padded,stream,plain,false,8388608,pattern,1,203.324,10068.634,10543.842,8659328
5,2,padded,range,signed,true,8388608,pattern,1,7819.873,692.333,8525.206,322944
5,2,padded,stream-content,encrypted-signed,true,8388608,pattern,1,925.867,2974.994,3919.912,322944
5,2,padded,stream,encrypted,true,8388608,pattern,1,209.284,3020.525,3250.850,312704
5,2,padded,range,plain,true,8388608,pattern,1,188.214,725.093,923.387,312704
5,2,padded,range,encrypted,false,8388608,pattern,1,178.394,8893.122,10925.660,8659328
5,2,padded,stream,plain,true,8388608,pattern,2,220.254,5548.681,5799.445,312704
5,2,padded,whole,signed,false,8388608,pattern,2,17306.956,12563.069,31849.531,8673664
5,2,padded,range,encrypted,true,8388608,pattern,2,268.595,852.206,1134.241,312704
5,2,padded,stream,encrypted,true,8388608,pattern,2,187.414,3906.261,4114.695,312704
5,2,padded,whole,signed,true,8388608,pattern,2,7805.132,9896.591,17787.005,322944
5,2,padded,whole,encrypted-signed,false,8388608,pattern,2,934.097,20835.150,24358.394,8673664
5,2,padded,range,signed,true,8388608,pattern,2,9357.101,745.353,10126.005,322944
5,2,padded,range,plain,false,8388608,pattern,2,185.154,8183.479,8588.917,8659328
5,2,padded,stream-content,encrypted-signed,true,8388608,pattern,2,977.267,3068.356,4069.624,322944
5,2,padded,whole,encrypted,false,8388608,pattern,2,199.974,20609.746,23365.617,8659328
5,2,padded,stream-content,signed,false,8388608,pattern,2,19538.226,4936.710,24796.572,8673664
5,2,padded,stream-content,plain,false,8388608,pattern,2,213.134,10359.859,10914.319,8659328
5,2,padded,range,plain,true,8388608,pattern,2,214.404,757.274,983.088,312704
5,2,padded,stream-content,encrypted,false,8388608,pattern,2,189.323,14459.324,16725.265,8659328
5,2,padded,stream-content,plain,true,8388608,pattern,2,210.423,4583.134,4820.528,312704
5,2,padded,whole,plain,true,8388608,pattern,2,195.024,10770.556,11001.081,312704
5,2,padded,range,signed,false,8388608,pattern,2,15040.325,1032.769,16293.178,8673664
5,2,padded,stream-content,signed,true,8388608,pattern,2,7768.532,2903.903,10696.175,322944
5,2,padded,stream-content,encrypted,true,8388608,pattern,2,220.064,2833.942,3068.666,312704
5,2,padded,range,encrypted-signed,false,8388608,pattern,2,884.696,8538.456,11253.965,8673664
5,2,padded,stream,encrypted-signed,true,8388608,pattern,2,981.568,5491.690,6503.378,322944
5,2,padded,range,encrypted,false,8388608,pattern,2,210.884,10829.697,12999.357,8659328
5,2,padded,whole,encrypted-signed,true,8388608,pattern,2,979.238,12810.814,13834.793,322944
5,2,padded,stream,encrypted-signed,false,8388608,pattern,2,949.678,14517.465,17452.849,8673664
5,2,padded,range,encrypted-signed,true,8388608,pattern,2,983.178,2263.091,3261.079,322944
5,2,padded,stream,signed,false,8388608,pattern,2,18069.679,4676.646,23018.570,8673664
5,2,padded,whole,plain,false,8388608,pattern,2,198.923,18266.023,20402.282,8659328
5,2,padded,stream,plain,false,8388608,pattern,2,229.444,13248.182,13777.601,8659328
5,2,padded,stream,encrypted,false,8388608,pattern,2,216.524,14103.157,16380.429,8659328
5,2,padded,stream-content,encrypted-signed,false,8388608,pattern,2,942.487,18841.074,21838.768,8673664
5,2,padded,whole,encrypted,true,8388608,pattern,2,254.645,12205.172,12500.958,312704
5,2,padded,stream,signed,true,8388608,pattern,2,7843.243,3003.495,10872.348,322944
5,3,unpadded,stream-content,encrypted-signed,false,8388608,pattern,1,904.046,17797.935,20722.548,8406656
5,3,unpadded,stream,signed,false,8388608,pattern,1,20285.850,4714.836,25325.642,8406880
5,3,unpadded,range,encrypted,true,8388608,pattern,1,241.784,834.325,1088.159,45459
5,3,unpadded,stream,encrypted,false,8388608,pattern,1,185.163,14291.181,16599.413,8391910
5,3,unpadded,stream-content,plain,true,8388608,pattern,1,208.413,4561.944,4811.517,45609
5,3,unpadded,whole,signed,false,8388608,pattern,1,18539.968,12872.675,33733.316,8406880
5,3,unpadded,stream,encrypted-signed,false,8388608,pattern,1,990.378,18740.472,21729.346,8406656
5,3,unpadded,whole,encrypted,false,8388608,pattern,1,215.234,25780.970,28520.020,8391910
5,3,unpadded,stream,signed,true,8388608,pattern,1,9534.704,4119.275,13692.450,56433
5,3,unpadded,range,encrypted-signed,false,8388608,pattern,1,986.648,11185.734,14103.387,8406656
5,3,unpadded,whole,plain,false,8388608,pattern,1,201.273,23093.442,25395.823,8392070
5,3,unpadded,whole,encrypted-signed,false,8388608,pattern,1,960.028,24055.438,27562.173,8406656
5,3,unpadded,whole,encrypted,true,8388608,pattern,1,243.974,12623.371,12908.315,45459
5,3,unpadded,whole,signed,true,8388608,pattern,1,8112.328,8177.349,16322.178,56433
5,3,unpadded,stream,encrypted-signed,true,8388608,pattern,1,966.647,3387.372,4380.980,56224
5,3,unpadded,stream-content,signed,true,8388608,pattern,1,7893.074,3035.676,10958.560,56433
5,3,unpadded,stream-content,plain,false,8388608,pattern,1,195.223,10840.708,11439.819,8392070
5,3,unpadded,stream-content,signed,false,8388608,pattern,1,15784.448,4972.611,21104.045,8406880
5,3,unpadded,whole,encrypted-signed,true,8388608,pattern,1,955.778,7812.962,8799.921,56224
5,3,unpadded,stream,plain,true,8388608,pattern,1,220.484,3376.041,3620.976,45609
5,3,unpadded,range,plain,false,8388608,pattern,1,192.404,5604.512,6080.401,8392070
5,3,unpadded,range,encrypted-signed,true,8388608,pattern,1,970.428,864.896,1850.984,56224
5,3,unpadded,stream-content,encrypted,false,8388608,pattern,1,184.513,14993.184,17360.446,8391910
5,3,unpadded,range,signed,false,8388608,pattern,1,20043.526,1050.399,21495.602,8406880
5,3,unpadded,stream-content,encrypted,true,8388608,pattern,1,232.645,3152.687,3409.342,45459
5,3,unpadded,whole,plain,true,8388608,pattern,1,217.404,7903.404,8160.989,45609
5,3,unpadded,stream,plain,false,8388608,pattern,1,204.044,10469.971,11042.391,8392070
5,3,unpadded,range,signed,true,8388608,pattern,1,7962.556,690.972,8677.109,56433
5,3,unpadded,stream-content,encrypted-signed,true,8388608,pattern,1,926.657,3158.118,4112.635,56224
5,3,unpadded,stream,encrypted,true,8388608,pattern,1,226.764,3218.069,3471.553,45459
5,3,unpadded,range,plain,true,8388608,pattern,1,192.983,790.615,997.188,45609
5,3,unpadded,range,encrypted,false,8388608,pattern,1,185.353,8500.445,10583.463,8391910
5,3,unpadded,stream,plain,true,8388608,pattern,2,207.974,5449.410,5683.684,45609
5,3,unpadded,whole,signed,false,8388608,pattern,2,17327.676,12646.641,32252.228,8406880
5,3,unpadded,range,encrypted,true,8388608,pattern,2,236.534,2327.353,2579.887,45459
5,3,unpadded,stream,encrypted,true,8388608,pattern,2,192.343,4024.843,4242.837,45459
5,3,unpadded,whole,signed,true,8388608,pattern,2,7761.771,9938.371,17735.943,56433
5,3,unpadded,whole,encrypted-signed,false,8388608,pattern,2,939.287,20890.231,24346.884,8406656
5,3,unpadded,range,signed,true,8388608,pattern,2,9390.691,687.383,10097.474,56433
5,3,unpadded,range,plain,false,8388608,pattern,2,164.853,8196.120,8624.508,8392070
5,3,unpadded,stream-content,encrypted-signed,true,8388608,pattern,2,935.837,3089.887,4048.264,56224
5,3,unpadded,whole,encrypted,false,8388608,pattern,2,207.264,20815.009,23492.558,8391910
5,3,unpadded,stream-content,signed,false,8388608,pattern,2,19654.269,4862.158,24803.043,8406880
5,3,unpadded,stream-content,plain,false,8388608,pattern,2,190.544,10282.917,10788.377,8392070
5,3,unpadded,range,plain,true,8388608,pattern,2,198.124,759.063,968.868,45609
5,3,unpadded,stream-content,encrypted,false,8388608,pattern,2,181.273,14047.127,16209.636,8391910
5,3,unpadded,stream-content,plain,true,8388608,pattern,2,206.494,4454.072,4685.396,45609
5,3,unpadded,whole,plain,true,8388608,pattern,2,185.483,10617.784,10842.287,45609
5,3,unpadded,range,signed,false,8388608,pattern,2,14942.943,1027.929,16190.456,8406880
5,3,unpadded,stream-content,signed,true,8388608,pattern,2,7774.012,2941.294,10740.706,56433
5,3,unpadded,stream-content,encrypted,true,8388608,pattern,2,202.263,2915.084,3133.507,45459
5,3,unpadded,range,encrypted-signed,false,8388608,pattern,2,897.987,8412.773,11147.854,8406656
5,3,unpadded,stream,encrypted-signed,true,8388608,pattern,2,955.148,5373.288,6357.276,56224
5,3,unpadded,range,encrypted,false,8388608,pattern,2,217.924,10429.100,12460.017,8391910
5,3,unpadded,whole,encrypted-signed,true,8388608,pattern,2,944.317,11934.068,12916.836,56224
5,3,unpadded,stream,encrypted-signed,false,8388608,pattern,2,925.186,13719.441,16612.943,8406656
5,3,unpadded,range,encrypted-signed,true,8388608,pattern,2,945.098,2230.080,3190.079,56224
5,3,unpadded,stream,signed,false,8388608,pattern,2,17807.655,4638.154,22716.724,8406880
5,3,unpadded,whole,plain,false,8388608,pattern,2,191.964,18126.770,20251.320,8392070
5,3,unpadded,stream,plain,false,8388608,pattern,2,203.744,13061.898,13539.077,8392070
5,3,unpadded,stream,encrypted,false,8388608,pattern,2,206.054,13814.732,15990.052,8391910
5,3,unpadded,stream-content,encrypted-signed,false,8388608,pattern,2,918.347,18253.083,21149.476,8406656
5,3,unpadded,whole,encrypted,true,8388608,pattern,2,221.285,12067.400,12327.725,45459
5,3,unpadded,stream,signed,true,8388608,pattern,2,7754.232,2974.624,10754.386,56433
6,0,padded,whole,encrypted,false,8388608,pattern,1,186.063,23418.498,26141.187,8659328
6,0,padded,stream,signed,false,8388608,pattern,1,19357.013,4603.124,24213.721,8673664
6,0,padded,stream,signed,true,8388608,pattern,1,7763.622,2996.615,10790.187,322944
6,0,padded,stream-content,encrypted-signed,true,8388608,pattern,1,949.197,2859.622,3828.140,322944
6,0,padded,stream,encrypted,false,8388608,pattern,1,188.074,13883.953,16113.544,8659328
6,0,padded,stream-content,signed,false,8388608,pattern,1,19270.531,4805.698,24367.454,8673664
6,0,padded,range,plain,true,8388608,pattern,1,211.734,786.435,1010.049,312704
6,0,padded,range,plain,false,8388608,pattern,1,166.043,4918.540,5247.546,8659328
6,0,padded,stream-content,encrypted-signed,false,8388608,pattern,1,900.287,13938.284,16855.578,8673664
6,0,padded,whole,encrypted-signed,false,8388608,pattern,1,918.997,24564.978,28004.081,8673664
6,0,padded,whole,signed,true,8388608,pattern,1,9309.100,10441.200,19795.411,322944
6,0,padded,stream,encrypted,true,8388608,pattern,1,256.565,3090.416,3369.822,312704
6,0,padded,stream-content,signed,true,8388608,pattern,1,7671.410,2789.431,10478.051,322944
6,0,padded,whole,encrypted,true,8388608,pattern,1,206.264,7585.288,7829.103,312704
6,0,padded,range,signed,true,8388608,pattern,1,7809.833,672.992,8496.025,322944
6,0,padded,stream,encrypted-signed,false,8388608,pattern,1,866.476,13774.981,16649.263,8673664
6,0,padded,stream,encrypted-signed,true,8388608,pattern,1,967.758,5361.107,6361.696,322944
6,0,padded,stream-content,plain,true,8388608,pattern,1,199.533,2887.653,3102.816,312704
6,0,padded,whole,encrypted-signed,true,8388608,pattern,1,933.027,9810.529,10784.777,322944
6,0,padded,range,signed,false,8388608,pattern,1,14782.630,1013.118,16016.502,8673664
6,0,padded,stream,plain,true,8388608,pattern,1,181.393,3071.966,3279.400,312704
6,0,padded,stream-content,plain,false,8388608,pattern,1,189.164,10325.418,10835.608,8659328
6,0,padded,whole,plain,true,8388608,pattern,1,199.263,7346.734,7577.528,312704
6,0,padded,range,encrypted,false,8388608,pattern,1,220.864,8219.420,10291.527,8659328
6,0,padded,range,encrypted-signed,true,8388608,pattern,1,972.248,2205.370,3191.338,322944
6,0,padded,whole,signed,false,8388608,pattern,1,17701.302,12471.908,32108.595,8673664
6,0,padded,stream-content,encrypted,false,8388608,pattern,1,227.184,16855.708,19063.328,8659328
6,0,padded,range,encrypted-signed,false,8388608,pattern,1,911.907,12533.609,15236.418,8673664
6,0,padded,whole,plain,false,8388608,pattern,1,209.414,22210.905,24375.655,8659328
6,0,padded,stream-content,encrypted,true,8388608,pattern,1,256.985,3084.626,3360.622,312704
6,0,padded,stream,plain,false,8388608,pattern,1,185.443,12926.846,13393.154,8659328
6,0,padded,range,encrypted,true,8388608,pattern,1,222.064,750.774,984.708,312704
6,0,padded,range,plain,true,8388608,pattern,2,170.274,705.002,885.217,312704
6,0,padded,range,encrypted,true,8388608,pattern,2,182.943,711.353,904.656,312704
6,0,padded,whole,plain,true,8388608,pattern,2,163.993,7435.195,7635.039,312704
6,0,padded,whole,plain,false,8388608,pattern,2,198.033,17915.577,20064.046,8659328
6,0,padded,whole,encrypted-signed,true,8388608,pattern,2,979.068,10550.423,11567.261,322944
6,0,padded,stream-content,plain,false,8388608,pattern,2,204.624,10076.524,10595.943,8659328
6,0,padded,stream,encrypted-signed,false,8388608,pattern,2,905.937,13666.059,16549.592,8673664
6,0,padded,stream,signed,false,8388608,pattern,2,19156.109,4577.853,23994.797,8673664
6,0,padded,range,plain,false,8388608,pattern,2,202.274,4974.370,5339.537,8659328
6,0,padded,stream-content,plain,true,8388608,pattern,2,183.983,2932.834,3140.137,312704
6,0,padded,stream-content,encrypted-signed,true,8388608,pattern,2,955.877,2857.552,3828.999,322944
6,0,padded,whole,encrypted,false,8388608,pattern,2,183.983,20360.432,23067.371,8659328
6,0,padded,stream,encrypted,false,8388608,pattern,2,228.415,17939.277,20144.878,8659328
6,0,padded,range,signed,true,8388608,pattern,2,9149.776,674.353,9842.129,322944
6,0,padded,stream,encrypted,true,8388608,pattern,2,199.964,3841.130,4065.095,312704
6,0,padded,stream,signed,true,8388608,pattern,2,7696.110,3029.806,10747.086,322944
6,0,padded,range,encrypted,false,8388608,pattern,2,191.453,10498.642,12502.368,8659328
6,0,padded,whole,signed,false,8388608,pattern,2,19138.929,12576.849,33669.214,8673664
6,0,padded,range,signed,false,8388608,pattern,2,17819.675,1014.029,19054.358,8673664
6,0,padded,stream,plain,true,8388608,pattern,2,192.384,3084.916,3304.031,312704
6,0,padded,stream-content,signed,false,8388608,pattern,2,14877.961,4774.027,19944.243,8673664
6,0,padded,range,encrypted-signed,false,8388608,pattern,2,912.707,8307.041,11055.591,8673664
6,0,padded,stream-content,encrypted-signed,false,8388608,pattern,2,920.797,18134.391,21036.344,8673664
6,0,padded,whole,encrypted-signed,false,8388608,pattern,2,903.316,24465.306,27901.258,8673664
6,0,padded,stream-content,encrypted,true,8388608,pattern,2,260.535,4545.243,4826.518,312704
6,0,padded,stream-content,signed,true,8388608,pattern,2,7644.299,2758.510,10419.520,322944
6,0,padded,whole,encrypted,true,8388608,pattern,2,200.494,10540.332,10780.897,312704
6,0,padded,stream,encrypted-signed,true,8388608,pattern,2,967.037,3083.737,4075.904,322944
6,0,padded,stream-content,encrypted,false,8388608,pattern,2,204.534,13954.094,16152.274,8659328
6,0,padded,range,encrypted-signed,true,8388608,pattern,2,965.058,2215.360,3196.288,322944
6,0,padded,stream,plain,false,8388608,pattern,2,167.233,12935.596,13417.444,8659328
6,0,padded,whole,signed,true,8388608,pattern,2,7705.851,7432.645,15185.007,322944
6,1,unpadded,whole,encrypted,false,8388608,pattern,1,180.503,23181.933,25835.231,8391910
6,1,unpadded,stream,signed,false,8388608,pattern,1,19124.048,4647.415,24030.498,8406880
6,1,unpadded,stream,signed,true,8388608,pattern,1,8004.705,3017.495,11050.731,56433
6,1,unpadded,stream-content,encrypted-signed,true,8388608,pattern,1,921.927,2877.342,3814.369,56224
6,1,unpadded,stream,encrypted,false,8388608,pattern,1,192.653,14018.196,16263.816,8391910
6,1,unpadded,stream-content,signed,false,8388608,pattern,1,19447.585,4932.750,24723.991,8406880
6,1,unpadded,range,plain,true,8388608,pattern,1,253.694,852.856,1122.110,45609
6,1,unpadded,range,plain,false,8388608,pattern,1,199.283,5257.606,5693.593,8392070
6,1,unpadded,stream-content,encrypted-signed,false,8388608,pattern,1,920.407,14143.988,17030.521,8406656
6,1,unpadded,whole,encrypted-signed,false,8388608,pattern,1,928.747,24810.503,28198.475,8406656
6,1,unpadded,whole,signed,true,8388608,pattern,1,9268.029,10522.572,19834.632,56433
6,1,unpadded,stream,encrypted,true,8388608,pattern,1,235.454,3182.808,3441.583,45459
6,1,unpadded,stream-content,signed,true,8388608,pattern,1,7699.281,2807.811,10524.772,56433
6,1,unpadded,whole,encrypted,true,8388608,pattern,1,198.703,7481.517,7715.921,45459
6,1,unpadded,range,signed,true,8388608,pattern,1,7835.153,674.992,8524.156,56433
6,1,unpadded,stream,encrypted-signed,false,8388608,pattern,1,899.877,13746.540,16598.993,8406656
6,1,unpadded,stream,encrypted-signed,true,8388608,pattern,1,936.917,5371.098,6338.615,56224
6,1,unpadded,stream-content,plain,true,8388608,pattern,1,195.173,2970.135,3180.558,45609
6,1,unpadded,whole,encrypted-signed,true,8388608,pattern,1,913.587,9886.960,10841.578,56224
6,1,unpadded,range,signed,false,8388608,pattern,1,14992.523,1028.149,16240.156,8406880
6,1,unpadded,stream,plain,true,8388608,pattern,1,184.274,3098.206,3308.831,45609
6,1,unpadded,stream-content,plain,false,8388608,pattern,1,183.554,10487.911,11006.741,8392070
6,1,unpadded,whole,plain,true,8388608,pattern,1,205.043,7416.916,7654.229,45609
6,1,unpadded,range,encrypted,false,8388608,pattern,1,219.374,8307.632,10366.569,8391910
6,1,unpadded,range,encrypted-signed,true,8388608,pattern,1,951.677,2224.521,3190.648,56224
6,1,unpadded,whole,signed,false,8388608,pattern,1,17798.364,12612.920,32739.947,8406880
6,1,unpadded,stream-content,encrypted,false,8388608,pattern,1,255.984,18690.881,20924.561,8391910
6,1,unpadded,range,encrypted-signed,false,8388608,pattern,1,923.647,12903.615,15763.437,8406656
6,1,unpadded,whole,plain,false,8388608,pattern,1,204.074,22959.729,25090.448,8392070
6,1,unpadded,stream-content,encrypted,true,8388608,pattern,1,246.594,3163.468,3428.882,45459
6,1,unpadded,stream,plain,false,8388608,pattern,1,172.263,13275.482,13749.300,8392070
6,1,unpadded,range,encrypted,true,8388608,pattern,1,218.314,780.775,1010.919,45459
6,1,unpadded,range,plain,true,8388608,pattern,2,167.583,733.423,911.327,45609
6,1,unpadded,range,encrypted,true,8388608,pattern,2,175.473,738.974,924.917,45459
6,1,unpadded,whole,plain,true,8388608,pattern,2,164.163,7500.277,7704.321,45609
6,1,unpadded,whole,plain,false,8388608,pattern,2,199.134,18171.711,20273.720,8392070
6,1,unpadded,whole,encrypted-signed,true,8388608,pattern,2,943.027,10589.543,11565.871,56224
6,1,unpadded,stream-content,plain,false,8388608,pattern,2,199.053,10232.657,10746.536,8392070
6,1,unpadded,stream,encrypted-signed,false,8388608,pattern,2,913.617,13701.220,16570.652,8406656
6,1,unpadded,stream,signed,false,8388608,pattern,2,19230.591,4620.634,24098.210,8406880
6,1,unpadded,range,plain,false,8388608,pattern,2,190.784,5059.992,5405.479,8392070
6,1,unpadded,stream-content,plain,true,8388608,pattern,2,178.233,2961.624,3162.517,45609
6,1,unpadded,stream-content,encrypted-signed,true,8388608,pattern,2,915.407,2832.371,3762.878,56224
6,1,unpadded,whole,encrypted,false,8388608,pattern,2,188.093,20451.393,23086.801,8391910
6,1,unpadded,stream,encrypted,false,8388608,pattern,2,239.244,18151.531,20395.991,8391910
6,1,unpadded,range,signed,true,8388608,pattern,2,9218.838,679.563,9916.971,56433
6,1,unpadded,stream,encrypted,true,8388608,pattern,2,185.853,3884.501,4094.124,45459
6,1,unpadded,stream,signed,true,8388608,pattern,2,7706.640,2907.583,10633.734,56433
6,1,unpadded,range,encrypted,false,8388608,pattern,2,197.674,10515.651,12523.599,8391910
6,1,unpadded,whole,signed,false,8388608,pattern,2,19365.533,12508.858,34182.193,8406880
6,1,unpadded,range,signed,false,8388608,pattern,2,19366.133,1020.509,20607.296,8406880
6,1,unpadded,stream,plain,true,8388608,pattern,2,189.773,3197.789,3413.142,45609
6,1,unpadded,stream-content,signed,false,8388608,pattern,2,14832.760,4806.628,19922.573,8406880
6,1,unpadded,range,encrypted-signed,false,8388608,pattern,2,913.136,8299.722,11051.441,8406656
6,1,unpadded,stream-content,encrypted-signed,false,8388608,pattern,2,919.867,18251.353,21148.816,8406656
6,1,unpadded,whole,encrypted-signed,false,8388608,pattern,2,913.066,24592.659,28003.080,8406656
6,1,unpadded,stream-content,encrypted,true,8388608,pattern,2,237.424,4550.043,4808.408,45459
6,1,unpadded,stream-content,signed,true,8388608,pattern,2,7658.700,2781.651,10457.691,56433
6,1,unpadded,whole,encrypted,true,8388608,pattern,2,190.193,10820.367,11052.651,45459
6,1,unpadded,stream,encrypted-signed,true,8388608,pattern,2,1048.039,3281.480,4360.369,56224
6,1,unpadded,stream-content,encrypted,false,8388608,pattern,2,212.754,14350.262,16566.782,8391910
6,1,unpadded,range,encrypted-signed,true,8388608,pattern,2,951.657,2254.161,3220.819,56224
6,1,unpadded,stream,plain,false,8388608,pattern,2,167.653,13242.072,13767.131,8392070
6,1,unpadded,whole,signed,true,8388608,pattern,2,7891.814,7677.570,15615.375,56433
6,2,unpadded,whole,encrypted,false,8388608,pattern,1,180.533,23280.985,25977.084,8391910
6,2,unpadded,stream,signed,false,8388608,pattern,1,19404.373,4646.505,24306.523,8406880
6,2,unpadded,stream,signed,true,8388608,pattern,1,7865.024,3070.786,10968.950,56433
6,2,unpadded,stream-content,encrypted-signed,true,8388608,pattern,1,935.557,2913.573,3866.611,56224
6,2,unpadded,stream,encrypted,false,8388608,pattern,1,194.234,13968.164,16172.585,8391910
6,2,unpadded,stream-content,signed,false,8388608,pattern,1,19361.183,4810.697,24463.586,8406880
6,2,unpadded,range,plain,true,8388608,pattern,1,209.623,791.855,1013.488,45609
6,2,unpadded,range,plain,false,8388608,pattern,1,161.092,4974.281,5301.526,8392070
6,2,unpadded,stream-content,encrypted-signed,false,8388608,pattern,1,889.256,14093.927,17036.540,8406656
6,2,unpadded,whole,encrypted-signed,false,8388608,pattern,1,930.377,24810.992,28258.645,8406656
6,2,unpadded,whole,signed,true,8388608,pattern,1,9292.740,10556.732,19901.663,56433
6,2,unpadded,stream,encrypted,true,8388608,pattern,1,230.994,3105.207,3363.181,45459
6,2,unpadded,stream-content,signed,true,8388608,pattern,1,7690.680,2804.831,10523.572,56433
6,2,unpadded,whole,encrypted,true,8388608,pattern,1,193.874,7707.240,7939.915,45459
6,2,unpadded,range,signed,true,8388608,pattern,1,7821.602,673.673,8508.075,56433
6,2,unpadded,stream,encrypted-signed,false,8388608,pattern,1,878.966,13798.522,16670.224,8406656
6,2,unpadded,stream,encrypted-signed,true,8388608,pattern,1,940.167,5524.851,6502.208,56224
6,2,unpadded,stream-content,plain,true,8388608,pattern,1,208.354,2914.663,3139.868,45609
6,2,unpadded,whole,encrypted-signed,true,8388608,pattern,1,904.797,9975.661,10924.079,56224
6,2,unpadded,range,signed,false,8388608,pattern,1,14846.741,1020.598,16082.363,8406880
6,2,unpadded,stream,plain,true,8388608,pattern,1,183.243,3089.086,3299.050,45609
6,2,unpadded,stream-content,plain,false,8388608,pattern,1,176.934,10289.797,10794.237,8392070
6,2,unpadded,whole,plain,true,8388608,pattern,1,200.124,7365.134,7598.028,45609
6,2,unpadded,range,encrypted,false,8388608,pattern,1,229.004,8272.111,10350.249,8391910
6,2,unpadded,range,encrypted-signed,true,8388608,pattern,1,946.557,2235.991,3198.308,56224
6,2,unpadded,whole,signed,false,8388608,pattern,1,17756.313,12520.258,32663.155,8406880
6,2,unpadded,stream-content,encrypted,false,8388608,pattern,1,232.184,18934.235,21335.479,8391910
6,2,unpadded,range,encrypted-signed,false,8388608,pattern,1,934.967,12737.432,15474.022,8406656
6,2,unpadded,whole,plain,false,8388608,pattern,1,202.354,22296.437,24445.806,8392070
6,2,unpadded,stream-content,encrypted,true,8388608,pattern,1,236.034,3072.006,3327.731,45459
6,2,unpadded,stream,plain,false,8388608,pattern,1,183.163,13072.729,13525.857,8392070
6,2,unpadded,range,encrypted,true,8388608,pattern,1,211.323,748.124,971.257,45459
6,2,unpadded,range,plain,true,8388608,pattern,2,167.503,705.582,883.196,45609
6,2,unpadded,range,encrypted,true,8388608,pattern,2,175.103,714.983,900.196,45459
6,2,unpadded,whole,plain,true,8388608,pattern,2,162.313,7419.595,7622.769,45609
6,2,unpadded,whole,plain,false,8388608,pattern,2,194.943,17966.988,20100.926,8392070
6,2,unpadded,whole,encrypted-signed,true,8388608,pattern,2,940.267,10552.302,11535.580,56224
6,2,unpadded,stream-content,plain,false,8388608,pattern,2,197.064,10243.736,10754.746,8392070
6,2,unpadded,stream,encrypted-signed,false,8388608,pattern,2,909.946,13643.559,16545.961,8406656
6,2,unpadded,stream,signed,false,8388608,pattern,2,19143.379,4573.644,23971.797,8406880
6,2,unpadded,range,plain,false,8388608,pattern,2,190.724,5031.391,5388.398,8392070
6,2,unpadded,stream-content,plain,true,8388608,pattern,2,186.233,2960.404,3171.998,45609
6,2,unpadded,stream-content,encrypted-signed,true,8388608,pattern,2,916.887,2835.242,3768.279,56224
6,2,unpadded,whole,encrypted,false,8388608,pattern,2,188.054,20525.554,23224.324,8391910
6,2,unpadded,stream,encrypted,false,8388608,pattern,2,236.034,18204.462,20414.972,8391910
6,2,unpadded,range,signed,true,8388608,pattern,2,9207.388,669.772,9896.080,56433
6,2,unpadded,stream,encrypted,true,8388608,pattern,2,185.903,3916.561,4128.195,45459
6,2,unpadded,stream,signed,true,8388608,pattern,2,7781.762,2947.184,10751.496,56433
6,2,unpadded,range,encrypted,false,8388608,pattern,2,203.214,10722.555,12846.064,8391910
6,2,unpadded,whole,signed,false,8388608,pattern,2,20045.355,12791.013,35177.421,8406880
6,2,unpadded,range,signed,false,8388608,pattern,2,19619.998,1033.868,20882.761,8406880
6,2,unpadded,stream,plain,true,8388608,pattern,2,192.984,3238.769,3456.853,45609
6,2,unpadded,stream-content,signed,false,8388608,pattern,2,14855.981,4819.948,19959.384,8406880
6,2,unpadded,range,encrypted-signed,false,8388608,pattern,2,930.317,8312.221,11094.602,8406656
6,2,unpadded,stream-content,encrypted-signed,false,8388608,pattern,2,927.967,18242.612,21121.405,8406656
6,2,unpadded,whole,encrypted-signed,false,8388608,pattern,2,911.266,24620.029,28010.400,8406656
6,2,unpadded,stream-content,encrypted,true,8388608,pattern,2,239.524,4536.013,4797.908,45459
6,2,unpadded,stream-content,signed,true,8388608,pattern,2,7684.930,2766.161,10468.341,56433
6,2,unpadded,whole,encrypted,true,8388608,pattern,2,187.524,10688.005,10913.729,45459
6,2,unpadded,stream,encrypted-signed,true,8388608,pattern,2,954.108,3129.147,4108.275,56224
6,2,unpadded,stream-content,encrypted,false,8388608,pattern,2,205.523,14063.507,16373.668,8391910
6,2,unpadded,range,encrypted-signed,true,8388608,pattern,2,944.187,2238.601,3199.778,56224
6,2,unpadded,stream,plain,false,8388608,pattern,2,161.663,12958.046,13392.114,8392070
6,2,unpadded,whole,signed,true,8388608,pattern,2,7720.750,7355.754,15118.825,56433
6,3,padded,whole,encrypted,false,8388608,pattern,1,191.624,23203.713,25896.002,8659328
6,3,padded,stream,signed,false,8388608,pattern,1,19469.785,4602.274,24334.004,8673664
6,3,padded,stream,signed,true,8388608,pattern,1,7798.363,3005.084,10832.838,322944
6,3,padded,stream-content,encrypted-signed,true,8388608,pattern,1,949.237,2843.922,3808.969,322944
6,3,padded,stream,encrypted,false,8388608,pattern,1,196.973,13944.974,16153.814,8659328
6,3,padded,stream-content,signed,false,8388608,pattern,1,19518.966,4903.959,24719.310,8673664
6,3,padded,range,plain,true,8388608,pattern,1,230.705,778.784,1027.499,312704
6,3,padded,range,plain,false,8388608,pattern,1,167.973,5002.992,5340.838,8659328
6,3,padded,stream-content,encrypted-signed,false,8388608,pattern,1,907.437,13902.383,16816.407,8673664
6,3,padded,whole,encrypted-signed,false,8388608,pattern,1,914.667,24496.267,27927.579,8673664
6,3,padded,whole,signed,true,8388608,pattern,1,9245.479,10362.249,19651.758,322944
6,3,padded,stream,encrypted,true,8388608,pattern,1,252.685,3081.766,3358.321,312704
6,3,padded,stream-content,signed,true,8388608,pattern,1,7852.023,2851.092,10725.795,322944
6,3,padded,whole,encrypted,true,8388608,pattern,1,219.484,7503.427,7762.301,312704
6,3,padded,range,signed,true,8388608,pattern,1,7746.221,670.823,8430.564,322944
6,3,padded,stream,encrypted-signed,false,8388608,pattern,1,860.986,13746.770,16600.283,8673664
6,3,padded,stream,encrypted-signed,true,8388608,pattern,1,963.847,5378.998,6375.246,322944
6,3,padded,stream-content,plain,true,8388608,pattern,1,199.553,2860.892,3076.596,312704
6,3,padded,whole,encrypted-signed,true,8388608,pattern,1,938.937,9907.991,10890.509,322944
6,3,padded,range,signed,false,8388608,pattern,1,14787.760,1013.518,16012.952,8673664
6,3,padded,stream,plain,true,8388608,pattern,1,187.313,3055.376,3269.389,312704
6,3,padded,stream-content,plain,false,8388608,pattern,1,183.053,10169.276,10669.194,8659328
6,3,padded,whole,plain,true,8388608,pattern,1,199.014,7350.074,7579.658,312704
6,3,padded,range,encrypted,false,8388608,pattern,1,213.194,8195.839,10274.947,8659328
6,3,padded,range,encrypted-signed,true,8388608,pattern,1,976.738,2210.090,3201.838,322944
6,3,padded,whole,signed,false,8388608,pattern,1,17679.362,12475.307,32099.425,8673664
6,3,padded,stream-content,encrypted,false,8388608,pattern,1,231.804,16846.207,19060.357,8659328
6,3,padded,range,encrypted-signed,false,8388608,pattern,1,929.207,12622.500,15350.049,8673664
6,3,padded,whole,plain,false,8388608,pattern,1,205.514,22171.154,24317.223,8659328
6,3,padded,stream-content,encrypted,true,8388608,pattern,1,259.865,3140.457,3420.613,312704
6,3,padded,stream,plain,false,8388608,pattern,1,185.024,12951.325,13408.404,8659328
6,3,padded,range,encrypted,true,8388608,pattern,1,228.854,736.914,977.088,312704
6,3,padded,range,plain,true,8388608,pattern,2,169.824,703.082,882.836,312704
6,3,padded,range,encrypted,true,8388608,pattern,2,182.923,709.853,902.796,312704
6,3,padded,whole,plain,true,8388608,pattern,2,162.603,7473.637,7674.270,312704
6,3,padded,whole,plain,false,8388608,pattern,2,203.044,18162.391,20323.850,8659328
6,3,padded,whole,encrypted-signed,true,8388608,pattern,2,985.478,10562.073,11588.361,322944
6,3,padded,stream-content,plain,false,8388608,pattern,2,210.424,10082.264,10600.913,8659328
6,3,padded,stream,encrypted-signed,false,8388608,pattern,2,901.777,13673.079,16564.422,8673664
6,3,padded,stream,signed,false,8388608,pattern,2,19204.240,4581.753,24035.728,8673664
6,3,padded,range,plain,false,8388608,pattern,2,196.583,4986.731,5341.177,8659328
6,3,padded,stream-content,plain,true,8388608,pattern,2,193.504,2922.393,3138.588,312704
6,3,padded,stream-content,encrypted-signed,true,8388608,pattern,2,945.388,2823.671,3785.689,322944
6,3,padded,whole,encrypted,false,8388608,pattern,2,192.283,20350.581,23043.510,8659328
6,3,padded,stream,encrypted,false,8388608,pattern,2,231.775,18212.271,20444.193,8659328
6,3,padded,range,signed,true,8388608,pattern,2,9195.927,673.803,9886.830,322944
6,3,padded,stream,encrypted,true,8388608,pattern,2,200.564,3849.660,4076.495,312704
6,3,padded,stream,signed,true,8388608,pattern,2,7687.180,2951.164,10660.324,322944
6,3,padded,range,encrypted,false,8388608,pattern,2,193.024,10487.921,12509.918,8659328
6,3,padded,whole,signed,false,8388608,pattern,2,19183.109,12468.587,33584.672,8673664
6,3,padded,range,signed,false,8388608,pattern,2,18036.818,1020.669,19289.001,8673664
6,3,padded,stream,plain,true,8388608,pattern,2,194.263,3124.357,3342.621,312704
6,3,padded,stream-content,signed,false,8388608,pattern,2,14925.252,4769.967,19980.545,8673664
6,3,padded,range,encrypted-signed,false,8388608,pattern,2,921.927,8381.873,11164.944,8673664
6,3,padded,stream-content,encrypted-signed,false,8388608,pattern,2,923.626,18123.041,21056.013,8673664
6,3,padded,whole,encrypted-signed,false,8388608,pattern,2,911.447,24506.586,27919.549,8673664
6,3,padded,stream-content,encrypted,true,8388608,pattern,2,257.084,4515.933,4794.247,312704
6,3,padded,stream-content,signed,true,8388608,pattern,2,7649.189,2756.640,10427.440,322944
6,3,padded,whole,encrypted,true,8388608,pattern,2,205.984,10599.303,10843.408,312704
6,3,padded,stream,encrypted-signed,true,8388608,pattern,2,974.348,3077.606,4079.205,322944
6,3,padded,stream-content,encrypted,false,8388608,pattern,2,201.513,13876.833,16071.622,8659328
6,3,padded,range,encrypted-signed,true,8388608,pattern,2,965.818,2222.230,3203.079,322944
6,3,padded,stream,plain,false,8388608,pattern,2,173.713,12881.395,13340.613,8659328
6,3,padded,whole,signed,true,8388608,pattern,2,7704.750,7381.035,15126.335,322944
7,0,unpadded,stream-content,encrypted,true,8388608,pattern,1,214.784,2980.955,3216.079,45459
7,0,unpadded,range,encrypted-signed,false,8388608,pattern,1,906.226,8399.023,11164.353,8406656
7,0,unpadded,whole,signed,false,8388608,pattern,1,19222.330,12530.528,34088.071,8406880
7,0,unpadded,whole,encrypted,false,8388608,pattern,1,234.054,25084.697,27809.887,8391910
7,0,unpadded,range,encrypted,false,8388608,pattern,1,231.855,12773.493,15069.355,8391910
7,0,unpadded,whole,encrypted-signed,true,8388608,pattern,1,960.678,12159.361,13161.290,56224
7,0,unpadded,stream-content,plain,false,8388608,pattern,1,193.773,10230.587,10742.515,8392070
7,0,unpadded,stream-content,plain,true,8388608,pattern,1,205.784,2933.183,3156.708,45609
7,0,unpadded,stream,signed,false,8388608,pattern,1,14980.803,4626.695,19857.082,8406880
7,0,unpadded,whole,plain,true,8388608,pattern,1,209.074,7405.835,7648.879,45609
7,0,unpadded,stream,encrypted,true,8388608,pattern,1,217.954,3106.447,3350.341,45459
7,0,unpadded,whole,plain,false,8388608,pattern,1,188.983,18129.411,20244.049,8392070
7,0,unpadded,range,signed,true,8388608,pattern,1,7808.082,668.582,8492.014,56433
7,0,unpadded,range,encrypted,true,8388608,pattern,1,187.103,725.343,923.247,45459
7,0,unpadded,stream-content,encrypted-signed,true,8388608,pattern,1,884.686,3031.445,3932.862,56224
7,0,unpadded,stream-content,signed,false,8388608,pattern,1,17839.525,4796.907,22921.878,8406880
7,0,unpadded,stream,plain,false,8388608,pattern,1,187.474,10004.852,10469.771,8392070
7,0,unpadded,whole,signed,true,8388608,pattern,1,7722.131,7356.734,15120.015,56433
7,0,unpadded,whole,encrypted,true,8388608,pattern,1,220.194,7388.944,7646.739,45459
7,0,unpadded,range,signed,false,8388608,pattern,1,14890.441,1032.899,16139.524,8406880
7,0,unpadded,stream-content,encrypted-signed,false,8388608,pattern,1,887.116,13871.572,16751.875,8406656
7,0,unpadded,stream,signed,true,8388608,pattern,1,9205.527,3882.941,13123.789,56433
7,0,unpadded,stream,encrypted,false,8388608,pattern,1,224.485,16090.093,18277.343,8391910
7,0,unpadded,stream,encrypted-signed,true,8388608,pattern,1,937.357,5371.048,6338.486,56224
7,0,unpadded,range,plain,false,8388608,pattern,1,190.784,7226.732,7621.209,8392070
7,0,unpadded,stream,plain,true,8388608,pattern,1,184.013,3081.186,3288.450,45609
7,0,unpadded,range,plain,true,8388608,pattern,1,198.604,710.603,919.877,45609
7,0,unpadded,stream-content,encrypted,false,8388608,pattern,1,187.473,13995.595,16153.724,8391910
7,0,unpadded,whole,encrypted-signed,false,8388608,pattern,1,925.596,24528.157,27924.178,8406656
7,0,unpadded,stream,encrypted-signed,false,8388608,pattern,1,946.087,18071.890,20972.282,8406656
7,0,unpadded,stream-content,signed,true,8388608,pattern,1,9354.340,2912.684,12298.614,56433
7,0,unpadded,range,encrypted-signed,true,8388608,pattern,1,917.026,750.314,1680.650,56224
7,0,unpadded,stream-content,encrypted,true,8388608,pattern,2,194.303,2913.503,3122.347,45459
7,0,unpadded,whole,plain,false,8388608,pattern,2,170.013,21122.335,23364.166,8392070
7,0,unpadded,stream,signed,true,8388608,pattern,2,7848.433,3875.021,11751.354,56433
7,0,unpadded,stream-content,encrypted,false,8388608,pattern,2,208.394,16320.667,18634.830,8391910
7,0,unpadded,range,encrypted-signed,true,8388608,pattern,2,957.378,2330.472,3306.321,56224
7,0,unpadded,range,encrypted,true,8388608,pattern,2,190.564,726.663,927.797,45459
7,0,unpadded,range,encrypted-signed,false,8388608,pattern,2,871.696,11337.977,14053.467,8406656
7,0,unpadded,stream,encrypted,true,8388608,pattern,2,216.804,5405.119,5649.743,45459
7,0,unpadded,stream-content,encrypted-signed,true,8388608,pattern,2,923.907,2927.283,3868.700,56224
7,0,unpadded,range,signed,true,8388608,pattern,2,8146.538,681.673,8856.541,56433
7,0,unpadded,stream-content,encrypted-signed,false,8388608,pattern,2,942.117,16666.484,19591.637,8406656
7,0,unpadded,range,plain,false,8388608,pattern,2,187.593,9461.352,9865.069,8392070
7,0,unpadded,whole,plain,true,8388608,pattern,2,199.354,7463.426,7700.160,45609
7,0,unpadded,range,signed,false,8388608,pattern,2,14896.522,1029.988,16182.325,8406880
7,0,unpadded,whole,encrypted-signed,true,8388608,pattern,2,928.007,7481.536,8450.363,56224
7,0,unpadded,whole,encrypted,true,8388608,pattern,2,223.824,7432.916,7692.720,45459
7,0,unpadded,stream-content,signed,true,8388608,pattern,2,7786.172,2860.412,10674.455,56433
7,0,unpadded,whole,encrypted-signed,false,8388608,pattern,2,897.557,20551.824,23937.676,8406656
7,0,unpadded,stream-content,signed,false,8388608,pattern,2,19297.052,4820.288,24402.735,8406880
7,0,unpadded,stream,encrypted-signed,true,8388608,pattern,2,933.567,3110.056,4070.534,56224
7,0,unpadded,whole,signed,false,8388608,pattern,2,14960.422,12727.802,29996.576,8406880
7,0,unpadded,whole,encrypted,false,8388608,pattern,2,236.124,24619.819,27378.409,8391910
7,0,unpadded,stream,encrypted,false,8388608,pattern,2,232.194,18040.128,20258.389,8391910
7,0,unpadded,range,plain,true,8388608,pattern,2,204.254,2210.090,2431.305,45609
7,0,unpadded,stream,signed,false,8388608,pattern,2,17756.653,4600.464,22613.802,8406880
7,0,unpadded,whole,signed,true,8388608,pattern,2,7823.992,7451.346,15319.879,56433
7,0,unpadded,stream-content,plain,true,8388608,pattern,2,210.964,3122.917,3358.591,45609
7,0,unpadded,stream,encrypted-signed,false,8388608,pattern,2,923.546,13907.464,16813.986,8406656
7,0,unpadded,stream,plain,false,8388608,pattern,2,187.883,14370.512,14831.480,8392070
7,0,unpadded,stream,plain,true,8388608,pattern,2,205.044,3058.885,3288.450,45609
7,0,unpadded,range,encrypted,false,8388608,pattern,2,209.094,8347.812,10412.560,8391910
7,0,unpadded,stream-content,plain,false,8388608,pattern,2,198.874,14546.965,15065.514,8392070
7,1,padded,stream-content,encrypted,true,8388608,pattern,1,230.284,3067.646,3318.341,312704
7,1,padded,range,encrypted-signed,false,8388608,pattern,1,908.457,8391.403,11147.433,8673664
7,1,padded,whole,signed,false,8388608,pattern,1,19177.290,12554.768,33672.213,8673664
7,1,padded,whole,encrypted,false,8388608,pattern,1,241.034,23413.156,26200.117,8659328
7,1,padded,range,encrypted,false,8388608,pattern,1,255.444,12954.556,15153.996,8659328
7,1,padded,whole,encrypted-signed,true,8388608,pattern,1,986.848,12267.874,13295.313,322944
7,1,padded,stream-content,plain,false,8388608,pattern,1,214.094,10517.122,11093.162,8659328
7,1,padded,stream-content,plain,true,8388608,pattern,1,219.604,2973.714,3212.889,312704
7,1,padded,stream,signed,false,8388608,pattern,1,15088.205,4603.084,19984.834,8673664
7,1,padded,whole,plain,true,8388608,pattern,1,213.974,7407.415,7655.160,312704
7,1,padded,stream,encrypted,true,8388608,pattern,1,250.585,3080.316,3355.681,312704
7,1,padded,whole,plain,false,8388608,pattern,1,191.473,18164.401,20340.900,8659328
7,1,padded,range,signed,true,8388608,pattern,1,7856.303,682.443,8555.156,322944
7,1,padded,range,encrypted,true,8388608,pattern,1,202.514,716.773,929.637,312704
7,1,padded,stream-content,encrypted-signed,true,8388608,pattern,1,893.446,2975.954,3886.681,322944
7,1,padded,stream-content,signed,false,8388608,pattern,1,17853.195,4800.988,22950.438,8673664
7,1,padded,stream,plain,false,8388608,pattern,1,204.673,9926.211,10400.319,8659328
7,1,padded,whole,signed,true,8388608,pattern,1,7700.820,7354.684,15098.025,322944
7,1,padded,whole,encrypted,true,8388608,pattern,1,242.045,7434.335,7717.571,312704
7,1,padded,range,signed,false,8388608,pattern,1,14918.012,1052.109,16225.205,8673664
7,1,padded,stream-content,encrypted-signed,false,8388608,pattern,1,895.666,13972.455,16872.447,8673664
7,1,padded,stream,signed,true,8388608,pattern,1,9197.948,3838.670,13069.938,322944
7,1,padded,stream,encrypted,false,8388608,pattern,1,211.014,16113.773,18333.574,8659328
7,1,padded,stream,encrypted-signed,true,8388608,pattern,1,967.457,5356.048,6354.965,322944
7,1,padded,range,plain,false,8388608,pattern,1,195.334,7206.851,7612.419,8659328
7,1,padded,stream,plain,true,8388608,pattern,1,198.114,3092.856,3316.541,312704
7,1,padded,range,plain,true,8388608,pattern,1,194.844,711.053,916.197,312704
7,1,padded,stream-content,encrypted,false,8388608,pattern,1,180.604,14091.506,16279.157,8659328
7,1,padded,whole,encrypted-signed,false,8388608,pattern,1,921.047,24684.739,28136.222,8673664
7,1,padded,stream,encrypted-signed,false,8388608,pattern,1,941.987,18036.559,20955.752,8673664
7,1,padded,stream-content,signed,true,8388608,pattern,1,9174.677,3017.585,12222.402,322944
7,1,padded,range,encrypted-signed,true,8388608,pattern,1,960.668,756.743,1730.792,322944
7,1,padded,stream-content,encrypted,true,8388608,pattern,2,204.854,2887.802,3108.327,312704
7,1,padded,whole,plain,false,8388608,pattern,2,176.683,21176.516,23314.865,8659328
7,1,padded,stream,signed,true,8388608,pattern,2,7816.682,3826.390,11670.232,322944
7,1,padded,stream-content,encrypted,false,8388608,pattern,2,208.194,16259.126,18482.506,8659328
7,1,padded,range,encrypted-signed,true,8388608,pattern,2,968.718,2225.990,3210.189,322944
7,1,padded,range,encrypted,true,8388608,pattern,2,214.474,717.373,942.517,312704
7,1,padded,range,encrypted-signed,false,8388608,pattern,2,870.476,11298.135,13983.054,8673664
7,1,padded,stream,encrypted,true,8388608,pattern,2,251.035,5363.407,5641.493,312704
7,1,padded,stream-content,encrypted-signed,true,8388608,pattern,2,956.887,2864.312,3839.810,322944
7,1,padded,range,signed,true,8388608,pattern,2,7705.240,677.273,8395.903,322944
7,1,padded,stream-content,encrypted-signed,false,8388608,pattern,2,868.106,16451.740,19329.742,8673664
7,1,padded,range,plain,false,8388608,pattern,2,203.784,9388.771,9811.249,8659328
7,1,padded,whole,plain,true,8388608,pattern,2,217.964,7463.036,7720.420,312704
7,1,padded,range,signed,false,8388608,pattern,2,14913.392,1024.959,16163.025,8673664
7,1,padded,whole,encrypted-signed,true,8388608,pattern,2,936.047,7493.867,8471.235,322944
7,1,padded,whole,encrypted,true,8388608,pattern,2,243.365,7317.503,7592.589,312704
7,1,padded,stream-content,signed,true,8388608,pattern,2,7750.632,2862.542,10638.314,322944
7,1,padded,whole,encrypted-signed,false,8388608,pattern,2,898.326,20591.115,24014.047,8673664
7,1,padded,stream-content,signed,false,8388608,pattern,2,19914.023,4811.107,25026.896,8673664
7,1,padded,stream,encrypted-signed,true,8388608,pattern,2,970.047,3157.878,4155.015,322944
7,1,padded,whole,signed,false,8388608,pattern,2,15101.445,12553.349,29626.520,8673664
7,1,padded,whole,encrypted,false,8388608,pattern,2,234.544,23217.463,26013.103,8659328
7,1,padded,stream,encrypted,false,8388608,pattern,2,241.175,18005.288,20245.389,8659328
7,1,padded,range,plain,true,8388608,pattern,2,213.094,2192.810,2421.934,312704
7,1,padded,stream,signed,false,8388608,pattern,2,17865.806,4597.884,22723.884,8673664
7,1,padded,whole,signed,true,8388608,pattern,2,7719.231,7577.118,15341.440,322944
7,1,padded,stream-content,plain,true,8388608,pattern,2,244.615,2981.384,3248.850,312704
7,1,padded,stream,encrypted-signed,false,8388608,pattern,2,926.037,13871.203,16801.716,8673664
7,1,padded,stream,plain,false,8388608,pattern,2,198.184,14415.022,14890.481,8659328
7,1,padded,stream,plain,true,8388608,pattern,2,208.964,3039.025,3272.640,312704
7,1,padded,range,encrypted,false,8388608,pattern,2,214.134,8333.112,10402.170,8659328
7,1,padded,stream-content,plain,false,8388608,pattern,2,203.694,14569.975,15093.955,8659328
7,2,padded,stream-content,encrypted,true,8388608,pattern,1,310.476,3230.409,3572.735,312704
7,2,padded,range,encrypted-signed,false,8388608,pattern,1,1074.960,9057.055,12022.409,8673664
7,2,padded,whole,signed,false,8388608,pattern,1,19536.986,12850.554,34320.695,8673664
7,2,padded,whole,encrypted,false,8388608,pattern,1,218.894,24199.481,26899.350,8659328
7,2,padded,range,encrypted,false,8388608,pattern,1,227.204,12651.460,14711.038,8659328
7,2,padded,whole,encrypted-signed,true,8388608,pattern,1,1041.569,12044.920,13125.339,322944
7,2,padded,stream-content,plain,false,8388608,pattern,1,211.684,10257.317,10845.968,8659328
7,2,padded,stream-content,plain,true,8388608,pattern,1,210.844,3225.619,3475.584,312704
7,2,padded,stream,signed,false,8388608,pattern,1,15376.770,4646.404,20285.339,8673664
7,2,padded,whole,plain,true,8388608,pattern,1,218.784,7672.649,7924.444,312704
7,2,padded,stream,encrypted,true,8388608,pattern,1,256.654,3424.843,3719.108,312704
7,2,padded,whole,plain,false,8388608,pattern,1,208.864,18323.914,20463.333,8659328
7,2,padded,range,signed,true,8388608,pattern,1,7884.944,675.582,8575.706,322944
7,2,padded,range,encrypted,true,8388608,pattern,1,197.943,741.644,950.267,312704
7,2,padded,stream-content,encrypted-signed,true,8388608,pattern,1,898.587,3073.075,3990.153,322944
7,2,padded,stream-content,signed,false,8388608,pattern,1,18290.503,4850.939,23441.027,8673664
7,2,padded,stream,plain,false,8388608,pattern,1,213.184,10033.282,10521.681,8659328
7,2,padded,whole,signed,true,8388608,pattern,1,7807.742,7449.496,15298.779,322944
7,2,padded,whole,encrypted,true,8388608,pattern,1,243.384,7545.017,7825.352,312704
7,2,padded,range,signed,false,8388608,pattern,1,15067.544,1026.119,16314.537,8673664
7,2,padded,stream-content,encrypted-signed,false,8388608,pattern,1,887.616,14214.349,17322.745,8673664
7,2,padded,stream,signed,true,8388608,pattern,1,9596.815,3899.261,13539.216,322944
7,2,padded,stream,encrypted,false,8388608,pattern,1,223.084,16884.308,19204.760,8659328
7,2,padded,stream,encrypted-signed,true,8388608,pattern,1,988.348,5643.113,6677.771,322944
7,2,padded,range,plain,false,8388608,pattern,1,208.414,7401.715,7887.494,8659328
7,2,padded,stream,plain,true,8388608,pattern,1,220.914,3223.508,3477.253,312704
7,2,padded,range,plain,true,8388608,pattern,1,209.303,733.074,952.757,312704
7,2,padded,stream-content,encrypted,false,8388608,pattern,1,185.824,14420.492,16715.305,8659328
7,2,padded,whole,encrypted-signed,false,8388608,pattern,1,959.267,25573.136,29059.889,8673664
7,2,padded,stream,encrypted-signed,false,8388608,pattern,1,947.327,18349.974,21308.918,8673664
7,2,padded,stream-content,signed,true,8388608,pattern,1,9302.989,2897.053,12233.082,322944
7,2,padded,range,encrypted-signed,true,8388608,pattern,1,942.367,739.764,1695.051,322944
7,2,padded,stream-content,encrypted,true,8388608,pattern,2,203.244,2824.581,3044.016,312704
7,2,padded,whole,plain,false,8388608,pattern,2,168.713,21043.284,23164.222,8659328
7,2,padded,stream,signed,true,8388608,pattern,2,7866.943,3856.310,11749.674,322944
7,2,padded,stream-content,encrypted,false,8388608,pattern,2,203.143,16815.737,19035.136,8659328
7,2,padded,range,encrypted-signed,true,8388608,pattern,2,969.998,2257.101,3243.089,322944
7,2,padded,range,encrypted,true,8388608,pattern,2,196.073,723.153,929.697,312704
7,2,padded,range,encrypted-signed,false,8388608,pattern,2,862.716,11350.386,14067.186,8673664
7,2,padded,stream,encrypted,true,8388608,pattern,2,249.404,5395.349,5673.563,312704
7,2,padded,stream-content,encrypted-signed,true,8388608,pattern,2,954.977,2923.213,3901.421,322944
7,2,padded,range,signed,true,8388608,pattern,2,7706.681,672.522,8391.583,322944
7,2,padded,stream-content,encrypted-signed,false,8388608,pattern,2,867.255,16743.344,19735.699,8673664
7,2,padded,range,plain,false,8388608,pattern,2,211.864,9409.901,9852.269,8659328
7,2,padded,whole,plain,true,8388608,pattern,2,208.244,7558.067,7803.612,312704
7,2,padded,range,signed,false,8388608,pattern,2,15078.714,1025.939,16336.407,8673664
7,2,padded,whole,encrypted-signed,true,8388608,pattern,2,932.567,7415.525,8387.893,322944
7,2,padded,whole,encrypted,true,8388608,pattern,2,244.434,7430.485,7710.160,312704
7,2,padded,stream-content,signed,true,8388608,pattern,2,7789.612,2904.193,10720.655,322944
7,2,padded,whole,encrypted-signed,false,8388608,pattern,2,900.466,20784.978,24171.570,8673664
7,2,padded,stream-content,signed,false,8388608,pattern,2,19770.090,4929.999,25039.156,8673664
7,2,padded,stream,encrypted-signed,true,8388608,pattern,2,998.269,3163.997,4186.557,322944
7,2,padded,whole,signed,false,8388608,pattern,2,15118.705,12906.965,29953.365,8673664
7,2,padded,whole,encrypted,false,8388608,pattern,2,241.884,23380.036,26079.565,8659328
7,2,padded,stream,encrypted,false,8388608,pattern,2,236.335,18032.238,20441.563,8659328
7,2,padded,range,plain,true,8388608,pattern,2,230.215,2456.004,2721.280,312704
7,2,padded,stream,signed,false,8388608,pattern,2,18022.858,4598.884,22883.936,8673664
7,2,padded,whole,signed,true,8388608,pattern,2,7782.412,7482.496,15315.889,322944
7,2,padded,stream-content,plain,true,8388608,pattern,2,218.064,2981.044,3222.039,312704
7,2,padded,stream,encrypted-signed,false,8388608,pattern,2,914.277,13911.203,16822.806,8673664
7,2,padded,stream,plain,false,8388608,pattern,2,196.204,14378.792,14845.810,8659328
7,2,padded,stream,plain,true,8388608,pattern,2,204.184,3071.256,3302.340,312704
7,2,padded,range,encrypted,false,8388608,pattern,2,212.084,8306.791,10367.619,8659328
7,2,padded,stream-content,plain,false,8388608,pattern,2,202.754,14620.936,15144.586,8659328
7,3,unpadded,stream-content,encrypted,true,8388608,pattern,1,221.854,2979.684,3219.579,45459
7,3,unpadded,range,encrypted-signed,false,8388608,pattern,1,908.267,8473.144,11253.135,8406656
7,3,unpadded,whole,signed,false,8388608,pattern,1,19360.642,12512.328,34147.022,8406880
7,3,unpadded,whole,encrypted,false,8388608,pattern,1,236.675,24577.097,27310.017,8391910
7,3,unpadded,range,encrypted,false,8388608,pattern,1,231.775,12631.110,14674.908,8391910
7,3,unpadded,whole,encrypted-signed,true,8388608,pattern,1,960.898,11976.568,12977.797,56224
7,3,unpadded,stream-content,plain,false,8388608,pattern,1,195.234,10235.786,10754.406,8392070
7,3,unpadded,stream-content,plain,true,8388608,pattern,1,199.154,2942.663,3160.278,45609
7,3,unpadded,stream,signed,false,8388608,pattern,1,14999.463,4579.234,19838.721,8406880
7,3,unpadded,whole,plain,true,8388608,pattern,1,205.884,7390.834,7631.099,45609
7,3,unpadded,stream,encrypted,true,8388608,pattern,1,249.024,3101.897,3377.581,45459
7,3,unpadded,whole,plain,false,8388608,pattern,1,180.353,18054.579,20240.789,8392070
7,3,unpadded,range,signed,true,8388608,pattern,1,7756.592,665.872,8436.784,56433
7,3,unpadded,range,encrypted,true,8388608,pattern,1,196.074,712.333,918.907,45459
7,3,unpadded,stream-content,encrypted-signed,true,8388608,pattern,1,880.607,3006.744,3903.902,56224
7,3,unpadded,stream-content,signed,false,8388608,pattern,1,17881.666,4936.929,23123.991,8406880
7,3,unpadded,stream,plain,false,8388608,pattern,1,191.543,10054.653,10516.611,8392070
7,3,unpadded,whole,signed,true,8388608,pattern,1,7721.820,7372.265,15139.166,56433
7,3,unpadded,whole,encrypted,true,8388608,pattern,1,222.294,7365.255,7624.729,45459
7,3,unpadded,range,signed,false,8388608,pattern,1,14976.703,1022.788,16297.857,8406880
7,3,unpadded,stream-content,encrypted-signed,false,8388608,pattern,1,921.207,14021.406,16964.829,8406656
7,3,unpadded,stream,signed,true,8388608,pattern,1,9208.248,3810.229,13047.498,56433
7,3,unpadded,stream,encrypted,false,8388608,pattern,1,214.984,15986.811,18223.082,8391910
7,3,unpadded,stream,encrypted-signed,true,8388608,pattern,1,953.347,5382.978,6366.896,56224
7,3,unpadded,range,plain,false,8388608,pattern,1,187.293,7267.122,7661.429,8392070
7,3,unpadded,stream,plain,true,8388608,pattern,1,193.493,3108.647,3327.780,45609
7,3,unpadded,range,plain,true,8388608,pattern,1,185.823,713.943,909.996,45609
7,3,unpadded,stream-content,encrypted,false,8388608,pattern,1,180.853,14078.987,16319.637,8391910
7,3,unpadded,whole,encrypted-signed,false,8388608,pattern,1,943.467,24685.069,28171.022,8406656
7,3,unpadded,stream,encrypted-signed,false,8388608,pattern,1,954.798,18160.870,21109.545,8406656
7,3,unpadded,stream-content,signed,true,8388608,pattern,1,9269.869,2894.283,12197.363,56433
7,3,unpadded,range,encrypted-signed,true,8388608,pattern,1,924.387,740.284,1677.421,56224
7,3,unpadded,stream-content,encrypted,true,8388608,pattern,2,182.484,2850.391,3047.516,45459
7,3,unpadded,whole,plain,false,8388608,pattern,2,164.603,21114.704,23235.143,8392070
7,3,unpadded,stream,signed,true,8388608,pattern,2,7803.392,3852.560,11683.883,56433
7,3,unpadded,stream-content,encrypted,false,8388608,pattern,2,210.084,16219.445,18441.386,8391910
7,3,unpadded,range,encrypted-signed,true,8388608,pattern,2,946.917,2233.011,3194.968,56224
7,3,unpadded,range,encrypted,true,8388608,pattern,2,193.354,715.373,918.917,45459
7,3,unpadded,range,encrypted-signed,false,8388608,pattern,2,878.416,11203.954,13887.223,8406656
7,3,unpadded,stream,encrypted,true,8388608,pattern,2,233.004,5357.148,5618.422,45459
7,3,unpadded,stream-content,encrypted-signed,true,8388608,pattern,2,929.257,2862.462,3809.429,56224
7,3,unpadded,range,signed,true,8388608,pattern,2,7647.379,667.602,8326.661,56433
7,3,unpadded,stream-content,encrypted-signed,false,8388608,pattern,2,867.605,16298.367,19155.018,8406656
7,3,unpadded,range,plain,false,8388608,pattern,2,194.404,9494.792,9909.210,8392070
7,3,unpadded,whole,plain,true,8388608,pattern,2,206.564,7459.886,7705.250,45609
7,3,unpadded,range,signed,false,8388608,pattern,2,14936.602,1020.739,16192.395,8406880
7,3,unpadded,whole,encrypted-signed,true,8388608,pattern,2,911.836,7400.355,8350.462,56224
7,3,unpadded,whole,encrypted,true,8388608,pattern,2,223.554,7379.745,7637.079,45459
7,3,unpadded,stream-content,signed,true,8388608,pattern,2,7798.972,2872.242,10699.475,56433
7,3,unpadded,whole,encrypted-signed,false,8388608,pattern,2,909.596,20402.681,23825.833,8406656
7,3,unpadded,stream-content,signed,false,8388608,pattern,2,19237.440,4817.578,24357.363,8406880
7,3,unpadded,stream,encrypted-signed,true,8388608,pattern,2,948.948,3152.527,4134.486,56224
7,3,unpadded,whole,signed,false,8388608,pattern,2,14910.422,12514.197,29705.591,8406880
7,3,unpadded,whole,encrypted,false,8388608,pattern,2,231.764,24493.926,27234.635,8391910
7,3,unpadded,stream,encrypted,false,8388608,pattern,2,226.184,17948.777,20148.417,8391910
7,3,unpadded,range,plain,true,8388608,pattern,2,204.104,2179.899,2400.114,45609
7,3,unpadded,stream,signed,false,8388608,pattern,2,17922.276,4582.483,22758.804,8406880
7,3,unpadded,whole,signed,true,8388608,pattern,2,7676.450,7321.963,15040.894,56433
7,3,unpadded,stream-content,plain,true,8388608,pattern,2,213.934,2964.514,3199.979,45609
7,3,unpadded,stream,encrypted-signed,false,8388608,pattern,2,918.037,13828.612,16744.975,8406656
7,3,unpadded,stream,plain,false,8388608,pattern,2,185.663,14303.011,14761.839,8392070
7,3,unpadded,stream,plain,true,8388608,pattern,2,198.463,3030.535,3252.609,45609
7,3,unpadded,range,encrypted,false,8388608,pattern,2,203.304,8331.612,10408.510,8391910
7,3,unpadded,stream-content,plain,false,8388608,pattern,2,191.813,14561.115,15076.344,8392070
8,0,padded,stream,encrypted,true,8388608,pattern,1,242.854,5372.638,5648.033,312704
8,0,padded,range,encrypted-signed,true,8388608,pattern,1,953.178,726.013,1690.691,322944
8,0,padded,stream-content,signed,true,8388608,pattern,1,7716.530,2884.393,10629.113,322944
8,0,padded,stream-content,signed,false,8388608,pattern,1,17405.937,4806.967,22529.450,8673664
8,0,padded,stream,plain,true,8388608,pattern,1,215.984,3143.257,3388.131,312704
8,0,padded,stream,encrypted-signed,true,8388608,pattern,1,955.117,2980.255,3955.372,322944
8,0,padded,stream-content,encrypted-signed,true,8388608,pattern,1,917.277,2834.162,3768.439,322944
8,0,padded,range,signed,false,8388608,pattern,1,15201.876,1027.289,16522.490,8673664
8,0,padded,stream,plain,false,8388608,pattern,1,199.424,10052.053,10574.053,8659328
8,0,padded,stream,signed,true,8388608,pattern,1,7741.581,3006.025,10777.706,322944
8,0,padded,stream-content,plain,false,8388608,pattern,1,192.784,10258.216,10780.196,8659328
8,0,padded,stream-content,encrypted,true,8388608,pattern,1,237.135,3000.294,3255.430,312704
8,0,padded,stream-content,plain,true,8388608,pattern,1,187.723,2843.312,3045.865,312704
8,0,padded,whole,encrypted-signed,true,8388608,pattern,1,936.217,7667.070,8644.277,322944
8,0,padded,whole,encrypted-signed,false,8388608,pattern,1,928.657,20482.963,23946.456,8673664
8,0,padded,stream,signed,false,8388608,pattern,1,19303.891,4617.704,24182.050,8673664
8,0,padded,range,signed,true,8388608,pattern,1,7788.222,671.612,8472.284,322944
8,0,padded,stream-content,encrypted-signed,false,8388608,pattern,1,864.986,14025.345,16897.198,8673664
8,0,padded,range,plain,true,8388608,pattern,1,219.224,2176.499,2409.133,312704
8,0,padded,range,plain,false,8388608,pattern,1,170.443,7996.215,8374.952,8659328
8,0,padded,stream,encrypted,false,8388608,pattern,1,198.034,13773.180,15977.111,8659328
8,0,padded,whole,encrypted,false,8388608,pattern,1,209.024,24641.349,27394.339,8659328
8,0,padded,stream,encrypted-signed,false,8388608,pattern,1,961.107,18148.731,21112.784,8673664
8,0,padded,whole,plain,true,8388608,pattern,1,211.263,12102.771,12354.894,312704
8,0,padded,range,encrypted,true,8388608,pattern,1,246.025,797.144,1054.799,312704
8,0,padded,whole,signed,false,8388608,pattern,1,14832.880,12565.498,29349.984,8673664
8,0,padded,stream-content,encrypted,false,8388608,pattern,1,237.364,17024.410,19290.021,8659328
8,0,padded,whole,plain,false,8388608,pattern,1,221.324,22383.597,24570.767,8659328
8,0,padded,range,encrypted,false,8388608,pattern,1,236.064,11264.325,13321.432,8659328
8,0,padded,whole,encrypted,true,8388608,pattern,1,244.614,11913.667,12199.342,312704
8,0,padded,whole,signed,true,8388608,pattern,1,7762.711,7279.712,15078.554,322944
8,0,padded,range,encrypted-signed,false,8388608,pattern,1,959.067,8445.994,11273.305,8673664
8,0,padded,range,signed,true,8388608,pattern,2,9208.387,672.733,9898.250,322944
8,0,padded,stream,encrypted,false,8388608,pattern,2,182.624,16672.083,18838.443,8659328
8,0,padded,stream,encrypted,true,8388608,pattern,2,239.264,5313.867,5581.061,312704
8,0,padded,whole,encrypted-signed,false,8388608,pattern,2,917.347,22623.652,26045.174,8673664
8,0,padded,whole,plain,true,8388608,pattern,2,225.934,11973.488,12231.603,312704
8,0,padded,stream-content,plain,false,8388608,pattern,2,211.224,10125.175,10649.774,8659328
8,0,padded,stream,encrypted-signed,false,8388608,pattern,2,916.467,13732.410,16652.203,8673664
8,0,padded,stream-content,signed,true,8388608,pattern,2,9139.826,2861.742,12024.299,322944
8,0,padded,stream,plain,false,8388608,pattern,2,182.924,12994.396,13449.625,8659328
8,0,padded,range,encrypted,true,8388608,pattern,2,227.524,732.183,970.408,312704
8,0,padded,whole,signed,true,8388608,pattern,2,7595.338,7296.753,14926.961,322944
8,0,padded,whole,encrypted,true,8388608,pattern,2,241.055,7314.503,7586.528,312704
8,0,padded,stream-content,encrypted-signed,true,8388608,pattern,2,952.588,2953.623,3929.892,322944
8,0,padded,whole,encrypted,false,8388608,pattern,2,195.994,20344.500,23045.680,8659328
8,0,padded,stream-content,encrypted,true,8388608,pattern,2,257.024,4502.522,4784.267,312704
8,0,padded,stream,encrypted-signed,true,8388608,pattern,2,935.307,3759.359,4718.176,322944
8,0,padded,range,encrypted,false,8388608,pattern,2,194.393,10537.912,12556.168,8659328
8,0,padded,stream-content,encrypted,false,8388608,pattern,2,210.664,18187.121,20394.621,8659328
8,0,padded,whole,plain,false,8388608,pattern,2,196.393,22190.654,24347.543,8659328
8,0,padded,range,encrypted-signed,true,8388608,pattern,2,988.198,814.285,1816.313,322944
8,0,padded,range,signed,false,8388608,pattern,2,17875.786,1018.868,19123.028,8673664
8,0,padded,range,encrypted-signed,false,8388608,pattern,2,888.786,8224.430,10918.779,8673664
8,0,padded,whole,signed,false,8388608,pattern,2,19230.670,12556.859,33722.904,8673664
8,0,padded,stream-content,signed,false,8388608,pattern,2,18144.280,4862.799,23319.754,8673664
8,0,padded,range,plain,true,8388608,pattern,2,219.034,803.165,1033.379,312704
8,0,padded,stream,signed,true,8388608,pattern,2,7722.581,3032.565,10778.316,322944
8,0,padded,stream-content,encrypted-signed,false,8388608,pattern,2,896.546,14031.706,16929.848,8673664
8,0,padded,stream,plain,true,8388608,pattern,2,208.214,5319.536,5554.531,312704
8,0,padded,whole,encrypted-signed,true,8388608,pattern,2,950.227,9803.798,10794.486,322944
8,0,padded,stream,signed,false,8388608,pattern,2,14880.661,4582.113,19712.369,8673664
8,0,padded,stream-content,plain,true,8388608,pattern,2,208.364,2946.464,3176.498,312704
8,0,padded,range,plain,false,8388608,pattern,2,190.173,5089.273,5455.719,8659328
8,1,unpadded,stream,encrypted,true,8388608,pattern,1,226.154,5312.497,5567.711,45459
8,1,unpadded,range,encrypted-signed,true,8388608,pattern,1,937.697,727.393,1676.711,56224
8,1,unpadded,stream-content,signed,true,8388608,pattern,1,7681.860,2831.071,10529.392,56433
8,1,unpadded,stream-content,signed,false,8388608,pattern,1,17346.255,4831.508,22470.409,8406880
8,1,unpadded,stream,plain,true,8388608,pattern,1,207.863,3139.527,3371.801,45609
8,1,unpadded,stream,encrypted-signed,true,8388608,pattern,1,932.658,3015.594,3970.013,56224
8,1,unpadded,stream-content,encrypted-signed,true,8388608,pattern,1,906.147,2831.271,3754.899,56224
8,1,unpadded,range,signed,false,8388608,pattern,1,14975.143,1024.658,16217.855,8406880
8,1,unpadded,stream,plain,false,8388608,pattern,1,166.883,9946.531,10390.839,8392070
8,1,unpadded,stream,signed,true,8388608,pattern,1,7738.220,3038.466,10803.466,56433
8,1,unpadded,stream-content,plain,false,8388608,pattern,1,179.923,10348.658,10843.757,8392070
8,1,unpadded,stream-content,encrypted,true,8388608,pattern,1,220.754,3069.376,3312.000,45459
8,1,unpadded,stream-content,plain,true,8388608,pattern,1,191.413,2844.362,3052.425,45609
8,1,unpadded,whole,encrypted-signed,true,8388608,pattern,1,925.927,7726.170,8689.968,56224
8,1,unpadded,whole,encrypted-signed,false,8388608,pattern,1,949.897,20360.710,23891.884,8406656
8,1,unpadded,stream,signed,false,8388608,pattern,1,19301.411,4601.754,24149.610,8406880
8,1,unpadded,range,signed,true,8388608,pattern,1,7776.702,673.052,8465.514,56433
8,1,unpadded,stream-content,encrypted-signed,false,8388608,pattern,1,884.226,14156.037,17071.940,8406656
8,1,unpadded,range,plain,true,8388608,pattern,1,211.044,2164.749,2389.864,45609
8,1,unpadded,range,plain,false,8388608,pattern,1,162.353,7996.055,8367.602,8392070
8,1,unpadded,stream,encrypted,false,8388608,pattern,1,199.864,13761.210,15944.490,8391910
8,1,unpadded,whole,encrypted,false,8388608,pattern,1,206.744,24642.258,27369.838,8391910
8,1,unpadded,stream,encrypted-signed,false,8388608,pattern,1,964.898,18162.490,21127.395,8406656
8,1,unpadded,whole,plain,true,8388608,pattern,1,206.893,11962.288,12207.992,45609
8,1,unpadded,range,encrypted,true,8388608,pattern,1,232.824,781.214,1025.368,45459
8,1,unpadded,whole,signed,false,8388608,pattern,1,14788.479,12549.388,29624.659,8406880
8,1,unpadded,stream-content,encrypted,false,8388608,pattern,1,228.495,18260.162,20483.413,8391910
8,1,unpadded,whole,plain,false,8388608,pattern,1,186.943,22355.777,24504.816,8392070
8,1,unpadded,range,encrypted,false,8388608,pattern,1,229.214,11251.394,13272.291,8391910
8,1,unpadded,whole,encrypted,true,8388608,pattern,1,225.444,11847.976,12109.820,45459
8,1,unpadded,whole,signed,true,8388608,pattern,1,7719.570,7225.922,14979.813,56433
8,1,unpadded,range,encrypted-signed,false,8388608,pattern,1,933.147,8577.136,11568.761,8406656
8,1,unpadded,range,signed,true,8388608,pattern,2,9335.609,680.363,10035.282,56433
8,1,unpadded,stream,encrypted,false,8388608,pattern,2,195.433,16959.319,19221.950,8391910
8,1,unpadded,stream,encrypted,true,8388608,pattern,2,238.855,5378.097,5646.983,45459
8,1,unpadded,whole,encrypted-signed,false,8388608,pattern,2,1001.388,23458.377,26935.470,8406656
8,1,unpadded,whole,plain,true,8388608,pattern,2,228.404,12300.164,12569.118,45609
8,1,unpadded,stream-content,plain,false,8388608,pattern,2,200.224,10273.397,10809.357,8392070
8,1,unpadded,stream,encrypted-signed,false,8388608,pattern,2,925.047,13837.341,16741.104,8406656
8,1,unpadded,stream-content,signed,true,8388608,pattern,2,9201.447,2900.763,12125.581,56433
8,1,unpadded,stream,plain,false,8388608,pattern,2,179.184,13074.707,13519.856,8392070
8,1,unpadded,range,encrypted,true,8388608,pattern,2,222.074,738.003,971.048,45459
8,1,unpadded,whole,signed,true,8388608,pattern,2,7632.469,7397.435,15067.054,56433
8,1,unpadded,whole,encrypted,true,8388608,pattern,2,228.634,7393.845,7656.839,45459
8,1,unpadded,stream-content,encrypted-signed,true,8388608,pattern,2,943.977,2979.564,3946.622,56224
8,1,unpadded,whole,encrypted,false,8388608,pattern,2,197.243,20416.112,23129.390,8391910
8,1,unpadded,stream-content,encrypted,true,8388608,pattern,2,238.105,4500.231,4759.017,45459
8,1,unpadded,stream,encrypted-signed,true,8388608,pattern,2,920.007,3779.939,4724.476,56224
8,1,unpadded,range,encrypted,false,8388608,pattern,2,192.683,10622.264,12648.660,8391910
8,1,unpadded,stream-content,encrypted,false,8388608,pattern,2,220.534,18229.961,20449.462,8391910
8,1,unpadded,whole,plain,false,8388608,pattern,2,186.973,22600.021,24753.000,8392070
8,1,unpadded,range,encrypted-signed,true,8388608,pattern,2,960.077,813.735,1787.462,56224
8,1,unpadded,range,signed,false,8388608,pattern,2,17792.974,1019.268,19026.966,8406880
8,1,unpadded,range,encrypted-signed,false,8388608,pattern,2,895.116,8294.611,11034.660,8406656
8,1,unpadded,whole,signed,false,8388608,pattern,2,19202.900,12477.987,33987.728,8406880
8,1,unpadded,stream-content,signed,false,8388608,pattern,2,19255.431,4828.408,24375.364,8406880
8,1,unpadded,range,plain,true,8388608,pattern,2,206.613,781.155,999.258,45609
8,1,unpadded,stream,signed,true,8388608,pattern,2,7635.889,3064.306,10726.715,56433
8,1,unpadded,stream-content,encrypted-signed,false,8388608,pattern,2,916.447,14206.488,17146.072,8406656
8,1,unpadded,stream,plain,true,8388608,pattern,2,207.654,5318.186,5555.501,45609
8,1,unpadded,whole,encrypted-signed,true,8388608,pattern,2,939.697,9820.588,10801.746,56224
8,1,unpadded,stream,signed,false,8388608,pattern,2,14990.343,4591.303,19828.341,8406880
8,1,unpadded,stream-content,plain,true,8388608,pattern,2,207.303,2961.104,3189.958,45609
8,1,unpadded,range,plain,false,8388608,pattern,2,176.573,5094.273,5437.499,8392070
8,2,unpadded,stream,encrypted,true,8388608,pattern,1,219.664,5300.536,5547.460,45459
8,2,unpadded,range,encrypted-signed,true,8388608,pattern,1,933.017,724.533,1668.720,56224
8,2,unpadded,stream-content,signed,true,8388608,pattern,1,7706.370,2828.511,10554.512,56433
8,2,unpadded,stream-content,signed,false,8388608,pattern,1,17183.843,4788.507,22265.335,8406880
8,2,unpadded,stream,plain,true,8388608,pattern,1,204.884,3095.686,3322.940,45609
8,2,unpadded,stream,encrypted-signed,true,8388608,pattern,1,943.317,3018.955,3984.092,56224
8,2,unpadded,stream-content,encrypted-signed,true,8388608,pattern,1,911.547,2859.182,3787.399,56224
8,2,unpadded,range,signed,false,8388608,pattern,1,15259.698,1029.539,16647.783,8406880
8,2,unpadded,stream,plain,false,8388608,pattern,1,192.814,10471.280,10953.669,8392070
8,2,unpadded,stream,signed,true,8388608,pattern,1,7660.080,2987.064,10674.765,56433
8,2,unpadded,stream-content,plain,false,8388608,pattern,1,181.203,10354.209,10855.748,8392070
8,2,unpadded,stream-content,encrypted,true,8388608,pattern,1,220.384,2969.034,3208.088,45459
8,2,unpadded,stream-content,plain,true,8388608,pattern,1,183.954,2796.521,2995.795,45609
8,2,unpadded,whole,encrypted-signed,true,8388608,pattern,1,904.467,7489.856,8428.304,56224
8,2,unpadded,whole,encrypted-signed,false,8388608,pattern,1,927.177,20626.475,24088.489,8406656
8,2,unpadded,stream,signed,false,8388608,pattern,1,19486.934,4630.694,24382.963,8406880
8,2,unpadded,range,signed,true,8388608,pattern,1,7792.602,679.032,8486.884,56433
8,2,unpadded,stream-content,encrypted-signed,false,8388608,pattern,1,886.886,14133.677,17042.660,8406656
8,2,unpadded,range,plain,true,8388608,pattern,1,220.444,2161.370,2395.654,45609
8,2,unpadded,range,plain,false,8388608,pattern,1,165.603,8018.395,8405.062,8392070
8,2,unpadded,stream,encrypted,false,8388608,pattern,1,199.714,13837.821,16021.421,8391910
8,2,unpadded,whole,encrypted,false,8388608,pattern,1,208.914,24754.980,27508.471,8391910
8,2,unpadded,stream,encrypted-signed,false,8388608,pattern,1,951.287,18141.860,21088.493,8406656
8,2,unpadded,whole,plain,true,8388608,pattern,1,206.614,11965.397,12212.522,45609
8,2,unpadded,range,encrypted,true,8388608,pattern,1,236.504,775.284,1022.459,45459
8,2,unpadded,whole,signed,false,8388608,pattern,1,14877.041,12712.131,29904.444,8406880
8,2,unpadded,stream-content,encrypted,false,8388608,pattern,1,244.874,18451.046,20714.867,8391910
8,2,unpadded,whole,plain,false,8388608,pattern,1,188.294,22596.751,24750.881,8392070
8,2,unpadded,range,encrypted,false,8388608,pattern,1,233.204,11436.618,13491.475,8391910
8,2,unpadded,whole,encrypted,true,8388608,pattern,1,234.044,12133.331,12406.206,45459
8,2,unpadded,whole,signed,true,8388608,pattern,1,7730.431,7243.172,15011.163,56433
8,2,unpadded,range,encrypted-signed,false,8388608,pattern,1,936.787,8395.133,11236.645,8406656
8,2,unpadded,range,signed,true,8388608,pattern,2,9115.695,731.194,9862.109,56433
8,2,unpadded,stream,encrypted,false,8388608,pattern,2,187.474,16769.075,19006.266,8391910
8,2,unpadded,stream,encrypted,true,8388608,pattern,2,225.924,5368.488,5626.342,45459
8,2,unpadded,whole,encrypted-signed,false,8388608,pattern,2,930.207,22714.253,26178.796,8406656
8,2,unpadded,whole,plain,true,8388608,pattern,2,223.644,12037.969,12299.464,45609
8,2,unpadded,stream-content,plain,false,8388608,pattern,2,212.344,10228.845,10759.215,8392070
8,2,unpadded,stream,encrypted-signed,false,8388608,pattern,2,918.847,13734.820,16729.714,8406656
8,2,unpadded,stream-content,signed,true,8388608,pattern,2,9179.067,2885.743,12090.440,56433
8,2,unpadded,stream,plain,false,8388608,pattern,2,184.513,13194.880,13655.488,8392070
8,2,unpadded,range,encrypted,true,8388608,pattern,2,219.284,755.584,986.358,45459
8,2,unpadded,whole,signed,true,8388608,pattern,2,7683.930,7412.845,15136.106,56433
8,2,unpadded,whole,encrypted,true,8388608,pattern,2,226.504,7479.637,7741.701,45459
8,2,unpadded,stream-content,encrypted-signed,true,8388608,pattern,2,942.097,2979.744,3945.602,56224
8,2,unpadded,whole,encrypted,false,8388608,pattern,2,195.904,20749.757,23536.078,8391910
8,2,unpadded,stream-content,encrypted,true,8388608,pattern,2,257.845,4541.803,4823.158,45459
8,2,unpadded,stream,encrypted-signed,true,8388608,pattern,2,925.357,3794.349,4744.476,56224
8,2,unpadded,range,encrypted,false,8388608,pattern,2,192.793,10634.814,12714.631,8391910
8,2,unpadded,stream-content,encrypted,false,8388608,pattern,2,215.124,18263.902,20483.112,8391910
8,2,unpadded,whole,plain,false,8388608,pattern,2,189.424,22433.088,24580.457,8392070
8,2,unpadded,range,encrypted-signed,true,8388608,pattern,2,962.318,822.804,1799.693,56224
8,2,unpadded,range,signed,false,8388608,pattern,2,17768.623,1019.749,19004.266,8406880
8,2,unpadded,range,encrypted-signed,false,8388608,pattern,2,891.257,8349.942,11091.752,8406656
8,2,unpadded,whole,signed,false,8388608,pattern,2,19283.071,12508.657,34092.870,8406880
8,2,unpadded,stream-content,signed,false,8388608,pattern,2,19411.083,4810.377,24503.605,8406880
8,2,unpadded,range,plain,true,8388608,pattern,2,212.394,798.975,1023.729,45609
8,2,unpadded,stream,signed,true,8388608,pattern,2,7640.849,3004.825,10668.864,56433
8,2,unpadded,stream-content,encrypted-signed,false,8388608,pattern,2,900.936,14116.847,17037.000,8406656
8,2,unpadded,stream,plain,true,8388608,pattern,2,211.734,5326.497,5567.872,45609
8,2,unpadded,whole,encrypted-signed,true,8388608,pattern,2,939.557,10402.729,11378.876,56224
8,2,unpadded,stream,signed,false,8388608,pattern,2,15176.206,4594.224,20027.564,8406880
8,2,unpadded,stream-content,plain,true,8388608,pattern,2,216.354,2993.415,3230.789,45609
8,2,unpadded,range,plain,false,8388608,pattern,2,181.353,5145.314,5501.800,8392070
8,3,padded,stream,encrypted,true,8388608,pattern,1,255.545,5615.732,5908.227,312704
8,3,padded,range,encrypted-signed,true,8388608,pattern,1,1024.229,755.273,1792.083,322944
8,3,padded,stream-content,signed,true,8388608,pattern,1,7843.383,3210.278,11087.662,322944
8,3,padded,stream-content,signed,false,8388608,pattern,1,17924.486,4938.810,23167.072,8673664
8,3,padded,stream,plain,true,8388608,pattern,1,220.944,3236.198,3484.203,312704
8,3,padded,stream,encrypted-signed,true,8388608,pattern,1,984.208,3070.536,4076.444,322944
8,3,padded,stream-content,encrypted-signed,true,8388608,pattern,1,934.706,2941.094,3893.100,322944
8,3,padded,range,signed,false,8388608,pattern,1,15217.657,1070.229,16549.111,8673664
8,3,padded,stream,plain,false,8388608,pattern,1,181.214,10041.912,10510.631,8659328
8,3,padded,stream,signed,true,8388608,pattern,1,7729.791,3055.775,10813.297,322944
8,3,padded,stream-content,plain,false,8388608,pattern,1,190.883,10651.644,11207.643,8659328
8,3,padded,stream-content,encrypted,true,8388608,pattern,1,243.805,2998.674,3259.789,312704
8,3,padded,stream-content,plain,true,8388608,pattern,1,185.283,2834.392,3036.965,312704
8,3,padded,whole,encrypted-signed,true,8388608,pattern,1,951.157,7780.111,8772.009,322944
8,3,padded,whole,encrypted-signed,false,8388608,pattern,1,945.457,20646.276,24177.880,8673664
8,3,padded,stream,signed,false,8388608,pattern,1,19520.805,4684.815,24468.585,8673664
8,3,padded,range,signed,true,8388608,pattern,1,7809.182,671.472,8493.754,322944
8,3,padded,stream-content,encrypted-signed,false,8388608,pattern,1,868.176,13977.004,16912.728,8673664
8,3,padded,range,plain,true,8388608,pattern,1,219.824,2223.970,2459.595,312704
8,3,padded,range,plain,false,8388608,pattern,1,182.393,8066.977,8521.235,8659328
8,3,padded,stream,encrypted,false,8388608,pattern,1,217.893,13886.633,16148.233,8659328
8,3,padded,whole,encrypted,false,8388608,pattern,1,213.914,24924.563,27696.704,8659328
8,3,padded,stream,encrypted-signed,false,8388608,pattern,1,972.837,18204.632,21228.766,8673664
8,3,padded,whole,plain,true,8388608,pattern,1,211.243,12186.172,12438.096,312704
8,3,padded,range,encrypted,true,8388608,pattern,1,249.424,802.945,1063.569,312704
8,3,padded,whole,signed,false,8388608,pattern,1,15016.983,12564.729,29529.537,8673664
8,3,padded,stream-content,encrypted,false,8388608,pattern,1,229.675,17831.684,20162.007,8659328
8,3,padded,whole,plain,false,8388608,pattern,1,206.704,23612.299,25852.640,8659328
8,3,padded,range,encrypted,false,8388608,pattern,1,236.884,11869.106,14033.175,8659328
8,3,padded,whole,encrypted,true,8388608,pattern,1,247.755,12678.930,12968.806,312704
8,3,padded,whole,signed,true,8388608,pattern,1,8017.646,7488.756,15546.312,322944
8,3,padded,range,encrypted-signed,false,8388608,pattern,1,938.447,8399.293,11200.234,8673664
8,3,padded,range,signed,true,8388608,pattern,2,9214.198,672.932,9905.080,322944
8,3,padded,stream,encrypted,false,8388608,pattern,2,187.683,17272.634,19431.733,8659328
8,3,padded,stream,encrypted,true,8388608,pattern,2,234.704,5398.569,5661.533,312704
8,3,padded,whole,encrypted-signed,false,8388608,pattern,2,947.407,23426.596,26947.400,8673664
8,3,padded,whole,plain,true,8388608,pattern,2,235.204,12086.380,12359.834,312704
8,3,padded,stream-content,plain,false,8388608,pattern,2,215.434,10260.547,10811.327,8659328
8,3,padded,stream,encrypted-signed,false,8388608,pattern,2,926.496,13952.904,16901.307,8673664
8,3,padded,stream-content,signed,true,8388608,pattern,2,9192.567,2950.363,12168.971,322944
8,3,padded,stream,plain,false,8388608,pattern,2,193.593,13274.492,13757.270,8659328
8,3,padded,range,encrypted,true,8388608,pattern,2,229.914,746.343,987.278,312704
8,3,padded,whole,signed,true,8388608,pattern,2,7754.711,7511.886,15307.198,322944
8,3,padded,whole,encrypted,true,8388608,pattern,2,245.324,7674.770,7960.895,312704
8,3,padded,stream-content,encrypted-signed,true,8388608,pattern,2,981.088,3029.205,4033.103,322944
8,3,padded,whole,encrypted,false,8388608,pattern,2,198.573,20694.036,23407.765,8659328
8,3,padded,stream-content,encrypted,true,8388608,pattern,2,258.855,4601.544,4886.979,312704
8,3,padded,stream,encrypted-signed,true,8388608,pattern,2,955.327,3832.100,4811.207,322944
8,3,padded,range,encrypted,false,8388608,pattern,2,199.453,10622.723,12670.370,8659328
8,3,padded,stream-content,encrypted,false,8388608,pattern,2,219.454,18582.958,20984.812,8659328
8,3,padded,whole,plain,false,8388608,pattern,2,207.104,22601.021,24798.851,8659328
8,3,padded,range,encrypted-signed,true,8388608,pattern,2,985.068,821.995,1821.873,322944
8,3,padded,range,signed,false,8388608,pattern,2,18025.368,1021.608,19281.101,8673664
8,3,padded,range,encrypted-signed,false,8388608,pattern,2,891.866,8416.153,11208.823,8673664
8,3,padded,whole,signed,false,8388608,pattern,2,19313.811,12628.710,33930.717,8673664
8,3,padded,stream-content,signed,false,8388608,pattern,2,18034.378,4865.658,23203.042,8673664
8,3,padded,range,plain,true,8388608,pattern,2,219.664,781.814,1012.908,312704
8,3,padded,stream,signed,true,8388608,pattern,2,7687.850,3063.186,10782.126,322944
8,3,padded,stream-content,encrypted-signed,false,8388608,pattern,2,910.417,14272.009,17268.644,8673664
8,3,padded,stream,plain,true,8388608,pattern,2,238.024,5343.188,5609.772,312704
8,3,padded,whole,encrypted-signed,true,8388608,pattern,2,956.877,9951.821,10955.669,322944
8,3,padded,stream,signed,false,8388608,pattern,2,15065.684,4586.003,19918.992,8673664
8,3,padded,stream-content,plain,true,8388608,pattern,2,215.254,2960.094,3195.728,312704
8,3,padded,range,plain,false,8388608,pattern,2,193.053,5129.513,5510.070,8659328
9,0,unpadded,stream,plain,false,8388608,pattern,1,192.664,10149.364,10617.943,8392070
9,0,unpadded,whole,signed,true,8388608,pattern,1,7705.380,7401.995,15145.385,56433
9,0,unpadded,whole,plain,false,8388608,pattern,1,200.664,18256.182,20421.472,8392070
9,0,unpadded,whole,encrypted,true,8388608,pattern,1,246.385,10711.575,11004.521,45459
9,0,unpadded,stream,plain,true,8388608,pattern,1,217.484,3071.276,3315.831,45609
9,0,unpadded,range,plain,true,8388608,pattern,1,191.044,712.803,914.107,45609
9,0,unpadded,range,encrypted-signed,true,8388608,pattern,1,913.347,710.973,1635.150,56224
9,0,unpadded,stream,encrypted,false,8388608,pattern,1,178.594,14037.145,16244.306,8391910
9,0,unpadded,whole,plain,true,8388608,pattern,1,210.333,12086.440,12336.084,45609
9,0,unpadded,stream,signed,true,8388608,pattern,1,7985.005,3116.637,11138.292,56433
9,0,unpadded,whole,signed,false,8388608,pattern,1,15063.924,12770.222,30158.719,8406880
9,0,unpadded,stream-content,encrypted-signed,true,8388608,pattern,1,959.788,4542.792,5527.971,56224
9,0,unpadded,range,signed,false,8388608,pattern,1,17923.486,1019.749,19178.039,8406880
9,0,unpadded,stream,encrypted-signed,false,8388608,pattern,1,902.816,13741.370,16721.924,8406656
9,0,unpadded,stream-content,plain,false,8388608,pattern,1,194.343,14703.397,15213.086,8392070
9,0,unpadded,range,encrypted,false,8388608,pattern,1,206.244,8271.180,10344.668,8391910
9,0,unpadded,whole,encrypted,false,8388608,pattern,1,215.984,24801.991,27533.200,8391910
9,0,unpadded,range,encrypted,true,8388608,pattern,1,239.045,2367.883,2628.638,45459
9,0,unpadded,range,plain,false,8388608,pattern,1,168.823,7910.434,8288.861,8392070
9,0,unpadded,stream-content,plain,true,8388608,pattern,1,182.803,2994.804,3201.568,45609
9,0,unpadded,stream,encrypted-signed,true,8388608,pattern,1,925.007,3027.295,3975.483,56224
9,0,unpadded,stream-content,encrypted,true,8388608,pattern,1,206.584,2813.331,3035.696,45459
9,0,unpadded,stream-content,signed,false,8388608,pattern,1,15153.005,4809.358,20250.688,8406880
9,0,unpadded,stream-content,encrypted-signed,false,8388608,pattern,1,928.007,14027.555,16976.919,8406656
9,0,unpadded,stream,encrypted,true,8388608,pattern,1,222.195,5364.237,5613.602,45459
9,0,unpadded,stream-content,encrypted,false,8388608,pattern,1,253.435,16306.426,18552.007,8391910
9,0,unpadded,range,signed,true,8388608,pattern,1,9194.857,669.993,9885.070,56433
9,0,unpadded,range,encrypted-signed,false,8388608,pattern,1,883.306,11360.467,14095.357,8406656
9,0,unpadded,whole,encrypted-signed,false,8388608,pattern,1,933.057,24817.322,28273.284,8406656
9,0,unpadded,stream,signed,false,8388608,pattern,1,19612.407,4589.453,24447.115,8406880
9,0,unpadded,stream-content,signed,true,8388608,pattern,1,7788.731,2861.582,10675.784,56433
9,0,unpadded,whole,encrypted-signed,true,8388608,pattern,1,928.026,7656.539,8625.446,56224
9,0,unpadded,stream-content,plain,false,8388608,pattern,2,200.264,10342.838,10884.468,8392070
9,0,unpadded,stream-content,encrypted,true,8388608,pattern,2,221.714,2972.454,3213.888,45459
9,0,unpadded,stream,encrypted,true,8388608,pattern,2,203.183,2980.315,3206.668,45459
9,0,unpadded,whole,signed,true,8388608,pattern,2,7739.231,7619.209,15389.220,56433
9,0,unpadded,stream,plain,true,8388608,pattern,2,203.784,3121.837,3345.581,45609
9,0,unpadded,stream-content,signed,false,8388608,pattern,2,14956.281,4806.078,20048.334,8406880
9,0,unpadded,range,encrypted,false,8388608,pattern,2,213.784,8470.014,10558.802,8391910
9,0,unpadded,whole,encrypted-signed,false,8388608,pattern,2,939.817,24809.091,28356.115,8406656
9,0,unpadded,whole,plain,false,8388608,pattern,2,209.234,22391.327,24556.516,8392070
9,0,unpadded,stream-content,encrypted-signed,true,8388608,pattern,2,962.118,3118.466,4102.485,56224
9,0,unpadded,stream-content,signed,true,8388608,pattern,2,7741.201,2812.711,10576.313,56433
9,0,unpadded,range,signed,false,8388608,pattern,2,18232.932,1023.148,19494.855,8406880
9,0,unpadded,range,encrypted-signed,false,8388608,pattern,2,913.287,8392.183,11177.654,8406656
9,0,unpadded,whole,signed,false,8388608,pattern,2,19381.342,12607.559,34310.723,8406880
9,0,unpadded,range,signed,true,8388608,pattern,2,9262.269,719.753,10003.522,56433
9,0,unpadded,whole,plain,true,8388608,pattern,2,176.894,10738.935,10963.490,45609
9,0,unpadded,whole,encrypted,true,8388608,pattern,2,234.885,7500.866,7776.872,45459
9,0,unpadded,range,encrypted,true,8388608,pattern,2,231.174,786.614,1028.868,45459
9,0,unpadded,stream,signed,false,8388608,pattern,2,14887.710,4607.714,19745.759,8406880
9,0,unpadded,stream,encrypted-signed,true,8388608,pattern,2,944.978,3097.846,4069.614,56224
9,0,unpadded,stream,plain,false,8388608,pattern,2,187.894,10165.294,10642.994,8392070
9,0,unpadded,stream-content,encrypted-signed,false,8388608,pattern,2,943.467,14008.204,16958.448,8406656
9,0,unpadded,stream-content,plain,true,8388608,pattern,2,208.433,4429.351,4701.525,45609
9,0,unpadded,range,plain,false,8388608,pattern,2,254.465,8085.087,8550.815,8392070
9,0,unpadded,stream,encrypted-signed,false,8388608,pattern,2,915.977,13915.603,16854.946,8406656
9,0,unpadded,stream-content,encrypted,false,8388608,pattern,2,217.884,18647.579,20876.100,8391910
9,0,unpadded,whole,encrypted-signed,true,8388608,pattern,2,947.027,12148.831,13142.018,56224
9,0,unpadded,stream,encrypted,false,8388608,pattern,2,223.684,13908.083,16168.774,8391910
9,0,unpadded,whole,encrypted,false,8388608,pattern,2,216.454,24997.284,27683.823,8391910
9,0,unpadded,range,encrypted-signed,true,8388608,pattern,2,1018.449,2352.862,3390.882,56224
9,0,unpadded,range,plain,true,8388608,pattern,2,175.763,710.973,897.447,45609
9,0,unpadded,stream,signed,true,8388608,pattern,2,7699.960,3903.671,11637.721,56433
9,1,padded,stream,plain,false,8388608,pattern,1,211.734,10051.702,10532.291,8659328
9,1,padded,whole,signed,true,8388608,pattern,1,7812.442,7506.456,15358.089,322944
9,1,padded,whole,plain,false,8388608,pattern,1,211.934,18145.250,20306.749,8659328
9,1,padded,whole,encrypted,true,8388608,pattern,1,252.614,10711.595,11007.190,312704
9,1,padded,stream,plain,true,8388608,pattern,1,215.884,3149.337,3392.881,312704
9,1,padded,range,plain,true,8388608,pattern,1,203.084,721.953,935.357,312704
9,1,padded,range,encrypted-signed,true,8388608,pattern,1,932.637,726.174,1669.841,322944
9,1,padded,stream,encrypted,false,8388608,pattern,1,181.343,13830.432,16050.442,8659328
9,1,padded,whole,plain,true,8388608,pattern,1,219.824,12214.202,12482.486,312704
9,1,padded,stream,signed,true,8388608,pattern,1,7837.663,2995.664,10864.668,322944
9,1,padded,whole,signed,false,8388608,pattern,1,15068.533,12544.138,29523.466,8673664
9,1,padded,stream-content,encrypted-signed,true,8388608,pattern,1,980.328,3074.016,4074.544,322944
9,1,padded,range,signed,false,8388608,pattern,1,18012.277,1019.728,19275.560,8673664
9,1,padded,stream,encrypted-signed,false,8388608,pattern,1,943.507,13809.161,16715.333,8673664
9,1,padded,stream-content,plain,false,8388608,pattern,1,192.634,14933.791,15471.291,8659328
9,1,padded,range,encrypted,false,8388608,pattern,1,206.744,8264.040,10300.667,8659328
9,1,padded,whole,encrypted,false,8388608,pattern,1,207.384,24588.627,27262.856,8659328
9,1,padded,range,encrypted,true,8388608,pattern,1,260.145,2268.501,2546.147,312704
9,1,padded,range,plain,false,8388608,pattern,1,172.363,8034.386,8420.433,8659328
9,1,padded,stream-content,plain,true,8388608,pattern,1,204.304,3071.495,3302.050,312704
9,1,padded,stream,encrypted-signed,true,8388608,pattern,1,971.627,3031.775,4026.073,322944
9,1,padded,stream-content,encrypted,true,8388608,pattern,1,214.184,2850.102,3080.186,312704
9,1,padded,stream-content,signed,false,8388608,pattern,1,15211.476,4921.380,20504.622,8673664
9,1,padded,stream-content,encrypted-signed,false,8388608,pattern,1,931.927,14164.058,17261.874,8673664
9,1,padded,stream,encrypted,true,8388608,pattern,1,251.284,5498.050,5788.475,312704
9,1,padded,stream-content,encrypted,false,8388608,pattern,1,224.484,17338.825,19690.288,8659328
9,1,padded,range,signed,true,8388608,pattern,1,9719.647,738.203,10500.381,322944
9,1,padded,range,encrypted-signed,false,8388608,pattern,1,973.108,11629.371,14449.243,8673664
9,1,padded,whole,encrypted-signed,false,8388608,pattern,1,949.808,25331.700,28768.203,8673664
9,1,padded,stream,signed,false,8388608,pattern,1,19665.648,4716.145,24629.968,8673664
9,1,padded,stream-content,signed,true,8388608,pattern,1,8037.436,2922.123,10991.830,322944
9,1,padded,whole,encrypted-signed,true,8388608,pattern,1,945.107,7631.439,8618.277,322944
9,1,padded,stream-content,plain,false,8388608,pattern,2,204.853,10400.789,10952.829,8659328
9,1,padded,stream-content,encrypted,true,8388608,pattern,2,232.004,3031.765,3285.239,312704
9,1,padded,stream,encrypted,true,8388608,pattern,2,211.764,3076.006,3307.680,312704
9,1,padded,whole,signed,true,8388608,pattern,2,7734.010,7493.406,15267.837,322944
9,1,padded,stream,plain,true,8388608,pattern,2,219.154,3098.546,3343.521,312704
9,1,padded,stream-content,signed,false,8388608,pattern,2,15024.624,4931.359,20267.179,8673664
9,1,padded,range,encrypted,false,8388608,pattern,2,217.444,8409.992,10477.300,8659328
9,1,padded,whole,encrypted-signed,false,8388608,pattern,2,1000.528,25589.905,29284.052,8673664
9,1,padded,whole,plain,false,8388608,pattern,2,213.754,22912.676,25223.378,8659328
9,1,padded,stream-content,encrypted-signed,true,8388608,pattern,2,1005.338,3310.640,4360.759,322944
9,1,padded,stream-content,signed,true,8388608,pattern,2,8146.358,2956.724,11133.612,322944
9,1,padded,range,signed,false,8388608,pattern,2,18672.899,1034.629,20080.925,8673664
9,1,padded,range,encrypted-signed,false,8388608,pattern,2,979.388,9123.546,12118.110,8673664
9,1,padded,whole,signed,false,8388608,pattern,2,19883.071,12647.260,34488.277,8673664
9,1,padded,range,signed,true,8388608,pattern,2,7902.723,671.273,8589.206,322944
9,1,padded,whole,plain,true,8388608,pattern,2,181.784,10679.094,10902.658,312704
9,1,padded,whole,encrypted,true,8388608,pattern,2,267.755,7553.467,7861.303,312704
9,1,padded,range,encrypted,true,8388608,pattern,2,238.294,792.885,1042.879,312704
9,1,padded,stream,signed,false,8388608,pattern,2,15063.954,4678.685,20019.154,8673664
9,1,padded,stream,encrypted-signed,true,8388608,pattern,2,979.718,3261.629,4274.678,322944
9,1,padded,stream,plain,false,8388608,pattern,2,196.524,10375.359,10853.438,8659328
9,1,padded,stream-content,encrypted-signed,false,8388608,pattern,2,917.257,14151.147,17068.171,8673664
9,1,padded,stream-content,plain,true,8388608,pattern,2,216.454,4583.824,4843.028,312704
9,1,padded,range,plain,false,8388608,pattern,2,188.764,8348.291,8797.270,8659328
9,1,padded,stream,encrypted-signed,false,8388608,pattern,2,945.367,14733.148,17833.414,8673664
9,1,padded,stream-content,encrypted,false,8388608,pattern,2,244.844,20111.676,22354.576,8659328
9,1,padded,whole,encrypted-signed,true,8388608,pattern,2,974.558,12236.672,13254.861,322944
9,1,padded,stream,encrypted,false,8388608,pattern,2,226.084,13732.709,15905.429,8659328
9,1,padded,whole,encrypted,false,8388608,pattern,2,209.733,24747.400,27454.269,8659328
9,1,padded,range,encrypted-signed,true,8388608,pattern,2,984.137,2296.532,3297.089,322944
9,1,padded,range,plain,true,8388608,pattern,2,172.603,715.413,898.706,312704
9,1,padded,stream,signed,true,8388608,pattern,2,7645.229,3881.620,11554.770,322944
9,2,padded,stream,plain,false,8388608,pattern,1,205.454,10043.582,10524.151,8659328
9,2,padded,whole,signed,true,8388608,pattern,1,7850.883,7509.336,15401.280,322944
9,2,padded,whole,plain,false,8388608,pattern,1,207.433,18211.811,20370.070,8659328
9,2,padded,whole,encrypted,true,8388608,pattern,1,259.414,10858.568,11165.432,312704
9,2,padded,stream,plain,true,8388608,pattern,1,217.414,3176.088,3423.823,312704
9,2,padded,range,plain,true,8388608,pattern,1,210.764,732.743,954.738,312704
9,2,padded,range,encrypted-signed,true,8388608,pattern,1,941.467,723.233,1675.890,322944
9,2,padded,stream,encrypted,false,8388608,pattern,1,185.023,13884.242,16134.473,8659328
9,2,padded,whole,plain,true,8388608,pattern,1,215.694,12261.652,12519.857,312704
9,2,padded,stream,signed,true,8388608,pattern,1,7851.573,3031.005,10915.538,322944
9,2,padded,whole,signed,false,8388608,pattern,1,15035.443,12627.950,29621.278,8673664
9,2,padded,stream-content,encrypted-signed,true,8388608,pattern,1,1538.748,4686.416,6272.424,322944
9,2,padded,range,signed,false,8388608,pattern,1,20809.538,1040.679,22208.954,8673664
9,2,padded,stream,encrypted-signed,false,8388608,pattern,1,981.288,13953.193,16907.947,8673664
9,2,padded,stream-content,plain,false,8388608,pattern,1,201.183,14787.579,15308.618,8659328
9,2,padded,range,encrypted,false,8388608,pattern,1,208.214,8305.170,10337.977,8659328
9,2,padded,whole,encrypted,false,8388608,pattern,1,212.724,24906.703,27597.262,8659328
9,2,padded,range,encrypted,true,8388608,pattern,1,284.636,2273.011,2575.577,312704
9,2,padded,range,plain,false,8388608,pattern,1,170.333,7887.553,8261.750,8659328
9,2,padded,stream-content,plain,true,8388608,pattern,1,190.904,3006.614,3218.869,312704
9,2,padded,stream,encrypted-signed,true,8388608,pattern,1,957.028,2977.404,3954.202,322944
9,2,padded,stream-content,encrypted,true,8388608,pattern,1,217.024,2861.622,3116.896,312704
9,2,padded,stream-content,signed,false,8388608,pattern,1,15184.426,4794.657,20288.039,8673664
9,2,padded,stream-content,encrypted-signed,false,8388608,pattern,1,940.128,14122.556,17061.040,8673664
9,2,padded,stream,encrypted,true,8388608,pattern,1,241.755,5372.977,5644.063,312704
9,2,padded,stream-content,encrypted,false,8388608,pattern,1,208.094,17069.480,19370.082,8659328
9,2,padded,range,signed,true,8388608,pattern,1,9403.991,707.903,10132.384,322944
9,2,padded,range,encrypted-signed,false,8388608,pattern,1,898.866,11372.877,14080.456,8673664
9,2,padded,whole,encrypted-signed,false,8388608,pattern,1,941.887,25084.226,28545.209,8673664
9,2,padded,stream,signed,false,8388608,pattern,1,19792.330,4694.555,24758.130,8673664
9,2,padded,stream-content,signed,true,8388608,pattern,1,7835.383,2883.722,10748.586,322944
9,2,padded,whole,encrypted-signed,true,8388608,pattern,1,934.847,7614.829,8588.577,322944
9,2,padded,stream-content,plain,false,8388608,pattern,2,204.254,10334.788,10882.638,8659328
9,2,padded,stream-content,encrypted,true,8388608,pattern,2,235.544,2993.465,3247.259,312704
9,2,padded,stream,encrypted,true,8388608,pattern,2,209.014,2989.634,3219.119,312704
9,2,padded,whole,signed,true,8388608,pattern,2,7726.481,7453.305,15217.467,322944
9,2,padded,stream,plain,true,8388608,pattern,2,213.454,3086.296,3325.240,312704
9,2,padded,stream-content,signed,false,8388608,pattern,2,15061.034,4798.947,20150.066,8673664
9,2,padded,range,encrypted,false,8388608,pattern,2,233.104,8203.919,10289.647,8659328
9,2,padded,whole,encrypted-signed,false,8388608,pattern,2,928.037,24680.749,28106.361,8673664
9,2,padded,whole,plain,false,8388608,pattern,2,219.004,22403.247,24615.487,8659328
9,2,padded,stream-content,encrypted-signed,true,8388608,pattern,2,990.008,3076.286,4088.284,322944
9,2,padded,stream-content,signed,true,8388608,pattern,2,7693.500,2784.180,10496.471,322944
9,2,padded,range,signed,false,8388608,pattern,2,18051.528,1021.919,19386.892,8673664
9,2,padded,range,encrypted-signed,false,8388608,pattern,2,916.737,8311.131,11095.712,8673664
9,2,padded,whole,signed,false,8388608,pattern,2,19313.730,12539.378,33779.313,8673664
9,2,padded,range,signed,true,8388608,pattern,2,7782.702,670.542,8467.974,322944
9,2,padded,whole,plain,true,8388608,pattern,2,174.364,10589.692,10806.087,312704
9,2,padded,whole,encrypted,true,8388608,pattern,2,247.794,7469.746,7755.050,312704
9,2,padded,range,encrypted,true,8388608,pattern,2,237.414,790.805,1039.269,312704
9,2,padded,stream,signed,false,8388608,pattern,2,14926.372,4640.614,19829.641,8673664
9,2,padded,stream,encrypted-signed,true,8388608,pattern,2,963.188,3113.656,4103.955,322944
9,2,padded,stream,plain,false,8388608,pattern,2,191.513,9976.291,10430.679,8659328
9,2,padded,stream-content,encrypted-signed,false,8388608,pattern,2,916.887,14034.345,16980.408,8673664
9,2,padded,stream-content,plain,true,8388608,pattern,2,216.634,4432.551,4676.765,312704
9,2,padded,range,plain,false,8388608,pattern,2,187.673,8057.607,8455.323,8659328
9,2,padded,stream,encrypted-signed,false,8388608,pattern,2,909.637,13912.252,16864.697,8673664
9,2,padded,stream-content,encrypted,false,8388608,pattern,2,220.784,18417.595,20710.737,8659328
9,2,padded,whole,encrypted-signed,true,8388608,pattern,2,1030.289,12145.401,13219.681,322944
9,2,padded,stream,encrypted,false,8388608,pattern,2,231.194,13807.221,16062.061,8659328
9,2,padded,whole,encrypted,false,8388608,pattern,2,210.124,24811.591,27528.040,8659328
9,2,padded,range,encrypted-signed,true,8388608,pattern,2,984.978,2281.111,3282.070,322944
9,2,padded,range,plain,true,8388608,pattern,2,181.363,702.563,894.026,312704
9,2,padded,stream,signed,true,8388608,pattern,2,7686.509,3804.279,11516.599,322944
9,3,unpadded,stream,plain,false,8388608,pattern,1,202.034,10274.916,10746.865,8392070
9,3,unpadded,whole,signed,true,8388608,pattern,1,7726.180,7321.543,15083.414,56433
9,3,unpadded,whole,plain,false,8388608,pattern,1,190.803,18378.314,21000.961,8392070
9,3,unpadded,whole,encrypted,true,8388608,pattern,1,238.205,10644.293,10924.909,45459
9,3,unpadded,stream,plain,true,8388608,pattern,1,212.724,3082.216,3317.480,45609
9,3,unpadded,range,plain,true,8388608,pattern,1,191.673,718.193,920.237,45609
9,3,unpadded,range,encrypted-signed,true,8388608,pattern,1,919.667,716.272,1647.300,56224
9,3,unpadded,stream,encrypted,false,8388608,pattern,1,176.293,13873.392,16048.132,8391910
9,3,unpadded,whole,plain,true,8388608,pattern,1,203.403,12081.810,12328.924,45609
9,3,unpadded,stream,signed,true,8388608,pattern,1,7739.981,2959.504,10725.385,56433
9,3,unpadded,whole,signed,false,8388608,pattern,1,14952.151,12568.709,29844.372,8406880
9,3,unpadded,stream-content,encrypted-signed,true,8388608,pattern,1,960.457,4521.153,5507.320,56224
9,3,unpadded,range,signed,false,8388608,pattern,1,17981.616,1020.459,19248.809,8406880
9,3,unpadded,stream,encrypted-signed,false,8388608,pattern,1,894.886,13775.110,16679.763,8406656
9,3,unpadded,stream-content,plain,false,8388608,pattern,1,183.473,14645.316,15144.585,8392070
9,3,unpadded,range,encrypted,false,8388608,pattern,1,210.633,8257.941,10326.277,8391910
9,3,unpadded,whole,encrypted,false,8388608,pattern,1,211.124,24809.641,27539.680,8391910
9,3,unpadded,range,encrypted,true,8388608,pattern,1,256.215,2265.781,2540.596,45459
9,3,unpadded,range,plain,false,8388608,pattern,1,155.162,7984.365,8344.731,8392070
9,3,unpadded,stream-content,plain,true,8388608,pattern,1,190.273,2977.204,3189.188,45609
9,3,unpadded,stream,encrypted-signed,true,8388608,pattern,1,934.237,2993.095,3946.912,56224
9,3,unpadded,stream-content,encrypted,true,8388608,pattern,1,202.173,2861.582,3083.756,45459
9,3,unpadded,stream-content,signed,false,8388608,pattern,1,15028.093,4801.347,20124.516,8406880
9,3,unpadded,stream-content,encrypted-signed,false,8388608,pattern,1,916.766,14023.035,16950.638,8406656
9,3,unpadded,stream,encrypted,true,8388608,pattern,1,220.014,5366.518,5613.232,45459
9,3,unpadded,stream-content,encrypted,false,8388608,pattern,1,217.724,16230.235,18462.605,8391910
9,3,unpadded,range,signed,true,8388608,pattern,1,9146.896,670.433,9835.369,56433
9,3,unpadded,range,encrypted-signed,false,8388608,pattern,1,871.376,11302.525,13977.824,8406656
9,3,unpadded,whole,encrypted-signed,false,8388608,pattern,1,923.787,24615.357,28096.600,8406656
9,3,unpadded,stream,signed,false,8388608,pattern,1,19372.552,4657.845,24310.772,8406880
9,3,unpadded,stream-content,signed,true,8388608,pattern,1,7831.192,2887.662,10744.205,56433
9,3,unpadded,whole,encrypted-signed,true,8388608,pattern,1,915.876,7576.238,8530.145,56224
9,3,unpadded,stream-content,plain,false,8388608,pattern,2,187.184,10207.945,10745.956,8392070
9,3,unpadded,stream-content,encrypted,true,8388608,pattern,2,223.984,2974.774,3216.669,45459
9,3,unpadded,stream,encrypted,true,8388608,pattern,2,194.414,2966.274,3180.408,45459
9,3,unpadded,whole,signed,true,8388608,pattern,2,7665.159,7352.023,15053.283,56433
9,3,unpadded,stream,plain,true,8388608,pattern,2,214.154,3052.145,3291.130,45609
9,3,unpadded,stream-content,signed,false,8388608,pattern,2,14968.392,4818.028,20070.945,8406880
9,3,unpadded,range,encrypted,false,8388608,pattern,2,222.584,8269.680,10343.897,8391910
9,3,unpadded,whole,encrypted-signed,false,8388608,pattern,2,933.067,24640.538,28109.291,8406656
9,3,unpadded,whole,plain,false,8388608,pattern,2,206.033,22358.066,24518.205,8392070
9,3,unpadded,stream-content,encrypted-signed,true,8388608,pattern,2,951.267,3095.116,4065.124,56224
9,3,unpadded,stream-content,signed,true,8388608,pattern,2,7646.849,2812.341,10480.011,56433
9,3,unpadded,range,signed,false,8388608,pattern,2,17871.695,1019.588,19105.557,8406880
9,3,unpadded,range,encrypted-signed,false,8388608,pattern,2,891.956,8236.770,10976.889,8406656
9,3,unpadded,whole,signed,false,8388608,pattern,2,19143.508,12418.475,33864.995,8406880
9,3,unpadded,range,signed,true,8388608,pattern,2,9248.378,669.592,9936.640,56433
9,3,unpadded,whole,plain,true,8388608,pattern,2,169.553,10476.530,10686.534,45609
9,3,unpadded,whole,encrypted,true,8388608,pattern,2,223.004,7373.154,7637.428,45459
9,3,unpadded,range,encrypted,true,8388608,pattern,2,219.214,788.534,1018.648,45459
9,3,unpadded,stream,signed,false,8388608,pattern,2,14766.428,4582.533,19597.826,8406880
9,3,unpadded,stream,encrypted-signed,true,8388608,pattern,2,931.667,3081.356,4037.733,56224
9,3,unpadded,stream,plain,false,8388608,pattern,2,173.283,10113.013,10556.711,8392070
9,3,unpadded,stream-content,encrypted-signed,false,8388608,pattern,2,910.167,13983.044,16900.007,8406656
9,3,unpadded,stream-content,plain,true,8388608,pattern,2,206.214,4407.810,4638.914,45609
9,3,unpadded,range,plain,false,8388608,pattern,2,176.963,8050.126,8435.893,8392070
9,3,unpadded,stream,encrypted-signed,false,8388608,pattern,2,925.497,13810.570,16738.864,8406656
9,3,unpadded,stream-content,encrypted,false,8388608,pattern,2,205.243,18444.465,20653.205,8391910
9,3,unpadded,whole,encrypted-signed,true,8388608,pattern,2,937.566,12265.793,13246.800,56224
9,3,unpadded,stream,encrypted,false,8388608,pattern,2,216.704,13872.582,16121.542,8391910
9,3,unpadded,whole,encrypted,false,8388608,pattern,2,203.204,24678.248,27408.208,8391910
9,3,unpadded,range,encrypted-signed,true,8388608,pattern,2,962.887,2281.242,3260.329,56224
9,3,unpadded,range,plain,true,8388608,pattern,2,167.424,708.542,886.437,45609
9,3,unpadded,stream,signed,true,8388608,pattern,2,7590.818,3870.090,11485.449,56433
10,0,padded,stream-content,plain,true,8388608,pattern,1,216.214,4536.982,4784.277,312704
10,0,padded,range,encrypted,true,8388608,pattern,1,225.754,744.543,982.838,312704
10,0,padded,range,encrypted-signed,false,8388608,pattern,1,887.036,11587.580,14330.010,8673664
10,0,padded,stream,encrypted,false,8388608,pattern,1,225.764,18585.958,20844.739,8659328
10,0,padded,stream,signed,true,8388608,pattern,1,9383.250,3864.900,13280.771,322944
10,0,padded,stream-content,encrypted-signed,false,8388608,pattern,1,932.457,16436.138,19389.952,8673664
10,0,padded,whole,encrypted-signed,true,8388608,pattern,1,964.037,12126.190,13130.328,322944
10,0,padded,stream,signed,false,8388608,pattern,1,15073.154,4623.094,19943.852,8673664
10,0,padded,stream,encrypted,true,8388608,pattern,1,243.684,3165.818,3437.402,312704
10,0,padded,range,encrypted-signed,true,8388608,pattern,1,963.937,730.284,1705.351,322944
10,0,padded,range,signed,true,8388608,pattern,1,7675.240,667.282,8354.452,322944
10,0,padded,whole,plain,true,8388608,pattern,1,177.694,7523.586,7734.051,312704
10,0,padded,stream-content,encrypted,true,8388608,pattern,1,237.054,3043.805,3305.190,312704
10,0,padded,whole,signed,true,8388608,pattern,1,7747.631,7519.786,15306.548,322944
10,0,padded,stream,encrypted-signed,true,8388608,pattern,1,964.967,3170.208,4162.795,322944
10,0,padded,range,encrypted,false,8388608,pattern,1,208.134,8311.941,10389.499,8659328
10,0,padded,whole,encrypted,false,8388608,pattern,1,212.493,24657.588,27482.169,8659328
10,0,padded,stream,plain,true,8388608,pattern,1,269.354,5734.645,6039.719,312704
10,0,padded,stream,plain,false,8388608,pattern,1,198.113,12495.007,12991.476,8659328
10,0,padded,stream-content,encrypted,false,8388608,pattern,1,206.723,14186.438,16439.648,8659328
10,0,padded,whole,plain,false,8388608,pattern,1,203.503,22637.802,24916.912,8659328
10,0,padded,stream-content,plain,false,8388608,pattern,1,205.064,13693.588,14226.268,8659328
10,0,padded,range,signed,false,8388608,pattern,1,15148.945,1026.849,16451.689,8673664
10,0,padded,range,plain,false,8388608,pattern,1,181.573,4983.201,5329.617,8659328
10,0,padded,stream,encrypted-signed,false,8388608,pattern,1,895.386,13955.684,16819.715,8673664
10,0,padded,stream-content,signed,false,8388608,pattern,1,19555.785,4910.680,24789.820,8673664
10,0,padded,stream-content,signed,true,8388608,pattern,1,7798.862,2961.804,10786.966,322944
10,0,padded,whole,signed,false,8388608,pattern,1,15003.802,12564.188,29472.785,8673664
10,0,padded,stream-content,encrypted-signed,true,8388608,pattern,1,982.528,3112.666,4116.065,322944
10,0,padded,range,plain,true,8388608,pattern,1,185.854,712.753,909.107,312704
10,0,padded,whole,encrypted,true,8388608,pattern,1,208.184,10693.174,10944.469,312704
10,0,padded,whole,encrypted-signed,false,8388608,pattern,1,934.207,20395.650,23804.802,8673664
10,0,padded,whole,encrypted,true,8388608,pattern,2,262.645,12001.668,12301.973,312704
10,0,padded,range,signed,true,8388608,pattern,2,7819.892,673.582,8508.464,322944
10,0,padded,whole,signed,false,8388608,pattern,2,14860.290,12720.511,29583.527,8673664
10,0,padded,stream-content,encrypted-signed,true,8388608,pattern,2,1003.528,3143.637,4177.116,322944
10,0,padded,stream,plain,true,8388608,pattern,2,203.344,3923.491,4160.176,312704
10,0,padded,range,encrypted,true,8388608,pattern,2,226.344,740.123,977.097,312704
10,0,padded,range,signed,false,8388608,pattern,2,17530.128,1022.499,18915.013,8673664
10,0,padded,stream-content,encrypted,true,8388608,pattern,2,261.735,3047.815,3336.741,312704
10,0,padded,range,plain,true,8388608,pattern,2,192.734,735.243,940.148,312704
10,0,padded,stream,encrypted,false,8388608,pattern,2,187.463,13952.754,16263.495,8659328
10,0,padded,stream-content,plain,false,8388608,pattern,2,201.734,14819.729,15420.320,8659328
10,0,padded,range,encrypted,false,8388608,pattern,2,222.124,8595.636,10738.895,8659328
10,0,padded,range,encrypted-signed,false,8388608,pattern,2,934.787,13064.108,15974.751,8673664
10,0,padded,stream,encrypted,true,8388608,pattern,2,247.885,5520.970,5804.146,312704
10,0,padded,stream-content,encrypted-signed,false,8388608,pattern,2,985.388,16437.409,19485.324,8673664
10,0,padded,stream,signed,true,8388608,pattern,2,9248.928,3826.619,13106.978,322944
10,0,padded,stream-content,signed,false,8388608,pattern,2,17238.813,4798.387,22332.455,8673664
10,0,padded,range,encrypted-signed,true,8388608,pattern,2,962.198,787.464,1762.032,322944
10,0,padded,stream-content,plain,true,8388608,pattern,2,173.223,2998.674,3190.207,312704
10,0,padded,whole,plain,true,8388608,pattern,2,181.373,7761.911,7979.835,312704
10,0,padded,range,plain,false,8388608,pattern,2,209.653,5240.966,5652.382,8659328
10,0,padded,whole,encrypted,false,8388608,pattern,2,197.713,21960.429,24699.848,8659328
10,0,padded,stream,encrypted-signed,true,8388608,pattern,2,998.378,5538.161,6567.000,322944
10,0,padded,stream,plain,false,8388608,pattern,2,194.934,12226.032,12698.711,8659328
10,0,padded,whole,encrypted-signed,true,8388608,pattern,2,995.948,7567.497,8603.906,322944
10,0,padded,stream,encrypted-signed,false,8388608,pattern,2,932.957,13770.500,16667.402,8673664
10,0,padded,whole,plain,false,8388608,pattern,2,197.464,22425.267,24589.967,8659328
10,0,padded,stream,signed,false,8388608,pattern,2,17989.146,4646.845,22901.375,8673664
10,0,padded,stream-content,encrypted,false,8388608,pattern,2,216.654,13998.484,16275.716,8659328
10,0,padded,stream-content,signed,true,8388608,pattern,2,9244.518,2898.512,12177.271,322944
10,0,padded,whole,encrypted-signed,false,8388608,pattern,2,946.408,23973.625,27722.974,8673664
10,0,padded,whole,signed,true,8388608,pattern,2,9313.229,10581.432,19942.202,322944
10,1,unpadded,stream-content,plain,true,8388608,pattern,1,210.473,4459.351,4694.655,45609
10,1,unpadded,range,encrypted,true,8388608,pattern,1,209.153,738.854,960.827,45459
10,1,unpadded,range,encrypted-signed,false,8388608,pattern,1,898.947,11373.976,14171.868,8406656
10,1,unpadded,stream,encrypted,false,8388608,pattern,1,214.104,18092.099,20341.960,8391910
10,1,unpadded,stream,signed,true,8388608,pattern,1,9196.836,3867.261,13095.747,56433
10,1,unpadded,stream-content,encrypted-signed,false,8388608,pattern,1,967.958,16438.738,19440.443,8406656
10,1,unpadded,whole,encrypted-signed,true,8388608,pattern,1,960.167,12352.004,13356.952,56224
10,1,unpadded,stream,signed,false,8388608,pattern,1,15027.173,4600.153,19878.591,8406880
10,1,unpadded,stream,encrypted,true,8388608,pattern,1,225.944,3123.117,3373.451,45459
10,1,unpadded,range,encrypted-signed,true,8388608,pattern,1,934.967,721.953,1668.090,56224
10,1,unpadded,range,signed,true,8388608,pattern,1,7635.929,671.122,8318.691,56433
10,1,unpadded,whole,plain,true,8388608,pattern,1,167.573,7559.437,7766.641,45609
10,1,unpadded,stream-content,encrypted,true,8388608,pattern,1,226.844,3106.806,3366.551,45459
10,1,unpadded,whole,signed,true,8388608,pattern,1,7727.501,7657.819,15425.770,56433
10,1,unpadded,stream,encrypted-signed,true,8388608,pattern,1,959.577,3116.487,4101.775,56224
10,1,unpadded,range,encrypted,false,8388608,pattern,1,200.024,8442.663,10598.343,8391910
10,1,unpadded,whole,encrypted,false,8388608,pattern,1,221.284,24594.776,27337.826,8391910
10,1,unpadded,stream,plain,true,8388608,pattern,1,220.674,5429.818,5677.093,45609
10,1,unpadded,stream,plain,false,8388608,pattern,1,179.303,12423.475,12872.063,8392070
10,1,unpadded,stream-content,encrypted,false,8388608,pattern,1,204.384,14100.206,16340.907,8391910
10,1,unpadded,whole,plain,false,8388608,pattern,1,185.584,22542.509,24712.119,8392070
10,1,unpadded,stream-content,plain,false,8388608,pattern,1,191.154,13702.788,14265.279,8392070
10,1,unpadded,range,signed,false,8388608,pattern,1,15057.303,1020.469,16299.226,8406880
10,1,unpadded,range,plain,false,8388608,pattern,1,164.563,4991.301,5328.847,8392070
10,1,unpadded,stream,encrypted-signed,false,8388608,pattern,1,898.756,13867.442,16831.595,8406656
10,1,unpadded,stream-content,signed,false,8388608,pattern,1,20007.513,4861.379,25193.767,8406880
10,1,unpadded,stream-content,signed,true,8388608,pattern,1,7898.654,2944.663,10875.178,56433
10,1,unpadded,whole,signed,false,8388608,pattern,1,15114.175,12692.190,30150.568,8406880
10,1,unpadded,stream-content,encrypted-signed,true,8388608,pattern,1,981.437,4587.164,5595.381,56224
10,1,unpadded,range,plain,true,8388608,pattern,1,208.104,747.853,966.858,45609
10,1,unpadded,whole,encrypted,true,8388608,pattern,1,194.493,10833.837,11076.371,45459
10,1,unpadded,whole,encrypted-signed,false,8388608,pattern,1,917.736,20737.857,24197.009,8406656
10,1,unpadded,whole,encrypted,true,8388608,pattern,2,233.254,12091.369,12369.994,45459
10,1,unpadded,range,signed,true,8388608,pattern,2,7810.222,669.362,8500.895,56433
10,1,unpadded,whole,signed,false,8388608,pattern,2,15196.266,12643.290,30221.389,8406880
10,1,unpadded,stream-content,encrypted-signed,true,8388608,pattern,2,948.317,4702.095,5683.563,56224
10,1,unpadded,stream,plain,true,8388608,pattern,2,200.163,4260.277,4497.831,45609
10,1,unpadded,range,encrypted,true,8388608,pattern,2,280.155,754.924,1047.299,45459
10,1,unpadded,range,signed,false,8388608,pattern,2,17338.225,1021.259,18606.578,8406880
10,1,unpadded,stream-content,encrypted,true,8388608,pattern,2,209.184,3066.395,3305.730,45459
10,1,unpadded,range,plain,true,8388608,pattern,2,199.283,712.493,922.316,45609
10,1,unpadded,stream,encrypted,false,8388608,pattern,2,175.403,14022.754,16265.215,8391910
10,1,unpadded,stream-content,plain,false,8388608,pattern,2,194.843,14741.658,15254.157,8392070
10,1,unpadded,range,encrypted,false,8388608,pattern,2,202.083,8271.360,10316.877,8391910
10,1,unpadded,range,encrypted-signed,false,8388608,pattern,2,1083.069,12902.095,15864.988,8406656
10,1,unpadded,stream,encrypted,true,8388608,pattern,2,232.474,5569.011,5837.036,45459
10,1,unpadded,stream-content,encrypted-signed,false,8388608,pattern,2,938.937,16459.589,19438.763,8406656
10,1,unpadded,stream,signed,true,8388608,pattern,2,9217.408,3823.769,13071.378,56433
10,1,unpadded,stream-content,signed,false,8388608,pattern,2,17337.585,4807.937,22433.108,8406880
10,1,unpadded,range,encrypted-signed,true,8388608,pattern,2,946.998,789.044,1748.292,56224
10,1,unpadded,stream-content,plain,true,8388608,pattern,2,166.523,2925.523,3107.636,45609
10,1,unpadded,whole,plain,true,8388608,pattern,2,170.684,7708.370,7923.754,45609
10,1,unpadded,range,plain,false,8388608,pattern,2,198.094,5160.073,5564.671,8392070
10,1,unpadded,whole,encrypted,false,8388608,pattern,2,193.543,20446.311,23156.420,8391910
10,1,unpadded,stream,encrypted-signed,true,8388608,pattern,2,964.398,5588.661,6588.680,56224
10,1,unpadded,stream,plain,false,8388608,pattern,2,185.293,12392.565,12883.023,8392070
10,1,unpadded,whole,encrypted-signed,true,8388608,pattern,2,939.577,7662.529,8632.697,56224
10,1,unpadded,stream,encrypted-signed,false,8388608,pattern,2,929.747,14551.214,17571.989,8406656
10,1,unpadded,whole,plain,false,8388608,pattern,2,191.324,23032.008,25150.027,8392070
10,1,unpadded,stream,signed,false,8388608,pattern,2,18390.624,4641.354,23276.412,8406880
10,1,unpadded,stream-content,encrypted,false,8388608,pattern,2,212.154,14208.148,16422.578,8391910
10,1,unpadded,stream-content,signed,true,8388608,pattern,2,9387.411,2898.702,12319.534,56433
10,1,unpadded,whole,encrypted-signed,false,8388608,pattern,2,911.606,23463.676,26860.387,8406656
10,1,unpadded,whole,signed,true,8388608,pattern,2,9274.168,10445.640,19762.079,56433
10,2,unpadded,stream-content,plain,true,8388608,pattern,1,210.274,4523.472,4760.786,45609
10,2,unpadded,range,encrypted,true,8388608,pattern,1,216.354,753.734,983.318,45459
10,2,unpadded,range,encrypted-signed,false,8388608,pattern,1,914.167,11619.551,14757.928,8406656
10,2,unpadded,stream,encrypted,false,8388608,pattern,1,232.714,18403.884,20625.214,8391910
10,2,unpadded,stream,signed,true,8388608,pattern,1,9299.139,3850.800,13177.119,56433
10,2,unpadded,stream-content,encrypted-signed,false,8388608,pattern,1,919.927,16966.038,19880.891,8406656
10,2,unpadded,whole,encrypted-signed,true,8388608,pattern,1,937.967,12149.581,13129.558,56224
10,2,unpadded,stream,signed,false,8388608,pattern,1,15097.344,4637.174,19996.913,8406880
10,2,unpadded,stream,encrypted,true,8388608,pattern,1,227.154,3232.379,3486.203,45459
10,2,unpadded,range,encrypted-signed,true,8388608,pattern,1,943.207,730.643,1684.790,56224
10,2,unpadded,range,signed,true,8388608,pattern,1,7701.900,676.122,8389.792,56433
10,2,unpadded,whole,plain,true,8388608,pattern,1,175.944,7644.888,7854.983,45609
10,2,unpadded,stream-content,encrypted,true,8388608,pattern,1,223.654,3067.345,3314.500,45459
10,2,unpadded,whole,signed,true,8388608,pattern,1,7763.601,7591.848,15393.710,56433
10,2,unpadded,stream,encrypted-signed,true,8388608,pattern,1,938.587,3097.966,4063.074,56224
10,2,unpadded,range,encrypted,false,8388608,pattern,1,202.964,8397.572,10470.270,8391910
10,2,unpadded,whole,encrypted,false,8388608,pattern,1,206.354,24630.337,27358.686,8391910
10,2,unpadded,stream,plain,true,8388608,pattern,1,226.624,5450.009,5703.244,45609
10,2,unpadded,stream,plain,false,8388608,pattern,1,181.203,12325.524,12782.932,8392070
10,2,unpadded,stream-content,encrypted,false,8388608,pattern,1,194.114,14135.447,16898.537,8391910
10,2,unpadded,whole,plain,false,8388608,pattern,1,221.094,22871.245,25079.125,8392070
10,2,unpadded,stream-content,plain,false,8388608,pattern,1,197.584,13269.231,13788.190,8392070
10,2,unpadded,range,signed,false,8388608,pattern,1,14949.092,1020.648,16216.535,8406880
10,2,unpadded,range,plain,false,8388608,pattern,1,168.773,4977.751,5303.117,8392070
10,2,unpadded,stream,encrypted-signed,false,8388608,pattern,1,903.517,13925.612,16803.445,8406656
10,2,unpadded,stream-content,signed,false,8388608,pattern,1,19629.246,5059.472,25057.005,8406880
10,2,unpadded,stream-content,signed,true,8388608,pattern,1,7886.293,2999.374,10907.888,56433
10,2,unpadded,whole,signed,false,8388608,pattern,1,15262.307,12711.601,30253.789,8406880
10,2,unpadded,stream-content,encrypted-signed,true,8388608,pattern,1,964.368,4558.513,5546.781,56224
10,2,unpadded,range,plain,true,8388608,pattern,1,188.643,728.123,927.426,45609
10,2,unpadded,whole,encrypted,true,8388608,pattern,1,181.423,10631.653,10856.567,45459
10,2,unpadded,whole,encrypted-signed,false,8388608,pattern,1,935.346,20396.781,23838.752,8406656
10,2,unpadded,whole,encrypted,true,8388608,pattern,2,235.994,12243.483,12527.387,45459
10,2,unpadded,range,signed,true,8388608,pattern,2,7768.331,673.182,8454.854,56433
10,2,unpadded,whole,signed,false,8388608,pattern,2,14892.580,12587.479,29835.612,8406880
10,2,unpadded,stream-content,encrypted-signed,true,8388608,pattern,2,973.247,4550.803,5547.810,56224
10,2,unpadded,stream,plain,true,8388608,pattern,2,184.183,3727.758,3932.741,45609
10,2,unpadded,range,encrypted,true,8388608,pattern,2,199.963,755.484,966.257,45459
10,2,unpadded,range,signed,false,8388608,pattern,2,17258.363,1025.368,18525.846,8406880
10,2,unpadded,stream-content,encrypted,true,8388608,pattern,2,201.923,2988.934,3211.658,45459
10,2,unpadded,range,plain,true,8388608,pattern,2,186.494,713.003,909.807,45609
10,2,unpadded,stream,encrypted,false,8388608,pattern,2,179.824,13862.821,16017.981,8391910
10,2,unpadded,stream-content,plain,false,8388608,pattern,2,180.333,14728.477,15248.877,8392070
10,2,unpadded,range,encrypted,false,8388608,pattern,2,205.593,8293.421,10324.527,8391910
10,2,unpadded,range,encrypted-signed,false,8388608,pattern,2,930.167,12684.920,15430.760,8406656
10,2,unpadded,stream,encrypted,true,8388608,pattern,2,230.385,5502.100,5760.865,45459
10,2,unpadded,stream-content,encrypted-signed,false,8388608,pattern,2,928.637,16137.973,19029.645,8406656
10,2,unpadded,stream,signed,true,8388608,pattern,2,9210.217,3816.630,13056.857,56433
10,2,unpadded,stream-content,signed,false,8388608,pattern,2,17214.952,4831.898,22335.635,8406880
10,2,unpadded,range,encrypted-signed,true,8388608,pattern,2,947.167,784.625,1743.752,56224
10,2,unpadded,stream-content,plain,true,8388608,pattern,2,172.033,2921.243,3109.077,45609
10,2,unpadded,whole,plain,true,8388608,pattern,2,172.043,7565.918,7778.301,45609
10,2,unpadded,range,plain,false,8388608,pattern,2,194.734,5064.112,5419.768,8392070
10,2,unpadded,whole,encrypted,false,8388608,pattern,2,179.373,20259.118,22929.796,8391910
10,2,unpadded,stream,encrypted-signed,true,8388608,pattern,2,973.488,5480.009,6482.967,56224
10,2,unpadded,stream,plain,false,8388608,pattern,2,181.953,12301.624,12758.242,8392070
10,2,unpadded,whole,encrypted-signed,true,8388608,pattern,2,931.706,7471.766,8440.523,56224
10,2,unpadded,stream,encrypted-signed,false,8388608,pattern,2,926.166,13792.621,16710.173,8406656
10,2,unpadded,whole,plain,false,8388608,pattern,2,186.323,22481.018,24619.246,8392070
10,2,unpadded,stream,signed,false,8388608,pattern,2,18093.379,4657.874,23006.298,8406880
10,2,unpadded,stream-content,encrypted,false,8388608,pattern,2,209.793,14072.926,16273.835,8391910
10,2,unpadded,stream-content,signed,true,8388608,pattern,2,9296.678,2909.373,12244.682,56433
10,2,unpadded,whole,encrypted-signed,false,8388608,pattern,2,921.876,23485.227,26868.817,8406656
10,2,unpadded,whole,signed,true,8388608,pattern,2,9252.098,10455.000,19750.968,56433
10,3,padded,stream-content,plain,true,8388608,pattern,1,214.944,4470.741,4712.605,312704
10,3,padded,range,encrypted,true,8388608,pattern,1,220.854,746.793,979.558,312704
10,3,padded,range,encrypted-signed,false,8388608,pattern,1,887.956,11444.698,14172.477,8673664
10,3,padded,stream,encrypted,false,8388608,pattern,1,224.214,18085.278,20271.098,8659328
10,3,padded,stream,signed,true,8388608,pattern,1,9202.017,3824.779,13054.297,322944
10,3,padded,stream-content,encrypted-signed,false,8388608,pattern,1,925.957,16270.465,19163.948,8673664
10,3,padded,whole,encrypted-signed,true,8388608,pattern,1,962.217,12108.340,13111.768,322944
10,3,padded,stream,signed,false,8388608,pattern,1,14898.730,4587.793,19736.128,8673664
10,3,padded,stream,encrypted,true,8388608,pattern,1,238.954,3109.227,3371.811,312704
10,3,padded,range,encrypted-signed,true,8388608,pattern,1,952.737,724.063,1687.930,322944
10,3,padded,range,signed,true,8388608,pattern,1,7724.290,676.402,8413.862,322944
10,3,padded,whole,plain,true,8388608,pattern,1,174.763,7465.865,7671.979,312704
10,3,padded,stream-content,encrypted,true,8388608,pattern,1,244.144,2975.744,3241.278,312704
10,3,padded,whole,signed,true,8388608,pattern,1,7765.331,7563.387,15365.789,322944
10,3,padded,stream,encrypted-signed,true,8388608,pattern,1,976.878,3103.546,4105.694,322944
10,3,padded,range,encrypted,false,8388608,pattern,1,202.994,8236.479,10352.808,8659328
10,3,padded,whole,encrypted,false,8388608,pattern,1,217.864,24693.988,27434.308,8659328
10,3,padded,stream,plain,true,8388608,pattern,1,232.514,5380.968,5637.992,312704
10,3,padded,stream,plain,false,8388608,pattern,1,191.683,12233.822,12717.250,8659328
10,3,padded,stream-content,encrypted,false,8388608,pattern,1,206.104,14020.384,16270.035,8659328
10,3,padded,whole,plain,false,8388608,pattern,1,201.844,22611.840,24758.119,8659328
10,3,padded,stream-content,plain,false,8388608,pattern,1,215.064,13386.183,13953.203,8659328
10,3,padded,range,signed,false,8388608,pattern,1,15019.143,1037.018,16357.317,8673664
10,3,padded,range,plain,false,8388608,pattern,1,186.023,5204.384,5637.632,8659328
10,3,padded,stream,encrypted-signed,false,8388608,pattern,1,932.177,14009.565,16925.058,8673664
10,3,padded,stream-content,signed,false,8388608,pattern,1,19502.794,4826.978,24620.997,8673664
10,3,padded,stream-content,signed,true,8388608,pattern,1,7761.571,2879.272,10665.794,322944
10,3,padded,whole,signed,false,8388608,pattern,1,14925.171,12620.169,29462.245,8673664
10,3,padded,stream-content,encrypted-signed,true,8388608,pattern,1,987.638,3132.366,4141.315,322944
10,3,padded,range,plain,true,8388608,pattern,1,185.644,720.773,916.917,312704
10,3,padded,whole,encrypted,true,8388608,pattern,1,195.964,10692.104,10932.599,312704
10,3,padded,whole,encrypted-signed,false,8388608,pattern,1,941.967,20348.889,23770.641,8673664
10,3,padded,whole,encrypted,true,8388608,pattern,2,260.334,12056.629,12354.894,312704
10,3,padded,range,signed,true,8388608,pattern,2,7766.151,666.082,8444.883,322944
10,3,padded,whole,signed,false,8388608,pattern,2,14814.229,12630.869,29403.794,8673664
10,3,padded,stream-content,encrypted-signed,true,8388608,pattern,2,995.058,3086.436,4101.234,322944
10,3,padded,stream,plain,true,8388608,pattern,2,186.103,3778.939,3989.362,312704
10,3,padded,range,encrypted,true,8388608,pattern,2,217.294,746.274,975.608,312704
10,3,padded,range,signed,false,8388608,pattern,2,17191.311,1019.639,18462.405,8673664
10,3,padded,stream-content,encrypted,true,8388608,pattern,2,223.574,2980.894,3226.829,312704
10,3,padded,range,plain,true,8388608,pattern,2,203.654,735.273,950.818,312704
10,3,padded,stream,encrypted,false,8388608,pattern,2,181.183,13996.744,16198.714,8659328
10,3,padded,stream-content,plain,false,8388608,pattern,2,202.773,14770.948,15307.857,8659328
10,3,padded,range,encrypted,false,8388608,pattern,2,209.464,8329.991,10410.189,8659328
10,3,padded,range,encrypted-signed,false,8388608,pattern,2,939.647,12726.471,15482.871,8673664
10,3,padded,stream,encrypted,true,8388608,pattern,2,250.124,5385.838,5664.143,312704
10,3,padded,stream-content,encrypted-signed,false,8388608,pattern,2,931.297,16334.287,19277.830,8673664
10,3,padded,stream,signed,true,8388608,pattern,2,9239.608,3810.669,13080.107,322944
10,3,padded,stream-content,signed,false,8388608,pattern,2,17313.164,4801.037,22415.577,8673664
10,3,padded,range,encrypted-signed,true,8388608,pattern,2,969.317,790.094,1771.732,322944
10,3,padded,stream-content,plain,true,8388608,pattern,2,196.634,2948.103,3161.347,312704
10,3,padded,whole,plain,true,8388608,pattern,2,180.533,7654.339,7874.653,312704
10,3,padded,range,plain,false,8388608,pattern,2,204.193,5012.941,5374.817,8659328
10,3,padded,whole,encrypted,false,8388608,pattern,2,192.863,20420.031,23132.929,8659328
10,3,padded,stream,encrypted-signed,true,8388608,pattern,2,987.558,5515.240,6534.729,322944
10,3,padded,stream,plain,false,8388608,pattern,2,194.543,12284.723,12756.311,8659328
10,3,padded,whole,encrypted-signed,true,8388608,pattern,2,954.367,7517.456,8510.634,322944
10,3,padded,stream,encrypted-signed,false,8388608,pattern,2,928.457,13776.390,16708.783,8673664
10,3,padded,whole,plain,false,8388608,pattern,2,193.513,22487.648,24636.177,8659328
10,3,padded,stream,signed,false,8388608,pattern,2,18082.078,4599.843,22951.956,8673664
10,3,padded,stream-content,encrypted,false,8388608,pattern,2,215.184,14077.676,16317.596,8659328
10,3,padded,stream-content,signed,true,8388608,pattern,2,9219.427,2886.373,12131.690,322944
10,3,padded,whole,encrypted-signed,false,8388608,pattern,2,893.426,23466.756,26879.477,8673664
10,3,padded,whole,signed,true,8388608,pattern,2,9260.188,10481.061,19787.389,322944
11,0,unpadded,range,signed,false,8388608,pattern,1,18128.829,1026.779,19418.993,8406880
11,0,unpadded,stream,encrypted-signed,true,8388608,pattern,1,925.076,3154.077,4101.924,56224
11,0,unpadded,range,encrypted,false,8388608,pattern,1,196.153,8420.913,10464.580,8391910
11,0,unpadded,stream-content,plain,false,8388608,pattern,1,187.314,14505.783,15013.663,8392070
11,0,unpadded,range,plain,true,8388608,pattern,1,198.103,753.264,962.407,45609
11,0,unpadded,stream-content,encrypted,false,8388608,pattern,1,171.773,13980.344,16114.893,8391910
11,0,unpadded,stream,encrypted-signed,false,8388608,pattern,1,915.347,18097.758,20979.391,8406656
11,0,unpadded,whole,encrypted,false,8388608,pattern,1,203.064,24660.327,27366.076,8391910
11,0,unpadded,stream,signed,false,8388608,pattern,1,19504.164,4590.483,24340.802,8406880
11,0,unpadded,stream-content,plain,true,8388608,pattern,1,210.003,2970.034,3200.608,45609
11,0,unpadded,stream-content,encrypted,true,8388608,pattern,1,203.344,2806.011,3025.145,45459
11,0,unpadded,stream,encrypted,false,8388608,pattern,1,178.903,13985.593,16158.243,8391910
11,0,unpadded,stream-content,encrypted-signed,true,8388608,pattern,1,949.768,4509.141,5485.550,56224
11,0,unpadded,whole,signed,true,8388608,pattern,1,7681.439,10559.481,18287.181,56433
11,0,unpadded,stream-content,signed,false,8388608,pattern,1,14953.291,4856.149,20113.285,8406880
11,0,unpadded,stream,signed,true,8388608,pattern,1,7757.080,2991.724,10776.865,56433
11,0,unpadded,range,encrypted-signed,true,8388608,pattern,1,916.957,713.783,1641.990,56224
11,0,unpadded,range,encrypted-signed,false,8388608,pattern,1,856.536,8383.102,11092.852,8406656
11,0,unpadded,range,plain,false,8388608,pattern,1,190.324,9339.279,9736.237,8392070
11,0,unpadded,whole,encrypted-signed,true,8388608,pattern,1,947.767,7527.507,8513.435,56224
11,0,unpadded,stream-content,encrypted-signed,false,8388608,pattern,1,923.947,14054.605,17105.001,8406656
11,0,unpadded,range,signed,true,8388608,pattern,1,9379.940,675.612,10078.072,56433
11,0,unpadded,stream,plain,false,8388608,pattern,1,159.353,13189.179,13627.347,8392070
11,0,unpadded,stream-content,signed,true,8388608,pattern,1,7706.130,2886.312,10618.573,56433
11,0,unpadded,whole,encrypted-signed,false,8388608,pattern,1,893.446,20537.323,24000.666,8406656
11,0,unpadded,whole,encrypted,true,8388608,pattern,1,234.424,12070.009,12348.593,45459
11,0,unpadded,stream,encrypted,true,8388608,pattern,1,223.344,3084.426,3334.011,45459
11,0,unpadded,whole,plain,true,8388608,pattern,1,199.323,7482.866,7719.229,45609
11,0,unpadded,range,encrypted,true,8388608,pattern,1,225.934,779.494,1016.299,45459
11,0,unpadded,stream,plain,true,8388608,pattern,1,173.093,2987.274,3179.638,45609
11,0,unpadded,whole,signed,false,8388608,pattern,1,15081.064,12520.107,29998.215,8406880
11,0,unpadded,whole,plain,false,8388608,pattern,1,206.544,22656.061,24832.281,8392070
11,0,unpadded,range,plain,false,8388608,pattern,2,200.033,8049.157,8468.093,8392070
11,0,unpadded,stream-content,plain,false,8388608,pattern,2,171.683,10377.878,10883.488,8392070
11,0,unpadded,stream,encrypted,false,8388608,pattern,2,203.124,13894.742,16122.363,8391910
11,0,unpadded,stream-content,encrypted-signed,false,8388608,pattern,2,931.116,18369.534,21372.237,8406656
11,0,unpadded,range,plain,true,8388608,pattern,2,217.244,2215.210,2449.475,45609
11,0,unpadded,stream,encrypted-signed,false,8388608,pattern,2,903.576,16792.765,19710.217,8406656
11,0,unpadded,stream,plain,true,8388608,pattern,2,208.204,5359.747,5596.632,45609
11,0,unpadded,whole,encrypted-signed,false,8388608,pattern,2,923.526,22741.253,26184.324,8406656
11,0,unpadded,stream-content,signed,true,8388608,pattern,2,9392.231,2954.463,12386.405,56433
11,0,unpadded,range,encrypted,true,8388608,pattern,2,216.274,742.683,970.638,45459
11,0,unpadded,stream,encrypted,true,8388608,pattern,2,177.253,3875.710,4079.814,45459
11,0,unpadded,stream,signed,true,8388608,pattern,2,7800.242,3001.994,10833.027,56433
11,0,unpadded,range,encrypted,false,8388608,pattern,2,206.133,10845.937,12940.374,8391910
11,0,unpadded,whole,encrypted,true,8388608,pattern,2,229.114,12072.999,12349.024,45459
11,0,unpadded,range,encrypted-signed,true,8388608,pattern,2,952.097,841.966,1807.343,56224
11,0,unpadded,whole,encrypted-signed,true,8388608,pattern,2,899.287,7457.705,8401.013,56224
11,0,unpadded,stream-content,encrypted,false,8388608,pattern,2,245.874,13958.653,16215.694,8391910
11,0,unpadded,whole,signed,false,8388608,pattern,2,19481.603,12514.697,34257.011,8406880
11,0,unpadded,stream,plain,false,8388608,pattern,2,198.103,14427.682,14894.990,8392070
11,0,unpadded,stream-content,signed,false,8388608,pattern,2,14833.379,4799.867,19916.791,8406880
11,0,unpadded,stream-content,plain,true,8388608,pattern,2,208.164,2966.833,3195.088,45609
11,0,unpadded,whole,signed,true,8388608,pattern,2,7692.650,7706.750,15442.091,56433
11,0,unpadded,whole,encrypted,false,8388608,pattern,2,212.894,20537.513,23249.682,8391910
11,0,unpadded,range,encrypted-signed,false,8388608,pattern,2,960.717,12688.751,15462.480,8406656
11,0,unpadded,stream-content,encrypted,true,8388608,pattern,2,229.234,4460.621,4715.666,45459
11,0,unpadded,stream,encrypted-signed,true,8388608,pattern,2,985.568,3848.580,4859.829,56224
11,0,unpadded,stream,signed,false,8388608,pattern,2,17338.825,4720.425,22334.905,8406880
11,0,unpadded,range,signed,false,8388608,pattern,2,15025.033,1025.478,16265.565,8406880
11,0,unpadded,whole,plain,false,8388608,pattern,2,164.013,18360.133,20455.661,8392070
11,0,unpadded,whole,plain,true,8388608,pattern,2,228.544,10594.172,10862.097,45609
11,0,unpadded,range,signed,true,8388608,pattern,2,7871.402,684.483,8577.375,56433
11,0,unpadded,stream-content,encrypted-signed,true,8388608,pattern,2,931.937,2989.934,3945.411,56224
11,1,padded,range,signed,false,8388608,pattern,1,18520.766,1033.629,19847.450,8673664
11,1,padded,stream,encrypted-signed,true,8388608,pattern,1,958.597,3317.770,4299.678,322944
11,1,padded,range,encrypted,false,8388608,pattern,1,214.013,8600.186,10688.703,8659328
11,1,padded,stream-content,plain,false,8388608,pattern,1,209.934,14835.559,15372.329,8659328
11,1,padded,range,plain,true,8388608,pattern,1,208.954,760.733,981.948,312704
11,1,padded,stream-content,encrypted,false,8388608,pattern,1,182.833,14446.002,16645.242,8659328
11,1,padded,stream,encrypted-signed,false,8388608,pattern,1,947.497,18415.644,21423.658,8673664
11,1,padded,whole,encrypted,false,8388608,pattern,1,221.024,25564.844,28272.723,8659328
11,1,padded,stream,signed,false,8388608,pattern,1,19539.094,4654.354,24452.603,8673664
11,1,padded,stream-content,plain,true,8388608,pattern,1,219.704,2985.154,3225.658,312704
11,1,padded,stream-content,encrypted,true,8388608,pattern,1,232.744,2815.981,3064.045,312704
11,1,padded,stream,encrypted,false,8388608,pattern,1,186.583,14016.375,16195.134,8659328
11,1,padded,stream-content,encrypted-signed,true,8388608,pattern,1,969.608,4522.572,5516.960,322944
11,1,padded,whole,signed,true,8388608,pattern,1,7815.422,10678.553,18539.206,322944
11,1,padded,stream-content,signed,false,8388608,pattern,1,15009.982,4843.538,20159.556,8673664
11,1,padded,stream,signed,true,8388608,pattern,1,7794.071,2995.634,10814.796,322944
11,1,padded,range,encrypted-signed,true,8388608,pattern,1,949.608,722.633,1683.381,322944
11,1,padded,range,encrypted-signed,false,8388608,pattern,1,873.596,8383.382,11106.742,8673664
11,1,padded,range,plain,false,8388608,pattern,1,208.413,9366.370,9805.078,8659328
11,1,padded,whole,encrypted-signed,true,8388608,pattern,1,960.738,7529.116,8526.085,322944
11,1,padded,stream-content,encrypted-signed,false,8388608,pattern,1,928.097,13935.183,16852.926,8673664
11,1,padded,range,signed,true,8388608,pattern,1,9324.089,678.432,10022.542,322944
11,1,padded,stream,plain,false,8388608,pattern,1,172.833,13151.739,13612.357,8659328
11,1,padded,stream-content,signed,true,8388608,pattern,1,7793.041,2885.263,10698.694,322944
11,1,padded,whole,encrypted-signed,false,8388608,pattern,1,900.816,20758.736,24231.949,8673664
11,1,padded,whole,encrypted,true,8388608,pattern,1,257.725,12692.680,12992.706,312704
11,1,padded,stream,encrypted,true,8388608,pattern,1,247.665,3227.908,3503.284,312704
11,1,padded,whole,plain,true,8388608,pattern,1,203.894,7524.927,7762.931,312704
11,1,padded,range,encrypted,true,8388608,pattern,1,243.664,804.685,1060.129,312704
11,1,padded,stream,plain,true,8388608,pattern,1,176.593,3059.845,3258.589,312704
11,1,padded,whole,signed,false,8388608,pattern,1,15207.796,12615.099,29759.620,8673664
11,1,padded,whole,plain,false,8388608,pattern,1,226.424,21244.135,23413.275,8659328
11,1,padded,range,plain,false,8388608,pattern,2,218.324,8015.646,8435.773,8659328
11,1,padded,stream-content,plain,false,8388608,pattern,2,182.303,10793.506,11378.806,8659328
11,1,padded,stream,encrypted,false,8388608,pattern,2,297.926,15419.499,18263.511,8659328
11,1,padded,stream-content,encrypted-signed,false,8388608,pattern,2,1227.213,19196.538,22461.788,8673664
11,1,padded,range,plain,true,8388608,pattern,2,222.294,2207.310,2445.234,312704
11,1,padded,stream,encrypted-signed,false,8388608,pattern,2,900.857,17178.671,20127.335,8673664
11,1,padded,stream,plain,true,8388608,pattern,2,218.904,5448.969,5697.484,312704
11,1,padded,whole,encrypted-signed,false,8388608,pattern,2,974.588,23365.114,26883.218,8673664
11,1,padded,stream-content,signed,true,8388608,pattern,2,9385.660,2933.693,12354.214,322944
11,1,padded,range,encrypted,true,8388608,pattern,2,230.174,742.963,984.828,312704
11,1,padded,stream,encrypted,true,8388608,pattern,2,185.343,3880.841,4093.434,312704
11,1,padded,stream,signed,true,8388608,pattern,2,7762.390,2929.504,10712.784,322944
11,1,padded,range,encrypted,false,8388608,pattern,2,193.804,10559.711,12575.199,8659328
11,1,padded,whole,encrypted,true,8388608,pattern,2,248.835,12105.210,12390.885,312704
11,1,padded,range,encrypted-signed,true,8388608,pattern,2,982.468,792.854,1787.562,322944
11,1,padded,whole,encrypted-signed,true,8388608,pattern,2,935.017,7452.165,8425.433,322944
11,1,padded,stream-content,encrypted,false,8388608,pattern,2,219.924,14007.654,16227.945,8659328
11,1,padded,whole,signed,false,8388608,pattern,2,19636.786,12660.699,34400.633,8673664
11,1,padded,stream,plain,false,8388608,pattern,2,261.985,13494.445,14073.706,8659328
11,1,padded,stream-content,signed,false,8388608,pattern,2,15152.624,4855.679,20302.228,8673664
11,1,padded,stream-content,plain,true,8388608,pattern,2,226.554,3074.366,3324.380,312704
11,1,padded,whole,signed,true,8388608,pattern,2,7752.560,7530.807,15327.307,322944
11,1,padded,whole,encrypted,false,8388608,pattern,2,224.414,20575.024,23304.173,8659328
11,1,padded,range,encrypted-signed,false,8388608,pattern,2,941.387,12758.031,15518.671,8673664
11,1,padded,stream-content,encrypted,true,8388608,pattern,2,254.385,4546.482,4829.828,312704
11,1,padded,stream,encrypted-signed,true,8388608,pattern,2,950.508,3855.739,4833.088,322944
11,1,padded,stream,signed,false,8388608,pattern,2,17308.143,4619.574,22178.992,8673664
11,1,padded,range,signed,false,8388608,pattern,2,15082.963,1026.839,16402.217,8673664
11,1,padded,whole,plain,false,8388608,pattern,2,194.783,18260.282,20632.554,8659328
11,1,padded,whole,plain,true,8388608,pattern,2,237.874,10785.336,11068.411,312704
11,1,padded,range,signed,true,8388608,pattern,2,7887.503,679.073,8583.926,322944
11,1,padded,stream-content,encrypted-signed,true,8388608,pattern,2,926.996,2962.304,3907.011,322944
11,2,padded,range,signed,false,8388608,pattern,1,18584.067,1040.869,19908.551,8673664
11,2,padded,stream,encrypted-signed,true,8388608,pattern,1,959.598,3205.788,4192.756,322944
11,2,padded,range,encrypted,false,8388608,pattern,1,203.734,8448.783,10639.793,8659328
11,2,padded,stream-content,plain,false,8388608,pattern,1,214.724,14992.292,15531.432,8659328
11,2,padded,range,plain,true,8388608,pattern,1,210.524,758.104,980.728,312704
11,2,padded,stream-content,encrypted,false,8388608,pattern,1,183.333,14064.095,16213.804,8659328
11,2,padded,stream,encrypted-signed,false,8388608,pattern,1,926.217,18191.570,21168.214,8673664
11,2,padded,whole,encrypted,false,8388608,pattern,1,230.585,25246.387,27974.698,8659328
11,2,padded,stream,signed,false,8388608,pattern,1,19619.115,4700.656,24584.635,8673664
11,2,padded,stream-content,plain,true,8388608,pattern,1,217.384,3007.755,3248.409,312704
11,2,padded,stream-content,encrypted,true,8388608,pattern,1,230.594,2862.032,3114.896,312704
11,2,padded,stream,encrypted,false,8388608,pattern,1,189.603,14074.515,16257.164,8659328
11,2,padded,stream-content,encrypted-signed,true,8388608,pattern,1,970.078,4526.672,5524.330,322944
11,2,padded,whole,signed,true,8388608,pattern,1,7809.522,10649.683,18504.316,322944
11,2,padded,stream-content,signed,false,8388608,pattern,1,15184.825,4848.808,20359.839,8673664
11,2,padded,stream,signed,true,8388608,pattern,1,7878.602,4122.485,12048.148,322944
11,2,padded,range,encrypted-signed,true,8388608,pattern,1,1112.280,780.554,1906.135,322944
11,2,padded,range,encrypted-signed,false,8388608,pattern,1,876.396,8440.913,11246.284,8673664
11,2,padded,range,plain,false,8388608,pattern,1,209.173,9481.692,9907.909,8659328
11,2,padded,whole,encrypted-signed,true,8388608,pattern,1,966.357,7574.448,8578.106,322944
11,2,padded,stream-content,encrypted-signed,false,8388608,pattern,1,934.297,13996.184,16902.967,8673664
11,2,padded,range,signed,true,8388608,pattern,1,9289.008,672.722,9982.451,322944
11,2,padded,stream,plain,false,8388608,pattern,1,168.643,13421.704,13933.433,8659328
11,2,padded,stream-content,signed,true,8388608,pattern,1,8098.437,2972.983,11109.841,322944
11,2,padded,whole,encrypted-signed,false,8388608,pattern,1,921.617,20836.998,24280.560,8673664
11,2,padded,whole,encrypted,true,8388608,pattern,1,262.045,12116.410,12416.915,312704
11,2,padded,stream,encrypted,true,8388608,pattern,1,251.875,3105.366,3386.131,312704
11,2,padded,whole,plain,true,8388608,pattern,1,201.984,7439.935,7677.179,312704
11,2,padded,range,encrypted,true,8388608,pattern,1,273.315,781.184,1066.829,312704
11,2,padded,stream,plain,true,8388608,pattern,1,184.803,3104.046,3311.500,312704
11,2,padded,whole,signed,false,8388608,pattern,1,15093.004,12650.499,29683.109,8673664
11,2,padded,whole,plain,false,8388608,pattern,1,233.904,21087.542,23257.211,8659328
11,2,padded,range,plain,false,8388608,pattern,2,216.874,8054.226,8479.234,8659328
11,2,padded,stream-content,plain,false,8388608,pattern,2,183.623,10324.667,10827.656,8659328
11,2,padded,stream,encrypted,false,8388608,pattern,2,210.753,13828.681,15994.540,8659328
11,2,padded,stream-content,encrypted-signed,false,8388608,pattern,2,926.446,18428.834,21317.776,8673664
11,2,padded,range,plain,true,8388608,pattern,2,212.544,2219.760,2448.754,312704
11,2,padded,stream,encrypted-signed,false,8388608,pattern,2,896.946,16819.725,19719.567,8673664
11,2,padded,stream,plain,true,8388608,pattern,2,216.314,5435.248,5680.693,312704
11,2,padded,whole,encrypted-signed,false,8388608,pattern,2,928.097,22653.460,26079.163,8673664
11,2,padded,stream-content,signed,true,8388608,pattern,2,9318.949,2983.144,12331.293,322944
11,2,padded,range,encrypted,true,8388608,pattern,2,220.264,750.383,982.798,312704
11,2,padded,stream,encrypted,true,8388608,pattern,2,186.483,3899.741,4110.165,312704
11,2,padded,stream,signed,true,8388608,pattern,2,7788.051,2921.943,10732.075,322944
11,2,padded,range,encrypted,false,8388608,pattern,2,194.394,10787.045,12935.185,8659328
11,2,padded,whole,encrypted,true,8388608,pattern,2,239.235,12268.902,12541.708,312704
11,2,padded,range,encrypted-signed,true,8388608,pattern,2,976.617,815.915,1804.562,322944
11,2,padded,whole,encrypted-signed,true,8388608,pattern,2,887.506,7551.637,8478.943,322944
11,2,padded,stream-content,encrypted,false,8388608,pattern,2,218.054,14308.599,16553.080,8659328
11,2,padded,whole,signed,false,8388608,pattern,2,19927.641,12697.441,34552.946,8673664
11,2,padded,stream,plain,false,8388608,pattern,2,218.764,13174.279,13716.439,8659328
11,2,padded,stream-content,signed,false,8388608,pattern,2,15150.015,4878.008,20339.249,8673664
11,2,padded,stream-content,plain,true,8388608,pattern,2,217.204,3076.276,3321.691,312704
11,2,padded,whole,signed,true,8388608,pattern,2,7797.612,7629.958,15473.351,322944
11,2,padded,whole,encrypted,false,8388608,pattern,2,222.685,20546.052,23259.402,8659328
11,2,padded,range,encrypted-signed,false,8388608,pattern,2,953.887,12674.080,15488.421,8673664
11,2,padded,stream-content,encrypted,true,8388608,pattern,2,250.804,4496.142,4774.736,312704
11,2,padded,stream,encrypted-signed,true,8388608,pattern,2,959.137,3888.271,4881.828,322944
11,2,padded,stream,signed,false,8388608,pattern,2,17346.314,4627.574,22232.923,8673664
11,2,padded,range,signed,false,8388608,pattern,2,15064.963,1027.308,16390.477,8673664
11,2,padded,whole,plain,false,8388608,pattern,2,190.193,18248.301,20387.579,8659328
11,2,padded,whole,plain,true,8388608,pattern,2,230.284,10660.573,10933.598,312704
11,2,padded,range,signed,true,8388608,pattern,2,7814.312,676.982,8504.934,322944
11,2,padded,stream-content,encrypted-signed,true,8388608,pattern,2,919.876,2980.614,3921.561,322944
11,3,unpadded,range,signed,false,8388608,pattern,1,18070.607,1025.819,19315.060,8406880
11,3,unpadded,stream,encrypted-signed,true,8388608,pattern,1,916.976,3125.927,4069.694,56224
11,3,unpadded,range,encrypted,false,8388608,pattern,1,199.534,8462.553,10551.042,8391910
11,3,unpadded,stream-content,plain,false,8388608,pattern,1,194.304,14951.241,15498.181,8392070
11,3,unpadded,range,plain,true,8388608,pattern,1,204.294,784.254,1000.838,45609
11,3,unpadded,stream-content,encrypted,false,8388608,pattern,1,180.033,14750.677,17632.609,8391910
11,3,unpadded,stream,encrypted-signed,false,8388608,pattern,1,960.207,18745.910,21716.354,8406656
11,3,unpadded,whole,encrypted,false,8388608,pattern,1,210.813,25898.850,29123.327,8391910
11,3,unpadded,stream,signed,false,8388608,pattern,1,20459.911,4667.144,25384.180,8406880
11,3,unpadded,stream-content,plain,true,8388608,pattern,1,208.093,2994.435,3226.388,45609
11,3,unpadded,stream-content,encrypted,true,8388608,pattern,1,236.314,2874.012,3126.947,45459
11,3,unpadded,stream,encrypted,false,8388608,pattern,1,188.133,14051.635,16209.224,8391910
11,3,unpadded,stream-content,encrypted-signed,true,8388608,pattern,1,950.157,4505.232,5478.609,56224
11,3,unpadded,whole,signed,true,8388608,pattern,1,7773.311,10669.623,18486.165,56433
11,3,unpadded,stream-content,signed,false,8388608,pattern,1,14972.431,4887.199,20157.095,8406880
11,3,unpadded,stream,signed,true,8388608,pattern,1,7774.331,3052.705,10857.267,56433
11,3,unpadded,range,encrypted-signed,true,8388608,pattern,1,944.557,723.203,1679.731,56224
11,3,unpadded,range,encrypted-signed,false,8388608,pattern,1,873.266,8356.831,11056.990,8406656
11,3,unpadded,range,plain,false,8388608,pattern,1,189.944,9442.331,9846.429,8392070
11,3,unpadded,whole,encrypted-signed,true,8388608,pattern,1,942.808,7525.796,8507.265,56224
11,3,unpadded,stream-content,encrypted-signed,false,8388608,pattern,1,928.227,14524.884,17526.508,8406656
11,3,unpadded,range,signed,true,8388608,pattern,1,9543.763,684.862,10252.446,56433
11,3,unpadded,stream,plain,false,8388608,pattern,1,163.083,13204.240,13644.448,8392070
11,3,unpadded,stream-content,signed,true,8388608,pattern,1,7748.971,2884.942,10681.604,56433
11,3,unpadded,whole,encrypted-signed,false,8388608,pattern,1,915.706,20612.654,24033.995,8406656
11,3,unpadded,whole,encrypted,true,8388608,pattern,1,238.755,12086.609,12368.094,45459
11,3,unpadded,stream,encrypted,true,8388608,pattern,1,222.714,3084.656,3332.421,45459
11,3,unpadded,whole,plain,true,8388608,pattern,1,193.334,7521.696,7749.631,45609
11,3,unpadded,range,encrypted,true,8388608,pattern,1,219.754,785.754,1016.938,45459
11,3,unpadded,stream,plain,true,8388608,pattern,1,168.093,3033.755,3221.629,45609
11,3,unpadded,whole,signed,false,8388608,pattern,1,15065.163,12667.320,30039.505,8406880
11,3,unpadded,whole,plain,false,8388608,pattern,1,206.043,22588.890,24730.178,8392070
11,3,unpadded,range,plain,false,8388608,pattern,2,196.403,8068.807,8470.183,8392070
11,3,unpadded,stream-content,plain,false,8388608,pattern,2,173.593,10351.428,10854.227,8392070
11,3,unpadded,stream,encrypted,false,8388608,pattern,2,212.334,13811.961,16039.391,8391910
11,3,unpadded,stream-content,encrypted-signed,false,8388608,pattern,2,927.947,18472.225,21439.939,8406656
11,3,unpadded,range,plain,true,8388608,pattern,2,210.704,2209.250,2436.805,45609
11,3,unpadded,stream,encrypted-signed,false,8388608,pattern,2,890.766,17343.815,20246.447,8406656
11,3,unpadded,stream,plain,true,8388608,pattern,2,203.754,5430.818,5668.803,45609
11,3,unpadded,whole,encrypted-signed,false,8388608,pattern,2,973.808,23266.572,26751.185,8406656
11,3,unpadded,stream-content,signed,true,8388608,pattern,2,9403.711,2964.183,12399.865,56433
11,3,unpadded,range,encrypted,true,8388608,pattern,2,215.664,741.233,969.997,45459
11,3,unpadded,stream,encrypted,true,8388608,pattern,2,180.393,4059.923,4271.267,45459
11,3,unpadded,stream,signed,true,8388608,pattern,2,7894.753,3040.085,10969.298,56433
11,3,unpadded,range,encrypted,false,8388608,pattern,2,212.514,10679.604,12737.681,8391910
11,3,unpadded,whole,encrypted,true,8388608,pattern,2,228.234,12214.692,12485.826,45459
11,3,unpadded,range,encrypted-signed,true,8388608,pattern,2,962.388,800.074,1774.942,56224
11,3,unpadded,whole,encrypted-signed,true,8388608,pattern,2,892.446,7460.105,8393.442,56224
11,3,unpadded,stream-content,encrypted,false,8388608,pattern,2,211.653,13990.264,16230.994,8391910
11,3,unpadded,whole,signed,false,8388608,pattern,2,19484.293,12635.849,34420.424,8406880
11,3,unpadded,stream,plain,false,8388608,pattern,2,206.584,14626.215,15106.034,8392070
11,3,unpadded,stream-content,signed,false,8388608,pattern,2,14943.001,4966.290,20222.687,8406880
11,3,unpadded,stream-content,plain,true,8388608,pattern,2,214.934,3018.185,3252.569,45609
11,3,unpadded,whole,signed,true,8388608,pattern,2,7832.902,7596.998,15479.500,56433
11,3,unpadded,whole,encrypted,false,8388608,pattern,2,223.304,20510.072,23236.422,8391910
11,3,unpadded,range,encrypted-signed,false,8388608,pattern,2,947.988,12713.220,15598.953,8406656
11,3,unpadded,stream-content,encrypted,true,8388608,pattern,2,290.805,4854.048,5192.224,45459
11,3,unpadded,stream,encrypted-signed,true,8388608,pattern,2,966.788,3959.002,4958.020,56224
11,3,unpadded,stream,signed,false,8388608,pattern,2,17372.415,4614.163,22241.343,8406880
11,3,unpadded,range,signed,false,8388608,pattern,2,15004.772,1068.719,16317.606,8406880
11,3,unpadded,whole,plain,false,8388608,pattern,2,169.343,18358.793,20474.641,8392070
11,3,unpadded,whole,plain,true,8388608,pattern,2,215.394,10936.488,11199.803,45609
11,3,unpadded,range,signed,true,8388608,pattern,2,7869.743,673.642,8558.005,56433
11,3,unpadded,stream-content,encrypted-signed,true,8388608,pattern,2,923.106,2952.494,3893.020,56224
12,0,padded,stream-content,plain,false,8388608,pattern,1,185.043,12678.360,13191.739,8659328
12,0,padded,whole,encrypted-signed,true,8388608,pattern,1,958.768,7508.736,8503.424,322944
12,0,padded,stream-content,encrypted-signed,false,8388608,pattern,1,931.847,14078.725,16990.288,8673664
12,0,padded,range,plain,true,8388608,pattern,1,208.564,2213.860,2439.064,312704
12,0,padded,whole,signed,true,8388608,pattern,1,7719.960,10760.976,18521.946,322944
12,0,padded,whole,plain,false,8388608,pattern,1,213.884,18520.215,20715.205,8659328
12,0,padded,range,plain,false,8388608,pattern,1,204.444,8293.750,8715.458,8659328
12,0,padded,range,encrypted,false,8388608,pattern,1,213.994,8445.713,10510.080,8659328
12,0,padded,stream,signed,false,8388608,pattern,1,19831.730,4738.965,24861.121,8673664
12,0,padded,range,encrypted,true,8388608,pattern,1,236.725,818.495,1067.700,312704
12,0,padded,stream-content,signed,false,8388608,pattern,1,15307.148,4873.688,20471.951,8673664
12,0,padded,stream,encrypted-signed,true,8388608,pattern,1,986.108,3165.487,4178.646,322944
12,0,padded,stream-content,plain,true,8388608,pattern,1,199.924,2898.043,3117.607,312704
12,0,padded,whole,encrypted-signed,false,8388608,pattern,1,909.137,20747.046,24227.779,8673664
12,0,padded,whole,encrypted,true,8388608,pattern,1,267.535,12093.879,12405.405,312704
12,0,padded,stream,plain,false,8388608,pattern,1,205.634,10049.152,10549.611,8659328
12,0,padded,stream-content,encrypted,true,8388608,pattern,1,231.364,2944.423,3196.018,312704
12,0,padded,range,encrypted-signed,true,8388608,pattern,1,937.387,710.753,1659.980,322944
12,0,padded,stream,plain,true,8388608,pattern,1,185.643,2986.464,3193.938,312704
12,0,padded,stream,encrypted,false,8388608,pattern,1,191.934,13944.382,16140.403,8659328
12,0,padded,range,signed,true,8388608,pattern,1,9360.070,691.822,10077.343,322944
12,0,padded,stream,encrypted-signed,false,8388608,pattern,1,964.868,17276.193,20245.367,8673664
12,0,padded,stream-content,encrypted-signed,true,8388608,pattern,1,980.348,4612.953,5619.012,322944
12,0,padded,whole,encrypted,false,8388608,pattern,1,243.055,24547.045,27323.546,8659328
12,0,padded,whole,signed,false,8388608,pattern,1,19646.416,12864.423,34466.854,8673664
12,0,padded,range,encrypted-signed,false,8388608,pattern,1,958.247,11607.111,14603.535,8673664
12,0,padded,stream,encrypted,true,8388608,pattern,1,266.025,5513.390,5814.346,312704
12,0,padded,stream-content,encrypted,false,8388608,pattern,1,218.004,16472.298,18749.239,8659328
12,0,padded,range,signed,false,8388608,pattern,1,19810.849,1039.919,21238.675,8673664
12,0,padded,stream,signed,true,8388608,pattern,1,7969.794,3207.429,11232.404,322944
12,0,padded,stream-content,signed,true,8388608,pattern,1,7954.194,3002.615,11000.650,322944
12,0,padded,whole,plain,true,8388608,pattern,1,220.454,8189.688,8461.193,312704
12,0,padded,stream-content,signed,true,8388608,pattern,2,8130.177,3018.865,11193.893,322944
12,0,padded,stream,signed,false,8388608,pattern,2,16013.120,4743.476,21174.083,8673664
12,0,padded,stream-content,plain,true,8388608,pattern,2,228.834,3162.508,3433.152,312704
12,0,padded,stream-content,signed,false,8388608,pattern,2,16070.371,4935.760,21331.927,8673664
12,0,padded,stream-content,plain,false,8388608,pattern,2,218.574,10579.581,11163.102,8659328
12,0,padded,range,encrypted,true,8388608,pattern,2,232.614,774.814,1019.578,312704
12,0,padded,stream,plain,false,8388608,pattern,2,163.022,10220.906,10690.913,8659328
12,0,padded,stream,plain,true,8388608,pattern,2,240.745,3132.836,3397.682,312704
12,0,padded,stream,encrypted,false,8388608,pattern,2,204.524,14018.364,16238.105,8659328
12,0,padded,whole,signed,true,8388608,pattern,2,9374.730,10861.417,20281.588,322944
12,0,padded,range,plain,true,8388608,pattern,2,225.574,786.924,1029.979,312704
12,0,padded,stream-content,encrypted-signed,false,8388608,pattern,2,899.426,14056.165,16950.637,8673664
12,0,padded,whole,signed,false,8388608,pattern,2,19607.125,12663.600,34208.530,8673664
12,0,padded,whole,plain,false,8388608,pattern,2,221.014,21263.055,23453.435,8659328
12,0,padded,stream,encrypted-signed,true,8388608,pattern,2,987.088,4063.143,5079.602,322944
12,0,padded,range,encrypted,false,8388608,pattern,2,204.443,10601.532,12640.139,8659328
12,0,padded,stream-content,encrypted,true,8388608,pattern,2,247.035,4502.251,4775.077,312704
12,0,padded,range,signed,true,8388608,pattern,2,7903.553,679.152,8599.175,322944
12,0,padded,stream-content,encrypted-signed,true,8388608,pattern,2,913.216,2945.214,3879.740,322944
12,0,padded,stream,encrypted,true,8388608,pattern,2,211.643,3899.511,4136.085,312704
12,0,padded,stream-content,encrypted,false,8388608,pattern,2,198.894,16388.187,18594.867,8659328
12,0,padded,stream,signed,true,8388608,pattern,2,9937.880,3978.592,13955.523,322944
12,0,padded,range,encrypted-signed,false,8388608,pattern,2,950.727,10666.083,13497.984,8673664
12,0,padded,stream,encrypted-signed,false,8388608,pattern,2,937.787,18421.274,21389.088,8673664
12,0,padded,whole,encrypted-signed,false,8388608,pattern,2,935.257,25157.986,28658.540,8673664
12,0,padded,whole,encrypted-signed,true,8388608,pattern,2,993.718,12161.500,13199.029,322944
12,0,padded,range,signed,false,8388608,pattern,2,15224.676,1027.068,16517.759,8673664
12,0,padded,whole,encrypted,true,8388608,pattern,2,224.994,7499.976,7761.520,312704
12,0,padded,whole,plain,true,8388608,pattern,2,213.874,7477.236,7727.370,312704
12,0,padded,range,plain,false,8388608,pattern,2,221.924,5101.122,5482.159,8659328
12,0,padded,whole,encrypted,false,8388608,pattern,2,193.373,20562.603,23315.412,8659328
12,0,padded,range,encrypted-signed,true,8388608,pattern,2,1001.068,2304.152,3321.650,322944
12,1,unpadded,stream-content,plain,false,8388608,pattern,1,176.203,12792.002,13285.651,8392070
12,1,unpadded,whole,encrypted-signed,true,8388608,pattern,1,959.377,7585.128,8584.455,56224
12,1,unpadded,stream-content,encrypted-signed,false,8388608,pattern,1,922.487,14147.156,17152.881,8406656
12,1,unpadded,range,plain,true,8388608,pattern,1,209.873,2198.820,2424.944,45609
12,1,unpadded,whole,signed,true,8388608,pattern,1,7741.750,10597.712,18381.093,56433
12,1,unpadded,whole,plain,false,8388608,pattern,1,192.063,18278.702,20458.090,8392070
12,1,unpadded,range,plain,false,8388608,pattern,1,196.564,8181.388,8596.626,8392070
12,1,unpadded,range,encrypted,false,8388608,pattern,1,197.903,8313.041,10337.957,8391910
12,1,unpadded,stream,signed,false,8388608,pattern,1,19527.474,4626.733,24416.612,8406880
12,1,unpadded,range,encrypted,true,8388608,pattern,1,225.324,794.365,1030.849,45459
12,1,unpadded,stream-content,signed,false,8388608,pattern,1,15219.426,4920.109,20459.041,8406880
12,1,unpadded,stream,encrypted-signed,true,8388608,pattern,1,951.958,3192.288,4173.106,56224
12,1,unpadded,stream-content,plain,true,8388608,pattern,1,205.124,2866.202,3090.506,45609
12,1,unpadded,whole,encrypted-signed,false,8388608,pattern,1,899.937,20594.493,24019.696,8406656
12,1,unpadded,whole,encrypted,true,8388608,pattern,1,239.664,12439.635,12725.280,45459
12,1,unpadded,stream,plain,false,8388608,pattern,1,204.134,10237.715,10745.055,8392070
12,1,unpadded,stream-content,encrypted,true,8388608,pattern,1,217.334,2978.174,3220.099,45459
12,1,unpadded,range,encrypted-signed,true,8388608,pattern,1,932.687,722.933,1667.321,56224
12,1,unpadded,stream,plain,true,8388608,pattern,1,167.383,3176.548,3372.681,45609
12,1,unpadded,stream,encrypted,false,8388608,pattern,1,206.194,13982.093,16216.344,8391910
12,1,unpadded,range,signed,true,8388608,pattern,1,9286.689,687.062,9993.321,56433
12,1,unpadded,stream,encrypted-signed,false,8388608,pattern,1,900.216,16840.675,19721.507,8406656
12,1,unpadded,stream-content,encrypted-signed,true,8388608,pattern,1,946.397,4614.014,5590.411,56224
12,1,unpadded,whole,encrypted,false,8388608,pattern,1,201.374,23830.561,26600.682,8391910
12,1,unpadded,whole,signed,false,8388608,pattern,1,19733.257,12663.320,34737.499,8406880
12,1,unpadded,range,encrypted-signed,false,8388608,pattern,1,997.608,13115.038,16024.210,8406656
12,1,unpadded,stream,encrypted,true,8388608,pattern,1,233.884,5460.539,5731.084,45459
12,1,unpadded,stream-content,encrypted,false,8388608,pattern,1,224.634,16511.239,18771.000,8391910
12,1,unpadded,range,signed,false,8388608,pattern,1,19725.087,1037.139,21077.512,8406880
12,1,unpadded,stream,signed,true,8388608,pattern,1,7844.582,4258.817,12156.980,56433
12,1,unpadded,stream-content,signed,true,8388608,pattern,1,7949.104,3860.330,11851.254,56433
12,1,unpadded,whole,plain,true,8388608,pattern,1,277.085,9022.624,9331.399,45609
12,1,unpadded,stream-content,signed,true,8388608,pattern,2,8077.457,3043.435,11156.542,56433
12,1,unpadded,stream,signed,false,8388608,pattern,2,16180.944,4792.326,21299.846,8406880
12,1,unpadded,stream-content,plain,true,8388608,pattern,2,219.964,3211.328,3455.943,45609
12,1,unpadded,stream-content,signed,false,8388608,pattern,2,15670.494,5008.861,21014.871,8406880
12,1,unpadded,stream-content,plain,false,8388608,pattern,2,202.284,11373.496,12012.318,8392070
12,1,unpadded,range,encrypted,true,8388608,pattern,2,223.324,860.336,1097.460,45459
12,1,unpadded,stream,plain,false,8388608,pattern,2,157.393,10781.105,11342.825,8392070
12,1,unpadded,stream,plain,true,8388608,pattern,2,215.504,3460.743,3711.637,45609
12,1,unpadded,stream,encrypted,false,8388608,pattern,2,226.324,14526.243,16941.117,8391910
12,1,unpadded,whole,signed,true,8388608,pattern,2,9589.734,10984.349,20633.694,56433
12,1,unpadded,range,plain,true,8388608,pattern,2,223.544,845.835,1082.310,45609
12,1,unpadded,stream-content,encrypted-signed,false,8388608,pattern,2,948.187,16153.353,19377.741,8406656
12,1,unpadded,whole,signed,false,8388608,pattern,2,21123.783,13657.827,37227.394,8406880
12,1,unpadded,whole,plain,false,8388608,pattern,2,199.014,23770.830,25988.031,8392070
12,1,unpadded,stream,encrypted-signed,true,8388608,pattern,2,974.248,4265.617,5285.586,56224
12,1,unpadded,range,encrypted,false,8388608,pattern,2,200.883,11001.429,13216.379,8391910
12,1,unpadded,stream-content,encrypted,true,8388608,pattern,2,236.764,4600.534,4871.338,45459
12,1,unpadded,range,signed,true,8388608,pattern,2,7918.483,817.055,8771.739,56433
12,1,unpadded,stream-content,encrypted-signed,true,8388608,pattern,2,1026.218,3113.487,4168.745,56224
12,1,unpadded,stream,encrypted,true,8388608,pattern,2,268.145,4235.937,4538.662,45459
12,1,unpadded,stream-content,encrypted,false,8388608,pattern,2,198.784,17038.208,19485.863,8391910
12,1,unpadded,stream,signed,true,8388608,pattern,2,9818.808,4032.373,13890.762,56433
12,1,unpadded,range,encrypted-signed,false,8388608,pattern,2,947.817,10944.849,14029.925,8406656
12,1,unpadded,stream,encrypted-signed,false,8388608,pattern,2,999.028,18976.504,22158.262,8406656
12,1,unpadded,whole,encrypted-signed,false,8388608,pattern,2,1056.250,26467.259,30186.337,8406656
12,1,unpadded,whole,encrypted-signed,true,8388608,pattern,2,1299.124,14948.381,16291.835,56224
12,1,unpadded,range,signed,false,8388608,pattern,2,15674.234,1043.909,17028.599,8406880
12,1,unpadded,whole,encrypted,true,8388608,pattern,2,228.134,7780.081,8045.015,45459
12,1,unpadded,whole,plain,true,8388608,pattern,2,221.904,7962.934,8223.909,45609
12,1,unpadded,range,plain,false,8388608,pattern,2,194.513,5188.784,5546.670,8392070
12,1,unpadded,whole,encrypted,false,8388608,pattern,2,186.263,20858.448,23703.209,8391910
12,1,unpadded,range,encrypted-signed,true,8388608,pattern,2,1052.359,2358.623,3428.472,56224
12,2,unpadded,stream-content,plain,false,8388608,pattern,1,165.133,12914.404,13444.804,8392070
12,2,unpadded,whole,encrypted-signed,true,8388608,pattern,1,955.017,7558.927,8551.224,56224
12,2,unpadded,stream-content,encrypted-signed,false,8388608,pattern,1,928.887,14074.765,17008.968,8406656
12,2,unpadded,range,plain,true,8388608,pattern,1,213.144,2179.460,2408.624,45609
12,2,unpadded,whole,signed,true,8388608,pattern,1,7723.140,10600.842,18366.543,56433
12,2,unpadded,whole,plain,false,8388608,pattern,1,190.613,18217.680,20342.908,8392070
12,2,unpadded,range,plain,false,8388608,pattern,1,197.964,8204.858,8732.018,8392070
12,2,unpadded,range,encrypted,false,8388608,pattern,1,278.735,9106.035,11244.114,8391910
12,2,unpadded,stream,signed,false,8388608,pattern,1,19664.296,4754.006,24753.888,8406880
12,2,unpadded,range,encrypted,true,8388608,pattern,1,236.294,829.545,1079.730,45459
12,2,unpadded,stream-content,signed,false,8388608,pattern,1,15198.115,4947.910,20469.341,8406880
12,2,unpadded,stream,encrypted-signed,true,8388608,pattern,1,959.337,3144.367,4127.614,56224
12,2,unpadded,stream-content,plain,true,8388608,pattern,1,193.174,2875.432,3085.286,45609
12,2,unpadded,whole,encrypted-signed,false,8388608,pattern,1,900.567,20679.234,24062.846,8406656
12,2,unpadded,whole,encrypted,true,8388608,pattern,1,232.384,12087.079,12361.964,45459
12,2,unpadded,stream,plain,false,8388608,pattern,1,196.373,10100.973,10567.021,8392070
12,2,unpadded,stream-content,encrypted,true,8388608,pattern,1,212.184,2982.944,3218.158,45459
12,2,unpadded,range,encrypted-signed,true,8388608,pattern,1,939.797,731.033,1682.200,56224
12,2,unpadded,stream,plain,true,8388608,pattern,1,169.253,3043.535,3232.358,45609
12,2,unpadded,stream,encrypted,false,8388608,pattern,1,187.643,14027.254,16206.273,8391910
12,2,unpadded,range,signed,true,8388608,pattern,1,9221.837,670.492,9912.189,56433
12,2,unpadded,stream,encrypted-signed,false,8388608,pattern,1,874.246,16839.665,19710.187,8406656
12,2,unpadded,stream-content,encrypted-signed,true,8388608,pattern,1,951.457,4572.293,5551.200,56224
12,2,unpadded,whole,encrypted,false,8388608,pattern,1,205.664,24494.493,27856.715,8391910
12,2,unpadded,whole,signed,false,8388608,pattern,1,21729.403,17074.449,41729.495,8406880
12,2,unpadded,range,encrypted-signed,false,8388608,pattern,1,1453.886,16752.513,20662.954,8406656
12,2,unpadded,stream,encrypted,true,8388608,pattern,1,306.375,7478.146,7825.882,45459
12,2,unpadded,stream-content,encrypted,false,8388608,pattern,1,269.524,19688.007,22542.178,8391910
12,2,unpadded,range,signed,false,8388608,pattern,1,22186.782,1055.839,23652.178,8406880
12,2,unpadded,stream,signed,true,8388608,pattern,1,9693.846,4425.540,14173.707,56433
12,2,unpadded,stream-content,signed,true,8388608,pattern,1,9579.833,4166.086,13787.399,56433
12,2,unpadded,whole,plain,true,8388608,pattern,1,271.305,11748.523,12081.459,45609
12,2,unpadded,stream-content,signed,true,8388608,pattern,2,9730.946,4213.506,13988.654,56433
12,2,unpadded,stream,signed,false,8388608,pattern,2,16332.535,4857.988,21562.240,8406880
12,2,unpadded,stream-content,plain,true,8388608,pattern,2,274.855,4335.119,4644.614,45609
12,2,unpadded,stream-content,signed,false,8388608,pattern,2,16260.244,5150.764,21817.085,8406880
12,2,unpadded,stream-content,plain,false,8388608,pattern,2,246.105,11726.192,12422.705,8392070
12,2,unpadded,range,encrypted,true,8388608,pattern,2,300.486,1139.370,1457.856,45459
12,2,unpadded,stream,plain,false,8388608,pattern,2,204.334,10638.362,11244.914,8392070
12,2,unpadded,stream,plain,true,8388608,pattern,2,267.364,4501.452,4808.847,45609
12,2,unpadded,stream,encrypted,false,8388608,pattern,2,271.864,16066.941,18957.693,8391910
12,2,unpadded,whole,signed,true,8388608,pattern,2,11735.982,15746.516,27541.429,56433
12,2,unpadded,range,plain,true,8388608,pattern,2,270.785,1183.931,1472.057,45609
12,2,unpadded,stream-content,encrypted-signed,false,8388608,pattern,2,1325.794,16525.409,20481.761,8406656
12,2,unpadded,whole,signed,false,8388608,pattern,2,22198.502,16623.191,41759.626,8406880
12,2,unpadded,whole,plain,false,8388608,pattern,2,276.985,28338.394,31073.583,8392070
12,2,unpadded,stream,encrypted-signed,true,8388608,pattern,2,1409.676,5655.202,7108.219,56224
12,2,unpadded,range,encrypted,false,8388608,pattern,2,274.615,12980.325,15701.614,8391910
12,2,unpadded,stream-content,encrypted,true,8388608,pattern,2,314.306,6263.573,6622.520,45459
12,2,unpadded,range,signed,true,8388608,pattern,2,9597.394,1017.638,10641.683,56433
12,2,unpadded,stream-content,encrypted-signed,true,8388608,pattern,2,1385.265,4339.178,5762.144,56224
12,2,unpadded,stream,encrypted,true,8388608,pattern,2,327.176,5531.490,5900.227,45459
12,2,unpadded,stream-content,encrypted,false,8388608,pattern,2,270.984,19229.999,22085.430,8391910
12,2,unpadded,stream,signed,true,8388608,pattern,2,11832.834,5852.016,17726.801,56433
12,2,unpadded,range,encrypted-signed,false,8388608,pattern,2,1275.203,13401.202,17165.810,8406656
12,2,unpadded,stream,encrypted-signed,false,8388608,pattern,2,1380.785,22228.843,26213.015,8406656
12,2,unpadded,whole,encrypted-signed,false,8388608,pattern,2,1351.325,32149.322,36667.914,8406656
12,2,unpadded,whole,encrypted-signed,true,8388608,pattern,2,1405.536,17760.141,19259.629,56224
12,2,unpadded,range,signed,false,8388608,pattern,2,16372.437,1064.859,17847.213,8406880
12,2,unpadded,whole,encrypted,true,8388608,pattern,2,290.055,11809.874,12147.970,45459
12,2,unpadded,whole,plain,true,8388608,pattern,2,279.285,11724.843,12052.218,45609
12,2,unpadded,range,plain,false,8388608,pattern,2,240.585,5404.188,5913.697,8392070
12,2,unpadded,whole,encrypted,false,8388608,pattern,2,268.445,26152.084,29583.526,8391910
12,2,unpadded,range,encrypted-signed,true,8388608,pattern,2,1418.846,3156.787,4602.084,56224
12,3,padded,stream-content,plain,false,8388608,pattern,1,192.473,12874.633,13467.584,8659328
12,3,padded,whole,encrypted-signed,true,8388608,pattern,1,967.278,8045.246,9048.974,322944
12,3,padded,stream-content,encrypted-signed,false,8388608,pattern,1,1072.290,14406.710,17637.920,8673664
12,3,padded,range,plain,true,8388608,pattern,1,283.405,3038.805,3350.040,312704
12,3,padded,whole,signed,true,8388608,pattern,1,9605.464,15807.986,25466.231,322944
12,3,padded,whole,plain,false,8388608,pattern,1,294.135,22599.760,25370.599,8659328
12,3,padded,range,plain,false,8388608,pattern,1,294.616,9368.539,9979.851,8659328
12,3,padded,range,encrypted,false,8388608,pattern,1,282.385,10213.965,12939.124,8659328
12,3,padded,stream,signed,false,8388608,pattern,1,22501.588,4850.478,27734.643,8673664
12,3,padded,range,encrypted,true,8388608,pattern,1,318.855,1124.971,1461.546,312704
12,3,padded,stream-content,signed,false,8388608,pattern,1,16242.564,5168.983,21830.185,8673664
12,3,padded,stream,encrypted-signed,true,8388608,pattern,1,1494.387,4512.972,6046.739,322944
12,3,padded,stream-content,plain,true,8388608,pattern,1,281.405,4281.498,4601.903,312704
12,3,padded,whole,encrypted-signed,false,8388608,pattern,1,1373.995,26173.854,30679.966,8673664
12,3,padded,whole,encrypted,true,8388608,pattern,1,326.966,17971.755,18347.532,312704
12,3,padded,stream,plain,false,8388608,pattern,1,271.305,10896.257,11724.143,8659328
12,3,padded,stream-content,encrypted,true,8388608,pattern,1,319.006,4569.703,4926.300,312704
12,3,padded,range,encrypted-signed,true,8388608,pattern,1,1413.805,1071.940,2503.955,322944
12,3,padded,stream,plain,true,8388608,pattern,1,247.604,4851.708,5151.053,312704
12,3,padded,stream,encrypted,false,8388608,pattern,1,315.996,16444.407,19354.750,8659328
12,3,padded,range,signed,true,8388608,pattern,1,11692.212,1015.139,12749.301,322944
12,3,padded,stream,encrypted-signed,false,8388608,pattern,1,1480.137,20014.882,24073.126,8673664
12,3,padded,stream-content,encrypted-signed,true,8388608,pattern,1,1460.046,6296.634,7797.781,322944
12,3,padded,whole,encrypted,false,8388608,pattern,1,281.265,30073.104,33524.157,8659328
12,3,padded,whole,signed,false,8388608,pattern,1,22247.703,16590.430,41293.658,8673664
12,3,padded,range,encrypted-signed,false,8388608,pattern,1,1429.906,14150.486,18048.357,8673664
12,3,padded,stream,encrypted,true,8388608,pattern,1,320.095,7399.714,7761.590,312704
12,3,padded,stream-content,encrypted,false,8388608,pattern,1,298.075,19248.349,22152.121,8659328
12,3,padded,range,signed,false,8388608,pattern,1,22165.411,1054.090,23643.348,8673664
12,3,padded,stream,signed,true,8388608,pattern,1,9754.767,4443.160,14242.518,322944
12,3,padded,stream-content,signed,true,8388608,pattern,1,9710.306,4213.066,13965.963,322944
12,3,padded,whole,plain,true,8388608,pattern,1,279.555,11785.113,12118.519,312704
12,3,padded,stream-content,signed,true,8388608,pattern,2,9706.406,4207.966,13956.963,322944
12,3,padded,stream,signed,false,8388608,pattern,2,16214.553,4871.299,21456.398,8673664
12,3,padded,stream-content,plain,true,8388608,pattern,2,314.916,4270.648,4621.294,312704
12,3,padded,stream-content,signed,false,8388608,pattern,2,16238.664,5780.865,22429.196,8673664
12,3,padded,stream-content,plain,false,8388608,pattern,2,225.464,11145.042,11722.112,8659328
12,3,padded,range,encrypted,true,8388608,pattern,2,241.635,777.024,1032.689,312704
12,3,padded,stream,plain,false,8388608,pattern,2,185.964,10469.939,10959.829,8659328
12,3,padded,stream,plain,true,8388608,pattern,2,220.284,3248.498,3495.513,312704
12,3,padded,stream,encrypted,false,8388608,pattern,2,221.974,15404.169,18050.097,8659328
12,3,padded,whole,signed,true,8388608,pattern,2,11240.864,15553.281,26844.966,322944
12,3,padded,range,plain,true,8388608,pattern,2,261.555,1094.150,1369.625,312704
12,3,padded,stream-content,encrypted-signed,false,8388608,pattern,2,1299.473,16020.920,19854.659,8673664
12,3,padded,whole,signed,false,8388608,pattern,2,21922.437,16763.944,41206.086,8673664
12,3,padded,whole,plain,false,8388608,pattern,2,304.606,26872.846,29585.216,8659328
12,3,padded,stream,encrypted-signed,true,8388608,pattern,2,1369.045,5466.778,6872.634,322944
12,3,padded,range,encrypted,false,8388608,pattern,2,256.755,11086.010,13375.242,8659328
12,3,padded,stream-content,encrypted,true,8388608,pattern,2,246.785,4630.343,4908.309,312704
12,3,padded,range,signed,true,8388608,pattern,2,7928.263,693.623,8639.666,322944
12,3,padded,stream-content,encrypted-signed,true,8388608,pattern,2,942.377,3042.185,4015.342,322944
12,3,padded,stream,encrypted,true,8388608,pattern,2,222.874,3988.852,4243.507,312704
12,3,padded,stream-content,encrypted,false,8388608,pattern,2,216.204,16654.802,18945.563,8659328
12,3,padded,stream,signed,true,8388608,pattern,2,9723.476,3994.673,13761.479,322944
12,3,padded,range,encrypted-signed,false,8388608,pattern,2,954.008,10828.526,13748.889,8673664
12,3,padded,stream,encrypted-signed,false,8388608,pattern,2,951.097,18678.828,21748.544,8673664
12,3,padded,whole,encrypted-signed,false,8388608,pattern,2,1008.208,27912.985,31485.460,8673664
12,3,padded,whole,encrypted-signed,true,8388608,pattern,2,998.788,12664.349,13705.218,322944
12,3,padded,range,signed,false,8388608,pattern,2,15574.462,1035.708,16981.837,8673664
12,3,padded,whole,encrypted,true,8388608,pattern,2,239.804,7760.411,8036.506,312704
12,3,padded,whole,plain,true,8388608,pattern,2,226.754,7712.010,7974.185,312704
12,3,padded,range,plain,false,8388608,pattern,2,214.804,5103.553,5497.360,8659328
12,3,padded,whole,encrypted,false,8388608,pattern,2,192.913,20539.762,23241.830,8659328
12,3,padded,range,encrypted-signed,true,8388608,pattern,2,983.828,2300.452,3300.260,322944
13,0,unpadded,range,encrypted-signed,true,8388608,pattern,1,1025.908,748.494,1787.292,56224
13,0,unpadded,stream,encrypted,false,8388608,pattern,1,189.423,14655.246,16981.827,8391910
13,0,unpadded,whole,encrypted-signed,true,8388608,pattern,1,980.478,12789.091,13813.870,56224
13,0,unpadded,stream-content,plain,false,8388608,pattern,1,198.414,10568.601,11127.912,8392070
13,0,unpadded,whole,encrypted,false,8388608,pattern,1,219.964,20988.969,23789.050,8391910
13,0,unpadded,stream-content,encrypted-signed,false,8388608,pattern,1,950.977,19044.655,22194.772,8406656
13,0,unpadded,stream,plain,true,8388608,pattern,1,214.273,5671.413,5920.387,45609
13,0,unpadded,stream-content,encrypted,true,8388608,pattern,1,218.813,3068.136,3306.769,45459
13,0,unpadded,stream-content,signed,false,8388608,pattern,1,17848.533,4961.890,23169.969,8406880
13,0,unpadded,range,encrypted-signed,false,8388608,pattern,1,948.288,8931.171,11907.926,8406656
13,0,unpadded,stream,encrypted-signed,true,8388608,pattern,1,1056.069,5861.296,6957.626,56224
13,0,unpadded,stream,encrypted-signed,false,8388608,pattern,1,1002.988,16737.643,19798.828,8406656
13,0,unpadded,whole,encrypted,true,8388608,pattern,1,242.884,12551.398,12836.272,45459
13,0,unpadded,whole,plain,true,8388608,pattern,1,211.904,7622.448,7869.603,45609
13,0,unpadded,whole,plain,false,8388608,pattern,1,188.973,18659.028,20851.397,8392070
13,0,unpadded,stream-content,plain,true,8388608,pattern,1,227.904,3155.137,3401.961,45609
13,0,unpadded,range,signed,true,8388608,pattern,1,7876.213,704.342,8597.246,56433
13,0,unpadded,stream,encrypted,true,8388608,pattern,1,202.404,4032.283,4268.067,45459
13,0,unpadded,range,encrypted,false,8388608,pattern,1,202.134,10777.485,12890.623,8391910
13,0,unpadded,range,signed,false,8388608,pattern,1,19996.352,1045.269,21404.078,8406880
13,0,unpadded,range,encrypted,true,8388608,pattern,1,259.525,805.925,1077.430,45459
13,0,unpadded,stream-content,encrypted-signed,true,8388608,pattern,1,916.677,3007.194,3946.642,56224
13,0,unpadded,stream-content,signed,true,8388608,pattern,1,7776.090,2918.413,10728.794,56433
13,0,unpadded,whole,signed,true,8388608,pattern,1,7816.651,7739.870,15606.412,56433
13,0,unpadded,whole,signed,false,8388608,pattern,1,15391.969,12838.792,30557.973,8406880
13,0,unpadded,stream,plain,false,8388608,pattern,1,203.034,14759.397,15326.768,8392070
13,0,unpadded,stream,signed,true,8388608,pattern,1,7786.041,3101.386,10923.507,56433
13,0,unpadded,stream,signed,false,8388608,pattern,1,15624.393,4762.456,20703.305,8406880
13,0,unpadded,stream-content,encrypted,false,8388608,pattern,1,219.394,14654.605,16922.446,8391910
13,0,unpadded,whole,encrypted-signed,false,8388608,pattern,1,1061.059,25276.628,28850.713,8406656
13,0,unpadded,range,plain,true,8388608,pattern,1,229.634,2286.681,2535.305,45609
13,0,unpadded,range,plain,false,8388608,pattern,1,161.483,8063.526,8478.413,8392070
13,0,unpadded,stream,signed,false,8388608,pattern,2,15589.222,4706.096,20589.203,8406880
13,0,unpadded,stream,plain,true,8388608,pattern,2,213.444,3214.298,3458.052,45609
13,0,unpadded,range,signed,true,8388608,pattern,2,7720.500,675.472,8412.172,56433
13,0,unpadded,whole,encrypted-signed,false,8388608,pattern,2,898.346,20874.988,24338.681,8406656
13,0,unpadded,range,encrypted-signed,true,8388608,pattern,2,984.788,2465.815,3472.443,56224
13,0,unpadded,stream-content,signed,false,8388608,pattern,2,18388.592,4917.280,23656.408,8406880
13,0,unpadded,range,plain,false,8388608,pattern,2,195.803,5248.785,5652.202,8392070
13,0,unpadded,stream-content,encrypted,true,8388608,pattern,2,222.954,3044.025,3295.689,45459
13,0,unpadded,whole,plain,true,8388608,pattern,2,198.274,7730.359,7974.224,45609
13,0,unpadded,stream-content,plain,false,8388608,pattern,2,189.233,10723.175,11284.674,8392070
13,0,unpadded,whole,plain,false,8388608,pattern,2,183.404,18683.518,20879.048,8392070
13,0,unpadded,stream,encrypted-signed,true,8388608,pattern,2,971.548,4058.283,5063.852,56224
13,0,unpadded,stream,signed,true,8388608,pattern,2,7750.121,3015.934,10802.056,56433
13,0,unpadded,stream,encrypted-signed,false,8388608,pattern,2,923.827,16587.620,19680.496,8406656
13,0,unpadded,whole,encrypted,true,8388608,pattern,2,225.184,12243.872,12509.946,45459
13,0,unpadded,range,encrypted,false,8388608,pattern,2,244.585,8403.052,10576.441,8391910
13,0,unpadded,stream-content,plain,true,8388608,pattern,2,209.544,4546.472,4798.157,45609
13,0,unpadded,range,encrypted-signed,false,8388608,pattern,2,944.047,11588.170,14466.012,8406656
13,0,unpadded,range,signed,false,8388608,pattern,2,19677.666,1045.799,21188.113,8406880
13,0,unpadded,range,encrypted,true,8388608,pattern,2,284.385,963.368,1267.453,45459
13,0,unpadded,stream-content,encrypted-signed,false,8388608,pattern,2,1002.678,15613.292,18851.551,8406656
13,0,unpadded,whole,signed,true,8388608,pattern,2,9596.553,11535.639,21179.793,56433
13,0,unpadded,stream-content,signed,true,8388608,pattern,2,8049.796,2995.984,11080.320,56433
13,0,unpadded,whole,encrypted-signed,true,8388608,pattern,2,959.488,8069.446,9074.244,56224
13,0,unpadded,stream,encrypted,true,8388608,pattern,2,231.645,3282.019,3546.974,45459
13,0,unpadded,whole,signed,false,8388608,pattern,2,15577.302,12868.553,31061.172,8406880
13,0,unpadded,stream,plain,false,8388608,pattern,2,199.014,14891.629,15432.570,8392070
13,0,unpadded,range,plain,true,8388608,pattern,2,213.043,746.794,970.877,45609
13,0,unpadded,stream-content,encrypted,false,8388608,pattern,2,183.584,14364.660,16621.741,8391910
13,0,unpadded,stream-content,encrypted-signed,true,8388608,pattern,2,961.417,4567.333,5560.541,56224
13,0,unpadded,whole,encrypted,false,8388608,pattern,2,208.343,23835.962,26634.492,8391910
13,0,unpadded,stream,encrypted,false,8388608,pattern,2,230.595,18524.275,20915.929,8391910
13,1,padded,range,encrypted-signed,true,8388608,pattern,1,926.217,757.224,1694.761,322944
13,1,padded,stream,encrypted,false,8388608,pattern,1,190.434,13974.443,16139.042,8659328
13,1,padded,whole,encrypted-signed,true,8388608,pattern,1,955.998,12240.611,13239.850,322944
13,1,padded,stream-content,plain,false,8388608,pattern,1,221.784,10396.358,11015.629,8659328
13,1,padded,whole,encrypted,false,8388608,pattern,1,235.404,20787.056,23547.696,8659328
13,1,padded,stream-content,encrypted-signed,false,8388608,pattern,1,954.417,18558.086,21564.060,8673664
13,1,padded,stream,plain,true,8388608,pattern,1,225.214,5446.349,5704.883,312704
13,1,padded,stream-content,encrypted,true,8388608,pattern,1,239.364,2944.684,3204.898,312704
13,1,padded,stream-content,signed,false,8388608,pattern,1,17530.007,4838.788,22711.611,8673664
13,1,padded,range,encrypted-signed,false,8388608,pattern,1,939.947,8473.423,11318.645,8673664
13,1,padded,stream,encrypted-signed,true,8388608,pattern,1,980.758,5434.829,6449.337,322944
13,1,padded,stream,encrypted-signed,false,8388608,pattern,1,929.527,16231.904,19229.498,8673664
13,1,padded,whole,encrypted,true,8388608,pattern,1,343.346,12520.907,12908.903,312704
13,1,padded,whole,plain,true,8388608,pattern,1,230.894,7938.194,8207.859,312704
13,1,padded,whole,plain,false,8388608,pattern,1,216.474,18763.229,21029.380,8659328
13,1,padded,stream-content,plain,true,8388608,pattern,1,228.414,3094.206,3347.121,312704
13,1,padded,range,signed,true,8388608,pattern,1,7738.260,678.142,8430.993,322944
13,1,padded,stream,encrypted,true,8388608,pattern,1,205.844,3923.291,4154.955,312704
13,1,padded,range,encrypted,false,8388608,pattern,1,203.524,10860.186,12977.175,8659328
13,1,padded,range,signed,false,8388608,pattern,1,19762.647,1038.329,21067.141,8673664
13,1,padded,range,encrypted,true,8388608,pattern,1,221.494,778.425,1012.649,312704
13,1,padded,stream-content,encrypted-signed,true,8388608,pattern,1,922.857,3038.215,3983.872,322944
13,1,padded,stream-content,signed,true,8388608,pattern,1,7734.990,2822.561,10572.621,322944
13,1,padded,whole,signed,true,8388608,pattern,1,7754.360,7684.589,15485.210,322944
13,1,padded,whole,signed,false,8388608,pattern,1,15238.625,12679.760,29827.060,8673664
13,1,padded,stream,plain,false,8388608,pattern,1,217.804,13411.403,14021.244,8659328
13,1,padded,stream,signed,true,8388608,pattern,1,7848.572,3162.367,11050.130,322944
13,1,padded,stream,signed,false,8388608,pattern,1,15039.852,4627.734,19919.330,8673664
13,1,padded,stream-content,encrypted,false,8388608,pattern,1,211.204,14059.244,16263.984,8659328
13,1,padded,whole,encrypted-signed,false,8388608,pattern,1,937.417,25027.273,28552.807,8673664
13,1,padded,range,plain,true,8388608,pattern,1,249.384,2287.241,2554.706,312704
13,1,padded,range,plain,false,8388608,pattern,1,177.543,7987.715,8426.253,8659328
13,1,padded,stream,signed,false,8388608,pattern,2,16831.405,5024.161,22165.392,8673664
13,1,padded,stream,plain,true,8388608,pattern,2,274.785,3511.454,3819.179,312704
13,1,padded,range,signed,true,8388608,pattern,2,8401.502,691.923,9108.955,322944
13,1,padded,whole,encrypted-signed,false,8388608,pattern,2,1035.009,22054.679,25665.285,8673664
13,1,padded,range,encrypted-signed,true,8388608,pattern,2,1000.598,2318.652,3336.060,322944
13,1,padded,stream-content,signed,false,8388608,pattern,2,18308.262,5057.281,23665.109,8673664
13,1,padded,range,plain,false,8388608,pattern,2,217.214,5149.533,5554.080,8659328
13,1,padded,stream-content,encrypted,true,8388608,pattern,2,221.694,2976.634,3223.318,312704
13,1,padded,whole,plain,true,8388608,pattern,2,197.043,7469.885,7709.749,312704
13,1,padded,stream-content,plain,false,8388608,pattern,2,205.514,10852.026,11382.646,8659328
13,1,padded,whole,plain,false,8388608,pattern,2,197.433,18119.078,20254.496,8659328
13,1,padded,stream,encrypted-signed,true,8388608,pattern,2,989.238,4007.023,5024.581,322944
13,1,padded,stream,signed,true,8388608,pattern,2,7690.999,2939.363,10649.622,322944
13,1,padded,stream,encrypted-signed,false,8388608,pattern,2,911.007,16149.502,19068.595,8673664
13,1,padded,whole,encrypted,true,8388608,pattern,2,233.974,12086.749,12367.474,312704
13,1,padded,range,encrypted,false,8388608,pattern,2,226.954,8321.520,10403.138,8659328
13,1,padded,stream-content,plain,true,8388608,pattern,2,220.714,4426.210,4671.064,312704
13,1,padded,range,encrypted-signed,false,8388608,pattern,2,915.966,11304.085,14036.914,8673664
13,1,padded,range,signed,false,8388608,pattern,2,19602.004,1028.329,21089.451,8673664
13,1,padded,range,encrypted,true,8388608,pattern,2,254.425,866.715,1145.331,312704
13,1,padded,stream-content,encrypted-signed,false,8388608,pattern,2,958.668,14267.278,17272.643,8673664
13,1,padded,whole,signed,true,8388608,pattern,2,9356.719,10580.132,19982.912,322944
13,1,padded,stream-content,signed,true,8388608,pattern,2,7758.481,2892.772,10676.274,322944
13,1,padded,whole,encrypted-signed,true,8388608,pattern,2,931.327,7530.896,8503.824,322944
13,1,padded,stream,encrypted,true,8388608,pattern,2,238.074,3089.066,3354.791,312704
13,1,padded,whole,signed,false,8388608,pattern,2,14983.181,12516.627,29437.613,8673664
13,1,padded,stream,plain,false,8388608,pattern,2,227.444,13025.946,13531.655,8659328
13,1,padded,range,plain,true,8388608,pattern,2,206.874,729.753,948.148,312704
13,1,padded,stream-content,encrypted,false,8388608,pattern,2,175.373,14350.470,16560.010,8659328
13,1,padded,stream-content,encrypted-signed,true,8388608,pattern,2,965.128,4462.121,5449.759,322944
13,1,padded,whole,encrypted,false,8388608,pattern,2,198.973,23514.976,26262.835,8659328
13,1,padded,stream,encrypted,false,8388608,pattern,2,222.735,18199.179,20416.120,8659328
13,2,padded,range,encrypted-signed,true,8388608,pattern,1,1054.469,768.824,1835.123,322944
13,2,padded,stream,encrypted,false,8388608,pattern,1,282.995,14984.431,17280.733,8659328
13,2,padded,whole,encrypted-signed,true,8388608,pattern,1,975.098,12056.408,13072.746,322944
13,2,padded,stream-content,plain,false,8388608,pattern,1,218.444,10305.247,10846.946,8659328
13,2,padded,whole,encrypted,false,8388608,pattern,1,203.584,20246.706,22914.815,8659328
13,2,padded,stream-content,encrypted-signed,false,8388608,pattern,1,1073.609,19509.643,22617.869,8673664
13,2,padded,stream,plain,true,8388608,pattern,1,306.545,5379.578,5714.753,312704
13,2,padded,stream-content,encrypted,true,8388608,pattern,1,314.326,2873.171,3202.918,312704
13,2,padded,stream-content,signed,false,8388608,pattern,1,17689.850,4843.528,22904.665,8673664
13,2,padded,range,encrypted-signed,false,8388608,pattern,1,942.077,8641.477,11552.419,8673664
13,2,padded,stream,encrypted-signed,true,8388608,pattern,1,1163.871,5553.751,6757.463,322944
13,2,padded,stream,encrypted-signed,false,8388608,pattern,1,937.016,16139.052,19077.325,8673664
13,2,padded,whole,encrypted,true,8388608,pattern,1,229.874,12099.209,12372.353,312704
13,2,padded,whole,plain,true,8388608,pattern,1,231.354,7377.644,7644.278,312704
13,2,padded,whole,plain,false,8388608,pattern,1,221.714,18059.527,20237.876,8659328
13,2,padded,stream-content,plain,true,8388608,pattern,1,245.714,3070.976,3334.770,312704
13,2,padded,range,signed,true,8388608,pattern,1,7653.178,667.132,8332.441,322944
13,2,padded,stream,encrypted,true,8388608,pattern,1,201.114,3800.218,4026.223,312704
13,2,padded,range,encrypted,false,8388608,pattern,1,203.964,10571.521,12601.848,8659328
13,2,padded,range,signed,false,8388608,pattern,1,19197.797,1020.909,20435.800,8673664
13,2,padded,range,encrypted,true,8388608,pattern,1,214.933,744.304,970.337,312704
13,2,padded,stream-content,encrypted-signed,true,8388608,pattern,1,913.057,2971.854,3905.201,322944
13,2,padded,stream-content,signed,true,8388608,pattern,1,7724.919,3016.955,10784.285,322944
13,2,padded,whole,signed,true,8388608,pattern,1,7914.293,7764.030,15717.524,322944
13,2,padded,whole,signed,false,8388608,pattern,1,15542.731,12822.602,30293.188,8673664
13,2,padded,stream,plain,false,8388608,pattern,1,231.054,13145.368,13723.818,8659328
13,2,padded,stream,signed,true,8388608,pattern,1,7844.442,3039.945,10913.627,322944
13,2,padded,stream,signed,false,8388608,pattern,1,15192.005,4668.404,20116.944,8673664
13,2,padded,stream-content,encrypted,false,8388608,pattern,1,214.494,14190.867,16412.877,8659328
13,2,padded,whole,encrypted-signed,false,8388608,pattern,1,927.706,24844.900,28273.551,8673664
13,2,padded,range,plain,true,8388608,pattern,1,245.815,2283.001,2546.446,312704
13,2,padded,range,plain,false,8388608,pattern,1,182.443,7986.384,8377.471,8659328
13,2,padded,stream,signed,false,8388608,pattern,2,14879.099,4587.343,19725.966,8673664
13,2,padded,stream,plain,true,8388608,pattern,2,226.734,3088.356,3338.401,312704
13,2,padded,range,signed,true,8388608,pattern,2,7650.779,664.882,8328.471,322944
13,2,padded,whole,encrypted-signed,false,8388608,pattern,2,859.336,20516.561,23923.623,8673664
13,2,padded,range,encrypted-signed,true,8388608,pattern,2,984.638,2301.422,3302.460,322944
13,2,padded,stream-content,signed,false,8388608,pattern,2,17748.772,4824.247,22874.334,8673664
13,2,padded,range,plain,false,8388608,pattern,2,217.774,5000.640,5382.937,8659328
13,2,padded,stream-content,encrypted,true,8388608,pattern,2,208.854,2969.513,3200.028,312704
13,2,padded,whole,plain,true,8388608,pattern,2,215.244,7515.366,7768.691,312704
13,2,padded,stream-content,plain,false,8388608,pattern,2,211.024,10242.205,10766.905,8659328
13,2,padded,whole,plain,false,8388608,pattern,2,194.154,18089.947,20248.887,8659328
13,2,padded,stream,encrypted-signed,true,8388608,pattern,2,984.227,3990.862,5002.720,322944
13,2,padded,stream,signed,true,8388608,pattern,2,7651.798,2910.843,10584.891,322944
13,2,padded,stream,encrypted-signed,false,8388608,pattern,2,905.136,16047.630,18998.893,8673664
13,2,padded,whole,encrypted,true,8388608,pattern,2,239.375,12051.488,12338.483,312704
13,2,padded,range,encrypted,false,8388608,pattern,2,233.754,8694.788,10793.396,8659328
13,2,padded,stream-content,plain,true,8388608,pattern,2,239.735,4481.421,4747.366,312704
13,2,padded,range,encrypted-signed,false,8388608,pattern,2,913.906,11337.066,14083.935,8673664
13,2,padded,range,signed,false,8388608,pattern,2,19256.269,1021.488,20521.342,8673664
13,2,padded,range,encrypted,true,8388608,pattern,2,217.394,747.614,976.608,312704
13,2,padded,stream-content,encrypted-signed,false,8388608,pattern,2,871.706,13993.943,16889.676,8673664
13,2,padded,whole,signed,true,8388608,pattern,2,9202.946,10610.872,19863.729,322944
13,2,padded,stream-content,signed,true,8388608,pattern,2,7788.341,2937.083,10752.945,322944
13,2,padded,whole,encrypted-signed,true,8388608,pattern,2,939.827,7617.318,8597.386,322944
13,2,padded,stream,encrypted,true,8388608,pattern,2,236.764,3125.147,3388.231,312704
13,2,padded,whole,signed,false,8388608,pattern,2,14952.530,12725.600,29668.787,8673664
13,2,padded,stream,plain,false,8388608,pattern,2,232.925,13387.112,13923.472,8659328
13,2,padded,range,plain,true,8388608,pattern,2,253.335,743.893,1009.088,312704
13,2,padded,stream-content,encrypted,false,8388608,pattern,2,212.304,14633.054,16880.565,8659328
13,2,padded,stream-content,encrypted-signed,true,8388608,pattern,2,1030.259,4514.311,5568.281,322944
13,2,padded,whole,encrypted,false,8388608,pattern,2,205.794,23496.885,26190.444,8659328
13,2,padded,stream,encrypted,false,8388608,pattern,2,234.174,18121.888,20328.178,8659328
13,3,unpadded,range,encrypted-signed,true,8388608,pattern,1,905.236,730.673,1646.899,56224
13,3,unpadded,stream,encrypted,false,8388608,pattern,1,170.573,13890.851,16075.600,8391910
13,3,unpadded,whole,encrypted-signed,true,8388608,pattern,1,942.507,12048.698,13032.296,56224
13,3,unpadded,stream-content,plain,false,8388608,pattern,1,198.794,10242.835,10757.384,8392070
13,3,unpadded,whole,encrypted,false,8388608,pattern,1,199.794,20404.569,23129.009,8391910
13,3,unpadded,stream-content,encrypted-signed,false,8388608,pattern,1,954.777,18355.072,21309.155,8406656
13,3,unpadded,stream,plain,true,8388608,pattern,1,208.014,5331.496,5566.101,45609
13,3,unpadded,stream-content,encrypted,true,8388608,pattern,1,213.644,2867.572,3098.586,45459
13,3,unpadded,stream-content,signed,false,8388608,pattern,1,17191.271,4791.046,22281.163,8406880
13,3,unpadded,range,encrypted-signed,false,8388608,pattern,1,927.016,8348.441,11127.221,8406656
13,3,unpadded,stream,encrypted-signed,true,8388608,pattern,1,940.797,5375.767,6348.685,56224
13,3,unpadded,stream,encrypted-signed,false,8388608,pattern,1,912.977,15974.649,18926.163,8406656
13,3,unpadded,whole,encrypted,true,8388608,pattern,1,218.714,12009.878,12268.872,45459
13,3,unpadded,whole,plain,true,8388608,pattern,1,215.164,7292.112,7539.087,45609
13,3,unpadded,whole,plain,false,8388608,pattern,1,191.274,17964.825,20108.054,8392070
13,3,unpadded,stream-content,plain,true,8388608,pattern,1,221.254,3112.346,3352.890,45609
13,3,unpadded,range,signed,true,8388608,pattern,1,7611.818,669.982,8293.950,56433
13,3,unpadded,stream,encrypted,true,8388608,pattern,1,188.234,3792.228,4004.693,45459
13,3,unpadded,range,encrypted,false,8388608,pattern,1,189.374,10534.190,12536.317,8391910
13,3,unpadded,range,signed,false,8388608,pattern,1,19199.027,1024.979,20450.330,8406880
13,3,unpadded,range,encrypted,true,8388608,pattern,1,209.673,750.204,971.207,45459
13,3,unpadded,stream-content,encrypted-signed,true,8388608,pattern,1,897.777,2947.873,3865.090,56224
13,3,unpadded,stream-content,signed,true,8388608,pattern,1,7661.728,2791.961,10472.259,56433
13,3,unpadded,whole,signed,true,8388608,pattern,1,7639.068,7475.575,15158.084,56433
13,3,unpadded,whole,signed,false,8388608,pattern,1,14825.708,12457.615,29587.905,8406880
13,3,unpadded,stream,plain,false,8388608,pattern,1,206.534,14474.851,15244.986,8392070
13,3,unpadded,stream,signed,true,8388608,pattern,1,7886.892,3075.306,11002.589,56433
13,3,unpadded,stream,signed,false,8388608,pattern,1,14954.810,4576.983,19780.897,8406880
13,3,unpadded,stream-content,encrypted,false,8388608,pattern,1,213.434,14045.744,16279.035,8391910
13,3,unpadded,whole,encrypted-signed,false,8388608,pattern,1,921.547,24597.915,28061.998,8406656
13,3,unpadded,range,plain,true,8388608,pattern,1,224.074,2250.851,2492.665,45609
13,3,unpadded,range,plain,false,8388608,pattern,1,164.913,7863.692,8237.259,8392070
13,3,unpadded,stream,signed,false,8388608,pattern,2,14845.409,4605.163,19699.846,8406880
13,3,unpadded,stream,plain,true,8388608,pattern,2,217.434,3084.146,3327.520,45609
13,3,unpadded,range,signed,true,8388608,pattern,2,7648.038,682.153,8342.821,56433
13,3,unpadded,whole,encrypted-signed,false,8388608,pattern,2,885.256,20279.837,23673.319,8406656
13,3,unpadded,range,encrypted-signed,true,8388608,pattern,2,948.428,2261.880,3226.009,56224
13,3,unpadded,stream-content,signed,false,8388608,pattern,2,17831.583,4815.917,22938.095,8406880
13,3,unpadded,range,plain,false,8388608,pattern,2,196.163,4993.570,5343.247,8392070
13,3,unpadded,stream-content,encrypted,true,8388608,pattern,2,209.414,2961.723,3193.678,45459
13,3,unpadded,whole,plain,true,8388608,pattern,2,186.834,7499.815,7728.110,45609
13,3,unpadded,stream-content,plain,false,8388608,pattern,2,195.623,10100.043,10608.032,8392070
13,3,unpadded,whole,plain,false,8388608,pattern,2,177.063,17820.852,19941.260,8392070
13,3,unpadded,stream,encrypted-signed,true,8388608,pattern,2,950.067,4016.193,4995.560,56224
13,3,unpadded,stream,signed,true,8388608,pattern,2,7597.747,2914.003,10534.291,56433
13,3,unpadded,stream,encrypted-signed,false,8388608,pattern,2,899.807,16061.460,18972.013,8406656
13,3,unpadded,whole,encrypted,true,8388608,pattern,2,221.134,12032.828,12293.142,45459
13,3,unpadded,range,encrypted,false,8388608,pattern,2,214.914,8215.959,10288.346,8391910
13,3,unpadded,stream-content,plain,true,8388608,pattern,2,218.974,4456.431,4699.215,45609
13,3,unpadded,range,encrypted-signed,false,8388608,pattern,2,926.746,11322.985,14065.964,8406656
13,3,unpadded,range,signed,false,8388608,pattern,2,19203.567,1025.999,20448.170,8406880
13,3,unpadded,range,encrypted,true,8388608,pattern,2,208.484,747.884,968.168,45459
13,3,unpadded,stream-content,encrypted-signed,false,8388608,pattern,2,880.506,13831.800,16702.132,8406656
13,3,unpadded,whole,signed,true,8388608,pattern,2,9153.836,10511.770,19714.247,56433
13,3,unpadded,stream-content,signed,true,8388608,pattern,2,7882.723,2979.984,10899.867,56433
13,3,unpadded,whole,encrypted-signed,true,8388608,pattern,2,940.937,7643.388,8626.936,56224
13,3,unpadded,stream,encrypted,true,8388608,pattern,2,230.144,3091.226,3349.071,45459
13,3,unpadded,whole,signed,false,8388608,pattern,2,14892.450,12523.316,29757.338,8406880
13,3,unpadded,stream,plain,false,8388608,pattern,2,204.284,14381.980,14854.419,8392070
13,3,unpadded,range,plain,true,8388608,pattern,2,198.063,724.643,933.807,45609
13,3,unpadded,stream-content,encrypted,false,8388608,pattern,2,169.013,13989.093,16159.212,8391910
13,3,unpadded,stream-content,encrypted-signed,true,8388608,pattern,2,968.087,4522.802,5522.090,56224
13,3,unpadded,whole,encrypted,false,8388608,pattern,2,201.993,23271.141,25985.189,8391910
13,3,unpadded,stream,encrypted,false,8388608,pattern,2,226.384,18061.257,20273.487,8391910
14,0,padded,stream-content,plain,true,8388608,pattern,1,193.354,2835.741,3045.285,312704
14,0,padded,stream-content,signed,false,8388608,pattern,1,17340.443,4806.297,22450.656,8673664
14,0,padded,whole,encrypted-signed,true,8388608,pattern,1,960.407,7463.675,8460.463,322944
14,0,padded,whole,encrypted-signed,false,8388608,pattern,1,937.347,20343.028,23810.651,8673664
14,0,padded,range,encrypted-signed,false,8388608,pattern,1,951.437,12648.959,15455.529,8673664
14,0,padded,whole,plain,true,8388608,pattern,1,233.544,11903.336,12178.780,312704
14,0,padded,stream,encrypted,true,8388608,pattern,1,245.355,3071.855,3341.721,312704
14,0,padded,stream,plain,false,8388608,pattern,1,192.944,9994.091,10451.229,8659328
14,0,padded,stream-content,plain,false,8388608,pattern,1,189.604,10175.724,10678.543,8659328
14,0,padded,range,signed,true,8388608,pattern,1,7726.020,664.792,8405.442,322944
14,0,padded,stream-content,encrypted-signed,false,8388608,pattern,1,860.135,13957.063,16831.024,8673664
14,0,padded,stream,encrypted,false,8388608,pattern,1,220.594,18057.926,20268.466,8659328
14,0,padded,stream-content,encrypted-signed,true,8388608,pattern,1,950.707,4451.691,5426.608,322944
14,0,padded,range,signed,false,8388608,pattern,1,17901.544,1019.478,19142.196,8673664
14,0,padded,whole,signed,false,8388608,pattern,1,14770.117,12548.387,29260.689,8673664
14,0,padded,range,plain,false,8388608,pattern,1,221.064,8031.995,8460.313,8659328
14,0,padded,stream,signed,true,8388608,pattern,1,7708.819,3036.085,10776.815,322944
14,0,padded,whole,encrypted,true,8388608,pattern,1,223.124,7456.625,7722.060,312704
14,0,padded,whole,signed,true,8388608,pattern,1,7738.240,7307.182,15080.872,322944
14,0,padded,whole,plain,false,8388608,pattern,1,209.054,18163.498,20325.278,8659328
14,0,padded,range,encrypted,false,8388608,pattern,1,230.844,11194.882,13209.888,8659328
14,0,padded,stream-content,encrypted,true,8388608,pattern,1,247.805,4450.710,4726.826,312704
14,0,padded,stream,plain,true,8388608,pattern,1,212.344,3783.349,4018.993,312704
14,0,padded,stream-content,signed,true,8388608,pattern,1,7669.818,2779.400,10468.709,322944
14,0,padded,whole,encrypted,false,8388608,pattern,1,192.374,22624.639,25328.778,8659328
14,0,padded,stream,signed,false,8388608,pattern,1,19659.276,4688.444,24632.046,8673664
14,0,padded,stream-content,encrypted,false,8388608,pattern,1,228.495,14137.595,16339.726,8659328
14,0,padded,stream,encrypted-signed,false,8388608,pattern,1,918.266,18140.318,21104.801,8673664
14,0,padded,stream,encrypted-signed,true,8388608,pattern,1,968.348,5799.085,6810.463,322944
14,0,padded,range,encrypted-signed,true,8388608,pattern,1,1011.948,827.545,1856.354,322944
14,0,padded,range,encrypted,true,8388608,pattern,1,204.104,727.923,943.387,312704
14,0,padded,range,plain,true,8388608,pattern,1,183.373,716.293,909.926,312704
14,0,padded,stream-content,signed,false,8388608,pattern,2,17617.869,4887.788,22851.024,8673664
14,0,padded,stream,encrypted-signed,true,8388608,pattern,2,975.837,3162.087,4168.245,322944
14,0,padded,range,encrypted-signed,false,8388608,pattern,2,919.516,8517.294,11478.267,8673664
14,0,padded,stream,signed,true,8388608,pattern,2,9375.910,3918.450,13335.331,322944
14,0,padded,stream-content,encrypted-signed,true,8388608,pattern,2,975.258,2990.954,3993.352,322944
14,0,padded,whole,signed,false,8388608,pattern,2,17660.099,12586.578,32164.551,8673664
14,0,padded,range,signed,true,8388608,pattern,2,7821.952,674.322,8511.384,322944
14,0,padded,stream-content,signed,true,8388608,pattern,2,7604.078,2935.393,10555.011,322944
14,0,padded,range,plain,false,8388608,pattern,2,175.943,7996.805,8377.811,8659328
14,0,padded,range,plain,true,8388608,pattern,2,201.983,756.894,969.947,312704
14,0,padded,whole,encrypted-signed,false,8388608,pattern,2,881.066,20197.715,23589.096,8673664
14,0,padded,stream,encrypted,false,8388608,pattern,2,239.574,18054.537,20944.489,8659328
14,0,padded,whole,encrypted,true,8388608,pattern,2,283.425,12319.403,12649.849,312704
14,0,padded,whole,signed,true,8388608,pattern,2,7761.911,7349.413,15149.424,322944
14,0,padded,range,encrypted,true,8388608,pattern,2,252.495,820.124,1083.930,312704
14,0,padded,stream,plain,true,8388608,pattern,2,191.353,3103.766,3323.840,312704
14,0,padded,stream-content,encrypted,false,8388608,pattern,2,219.454,14113.835,16334.835,8659328
14,0,padded,range,encrypted,false,8388608,pattern,2,212.994,12717.070,14822.218,8659328
14,0,padded,stream,signed,false,8388608,pattern,2,19655.865,4595.923,24508.883,8673664
14,0,padded,stream-content,plain,true,8388608,pattern,2,228.754,2952.783,3203.158,312704
14,0,padded,range,signed,false,8388608,pattern,2,15137.144,1018.648,16389.067,8673664
14,0,padded,whole,plain,true,8388608,pattern,2,205.524,7324.112,7565.267,312704
14,0,padded,stream-content,plain,false,8388608,pattern,2,198.093,10340.297,10877.887,8659328
14,0,padded,range,encrypted-signed,true,8388608,pattern,2,946.598,761.763,1719.982,322944
14,0,padded,whole,encrypted-signed,true,8388608,pattern,2,880.586,7367.293,8287.620,322944
14,0,padded,stream,plain,false,8388608,pattern,2,208.154,10838.626,11329.995,8659328
14,0,padded,whole,plain,false,8388608,pattern,2,188.263,18200.460,20345.298,8659328
14,0,padded,stream-content,encrypted-signed,false,8388608,pattern,2,945.397,16898.245,19868.119,8673664
14,0,padded,stream,encrypted,true,8388608,pattern,2,236.444,5365.267,5628.782,312704
14,0,padded,stream-content,encrypted,true,8388608,pattern,2,220.264,2854.502,3090.976,312704
14,0,padded,stream,encrypted-signed,false,8388608,pattern,2,950.157,16111.311,19047.434,8673664
14,0,padded,whole,encrypted,false,8388608,pattern,2,215.804,25389.269,28148.349,8659328
14,1,unpadded,stream-content,plain,true,8388608,pattern,1,280.675,3483.803,3815.899,45609
14,1,unpadded,stream-content,signed,false,8388608,pattern,1,17395.325,4899.519,22603.849,8406880
14,1,unpadded,whole,encrypted-signed,true,8388608,pattern,1,976.268,7582.337,8600.515,56224
14,1,unpadded,whole,encrypted-signed,false,8388608,pattern,1,929.827,20340.878,23797.070,8406656
14,1,unpadded,range,encrypted-signed,false,8388608,pattern,1,940.127,12586.528,15316.847,8406656
14,1,unpadded,whole,plain,true,8388608,pattern,1,214.334,12284.832,12542.197,45609
14,1,unpadded,stream,encrypted,true,8388608,pattern,1,227.674,3106.316,3362.571,45459
14,1,unpadded,stream,plain,false,8388608,pattern,1,183.194,10084.602,10559.801,8392070
14,1,unpadded,stream-content,plain,false,8388608,pattern,1,180.693,10207.175,10726.134,8392070
14,1,unpadded,range,signed,true,8388608,pattern,1,7717.240,1019.469,8776.749,56433
14,1,unpadded,stream-content,encrypted-signed,false,8388608,pattern,1,1108.540,14485.122,17627.519,8406656
14,1,unpadded,stream,encrypted,false,8388608,pattern,1,215.764,18273.950,20549.561,8391910
14,1,unpadded,stream-content,encrypted-signed,true,8388608,pattern,1,944.427,4526.972,5501.820,56224
14,1,unpadded,range,signed,false,8388608,pattern,1,17913.074,1025.819,19155.887,8406880
14,1,unpadded,whole,signed,false,8388608,pattern,1,15140.874,12582.748,30027.433,8406880
14,1,unpadded,range,plain,false,8388608,pattern,1,210.364,9482.761,9926.479,8392070
14,1,unpadded,stream,signed,true,8388608,pattern,1,7772.710,3013.275,10816.175,56433
14,1,unpadded,whole,encrypted,true,8388608,pattern,1,216.524,7745.530,8010.075,45459
14,1,unpadded,whole,signed,true,8388608,pattern,1,7752.860,7679.569,15473.109,56433
14,1,unpadded,whole,plain,false,8388608,pattern,1,203.314,18128.478,20288.757,8392070
14,1,unpadded,range,encrypted,false,8388608,pattern,1,225.364,11308.775,13329.091,8391910
14,1,unpadded,stream-content,encrypted,true,8388608,pattern,1,236.744,4515.822,4780.186,45459
14,1,unpadded,stream,plain,true,8388608,pattern,1,193.663,3770.208,3985.332,45609
14,1,unpadded,stream-content,signed,true,8388608,pattern,1,7667.779,2784.750,10470.160,56433
14,1,unpadded,whole,encrypted,false,8388608,pattern,1,184.474,22684.750,25473.481,8391910
14,1,unpadded,stream,signed,false,8388608,pattern,1,19310.449,4726.755,24346.460,8406880
14,1,unpadded,stream-content,encrypted,false,8388608,pattern,1,218.384,14493.282,16717.202,8391910
14,1,unpadded,stream,encrypted-signed,false,8388608,pattern,1,925.086,18371.743,21294.365,8406656
14,1,unpadded,stream,encrypted-signed,true,8388608,pattern,1,929.007,5382.498,6341.495,56224
14,1,unpadded,range,encrypted-signed,true,8388608,pattern,1,909.026,758.404,1678.810,56224
14,1,unpadded,range,encrypted,true,8388608,pattern,1,187.723,717.223,915.186,45459
14,1,unpadded,range,plain,true,8388608,pattern,1,169.863,709.413,889.306,45609
14,1,unpadded,stream-content,signed,false,8388608,pattern,2,17302.392,4825.638,22419.955,8406880
14,1,unpadded,stream,encrypted-signed,true,8388608,pattern,2,947.657,3130.757,4104.874,56224
14,1,unpadded,range,encrypted-signed,false,8388608,pattern,2,905.836,8331.911,11094.160,8406656
14,1,unpadded,stream,signed,true,8388608,pattern,2,9155.026,3828.629,13010.835,56433
14,1,unpadded,stream-content,encrypted-signed,true,8388608,pattern,2,908.977,2891.292,3817.949,56224
14,1,unpadded,whole,signed,false,8388608,pattern,2,17299.763,12938.423,32567.108,8406880
14,1,unpadded,range,signed,true,8388608,pattern,2,9346.659,671.643,10040.472,56433
14,1,unpadded,stream-content,signed,true,8388608,pattern,2,7593.548,2896.042,10508.980,56433
14,1,unpadded,range,plain,false,8388608,pattern,2,169.643,8129.957,8506.113,8392070
14,1,unpadded,range,plain,true,8388608,pattern,2,198.654,766.244,975.878,45609
14,1,unpadded,whole,encrypted-signed,false,8388608,pattern,2,923.787,20628.083,24068.615,8406656
14,1,unpadded,stream,encrypted,false,8388608,pattern,2,226.114,18247.510,20469.170,8391910
14,1,unpadded,whole,encrypted,true,8388608,pattern,2,233.244,12037.148,12318.353,45459
14,1,unpadded,whole,signed,true,8388608,pattern,2,7790.250,7296.462,15123.933,56433
14,1,unpadded,range,encrypted,true,8388608,pattern,2,237.514,781.454,1029.958,45459
14,1,unpadded,stream,plain,true,8388608,pattern,2,181.303,3010.134,3210.298,45609
14,1,unpadded,stream-content,encrypted,false,8388608,pattern,2,194.164,14029.634,16235.264,8391910
14,1,unpadded,range,encrypted,false,8388608,pattern,2,204.133,12778.551,14810.077,8391910
14,1,unpadded,stream,signed,false,8388608,pattern,2,19445.632,4591.473,24377.591,8406880
14,1,unpadded,stream-content,plain,true,8388608,pattern,2,219.384,3254.949,3509.273,45609
14,1,unpadded,range,signed,false,8388608,pattern,2,15243.805,1082.520,16868.325,8406880
14,1,unpadded,whole,plain,true,8388608,pattern,2,247.694,8021.975,8315.440,45609
14,1,unpadded,stream-content,plain,false,8388608,pattern,2,197.633,10474.110,11056.840,8392070
14,1,unpadded,range,encrypted-signed,true,8388608,pattern,2,986.317,803.725,1804.482,56224
14,1,unpadded,whole,encrypted-signed,true,8388608,pattern,2,875.035,7697.519,8628.285,56224
14,1,unpadded,stream,plain,false,8388608,pattern,2,193.714,10266.045,10795.125,8392070
14,1,unpadded,whole,plain,false,8388608,pattern,2,190.194,18541.725,20670.164,8392070
14,1,unpadded,stream-content,encrypted-signed,false,8388608,pattern,2,958.187,16944.556,19906.549,8406656
14,1,unpadded,stream,encrypted,true,8388608,pattern,2,226.544,5353.867,5610.852,45459
14,1,unpadded,stream-content,encrypted,true,8388608,pattern,2,270.985,2900.263,3188.168,45459
14,1,unpadded,stream,encrypted-signed,false,8388608,pattern,2,907.456,16823.374,19866.219,8406656
14,1,unpadded,whole,encrypted,false,8388608,pattern,2,213.484,25183.906,27883.214,8391910
14,2,unpadded,stream-content,plain,true,8388608,pattern,1,235.535,3218.078,3495.524,45609
14,2,unpadded,stream-content,signed,false,8388608,pattern,1,19303.019,4911.679,24512.213,8406880
14,2,unpadded,whole,encrypted-signed,true,8388608,pattern,1,950.898,7654.818,8644.187,56224
14,2,unpadded,whole,encrypted-signed,false,8388608,pattern,1,928.277,21166.383,24757.788,8406656
14,2,unpadded,range,encrypted-signed,false,8388608,pattern,1,953.807,13045.966,15951.858,8406656
14,2,unpadded,whole,plain,true,8388608,pattern,1,273.035,12845.222,13162.198,45609
14,2,unpadded,stream,encrypted,true,8388608,pattern,1,224.254,3213.128,3465.502,45459
14,2,unpadded,stream,plain,false,8388608,pattern,1,181.893,10260.496,10771.265,8392070
14,2,unpadded,stream-content,plain,false,8388608,pattern,1,181.303,10558.731,11126.341,8392070
14,2,unpadded,range,signed,true,8388608,pattern,1,7911.583,709.772,8646.706,56433
14,2,unpadded,stream-content,encrypted-signed,false,8388608,pattern,1,966.187,14593.314,17677.539,8406656
14,2,unpadded,stream,encrypted,false,8388608,pattern,1,202.903,18627.897,20901.027,8391910
14,2,unpadded,stream-content,encrypted-signed,true,8388608,pattern,1,960.148,4574.082,5563.261,56224
14,2,unpadded,range,signed,false,8388608,pattern,1,18234.619,1027.619,19506.592,8406880
14,2,unpadded,whole,signed,false,8388608,pattern,1,15217.775,12805.742,30445.560,8406880
14,2,unpadded,range,plain,false,8388608,pattern,1,198.034,9771.356,10233.255,8392070
14,2,unpadded,stream,signed,true,8388608,pattern,1,8056.305,3175.898,11259.703,56433
14,2,unpadded,whole,encrypted,true,8388608,pattern,1,220.834,8059.525,8312.670,45459
14,2,unpadded,whole,signed,true,8388608,pattern,1,8033.405,7931.243,15998.489,56433
14,2,unpadded,whole,plain,false,8388608,pattern,1,193.673,20948.099,23421.613,8392070
14,2,unpadded,range,encrypted,false,8388608,pattern,1,214.264,11580.209,13596.486,8391910
14,2,unpadded,stream-content,encrypted,true,8388608,pattern,1,238.855,4585.093,4850.988,45459
14,2,unpadded,stream,plain,true,8388608,pattern,1,196.613,3912.961,4136.725,45609
14,2,unpadded,stream-content,signed,true,8388608,pattern,1,7897.713,3020.464,10953.238,56433
14,2,unpadded,whole,encrypted,false,8388608,pattern,1,206.694,23399.862,26105.502,8391910
14,2,unpadded,stream,signed,false,8388608,pattern,1,19557.614,4721.835,24553.914,8406880
14,2,unpadded,stream-content,encrypted,false,8388608,pattern,1,212.834,14265.318,16445.518,8391910
14,2,unpadded,stream,encrypted-signed,false,8388608,pattern,1,916.627,18149.928,21040.531,8406656
14,2,unpadded,stream,encrypted-signed,true,8388608,pattern,1,931.577,5398.108,6358.555,56224
14,2,unpadded,range,encrypted-signed,true,8388608,pattern,1,922.527,733.203,1666.660,56224
14,2,unpadded,range,encrypted,true,8388608,pattern,1,190.044,725.293,925.427,45459
14,2,unpadded,range,plain,true,8388608,pattern,1,176.553,711.453,897.906,45609
14,2,unpadded,stream-content,signed,false,8388608,pattern,2,17830.662,5046.252,23296.491,8406880
14,2,unpadded,stream,encrypted-signed,true,8388608,pattern,2,988.178,3481.283,4500.801,56224
14,2,unpadded,range,encrypted-signed,false,8388608,pattern,2,921.207,8631.416,11443.127,8406656
14,2,unpadded,stream,signed,true,8388608,pattern,2,9261.117,3944.272,13241.409,56433
14,2,unpadded,stream-content,encrypted-signed,true,8388608,pattern,2,946.327,2903.373,3866.580,56224
14,2,unpadded,whole,signed,false,8388608,pattern,2,17781.232,12736.750,32792.853,8406880
14,2,unpadded,range,signed,true,8388608,pattern,2,9334.519,674.512,10029.481,56433
14,2,unpadded,stream-content,signed,true,8388608,pattern,2,7754.030,2921.973,10697.803,56433
14,2,unpadded,range,plain,false,8388608,pattern,2,174.053,8061.616,8438.252,8392070
14,2,unpadded,range,plain,true,8388608,pattern,2,192.333,769.714,972.727,45609
14,2,unpadded,whole,encrypted-signed,false,8388608,pattern,2,915.076,20411.869,23816.770,8406656
14,2,unpadded,stream,encrypted,false,8388608,pattern,2,224.904,18103.967,20295.147,8391910
14,2,unpadded,whole,encrypted,true,8388608,pattern,2,246.244,12072.548,12366.563,45459
14,2,unpadded,whole,signed,true,8388608,pattern,2,7815.001,7486.066,15339.277,56433
14,2,unpadded,range,encrypted,true,8388608,pattern,2,253.205,788.224,1052.449,45459
14,2,unpadded,stream,plain,true,8388608,pattern,2,179.653,3049.565,3246.658,45609
14,2,unpadded,stream-content,encrypted,false,8388608,pattern,2,192.573,14102.285,16296.714,8391910
14,2,unpadded,range,encrypted,false,8388608,pattern,2,204.754,12706.440,14719.136,8391910
14,2,unpadded,stream,signed,false,8388608,pattern,2,19514.733,4614.063,24387.371,8406880
14,2,unpadded,stream-content,plain,true,8388608,pattern,2,215.254,3120.876,3357.630,45609
14,2,unpadded,range,signed,false,8388608,pattern,2,15044.062,1034.469,16295.644,8406880
14,2,unpadded,whole,plain,true,8388608,pattern,2,190.184,7604.047,7842.662,45609
14,2,unpadded,stream-content,plain,false,8388608,pattern,2,196.824,10272.225,10790.925,8392070
14,2,unpadded,range,encrypted-signed,true,8388608,pattern,2,932.517,745.703,1689.920,56224
14,2,unpadded,whole,encrypted-signed,true,8388608,pattern,2,864.755,7382.464,8286.779,56224
14,2,unpadded,stream,plain,false,8388608,pattern,2,198.234,9945.690,10414.788,8392070
14,2,unpadded,whole,plain,false,8388608,pattern,2,174.343,17994.156,20125.254,8392070
14,2,unpadded,stream-content,encrypted-signed,false,8388608,pattern,2,934.257,16972.616,19923.300,8406656
14,2,unpadded,stream,encrypted,true,8388608,pattern,2,226.684,5380.697,5636.251,45459
14,2,unpadded,stream-content,encrypted,true,8388608,pattern,2,214.754,2867.452,3098.046,45459
14,2,unpadded,stream,encrypted-signed,false,8388608,pattern,2,897.716,16401.016,19393.190,8406656
14,2,unpadded,whole,encrypted,false,8388608,pattern,2,216.704,25120.704,27850.763,8391910
14,3,padded,stream-content,plain,true,8388608,pattern,1,200.894,2794.781,3009.545,312704
14,3,padded,stream-content,signed,false,8388608,pattern,1,17216.781,4783.637,22338.624,8673664
14,3,padded,whole,encrypted-signed,true,8388608,pattern,1,966.357,7449.155,8451.422,322944
14,3,padded,whole,encrypted-signed,false,8388608,pattern,1,938.617,20346.708,23944.533,8673664
14,3,padded,range,encrypted-signed,false,8388608,pattern,1,948.477,12964.704,15984.018,8673664
14,3,padded,whole,plain,true,8388608,pattern,1,245.625,12507.296,12786.791,312704
14,3,padded,stream,encrypted,true,8388608,pattern,1,237.544,3168.298,3431.502,312704
14,3,padded,stream,plain,false,8388608,pattern,1,200.903,10207.985,10678.113,8659328
14,3,padded,stream-content,plain,false,8388608,pattern,1,189.283,10221.325,10745.964,8659328
14,3,padded,range,signed,true,8388608,pattern,1,7813.032,678.842,8514.084,322944
14,3,padded,stream-content,encrypted-signed,false,8388608,pattern,1,905.606,14480.882,17774.221,8673664
14,3,padded,stream,encrypted,false,8388608,pattern,1,240.514,18362.332,20583.642,8659328
14,3,padded,stream-content,encrypted-signed,true,8388608,pattern,1,972.267,4513.722,5509.039,322944
14,3,padded,range,signed,false,8388608,pattern,1,18061.956,1030.529,19339.779,8673664
14,3,padded,whole,signed,false,8388608,pattern,1,14842.148,12902.943,29875.850,8673664
14,3,padded,range,plain,false,8388608,pattern,1,223.394,8302.820,8785.599,8659328
14,3,padded,stream,signed,true,8388608,pattern,1,7915.443,3086.266,11031.139,322944
14,3,padded,whole,encrypted,true,8388608,pattern,1,225.744,7635.168,7904.493,312704
14,3,padded,whole,signed,true,8388608,pattern,1,7941.253,7722.300,15697.763,322944
14,3,padded,whole,plain,false,8388608,pattern,1,203.214,18611.056,20895.668,8659328
14,3,padded,range,encrypted,false,8388608,pattern,1,236.284,11246.913,13285.470,8659328
14,3,padded,stream-content,encrypted,true,8388608,pattern,1,240.534,4582.023,4848.467,312704
14,3,padded,stream,plain,true,8388608,pattern,1,209.444,3791.418,4022.333,312704
14,3,padded,stream-content,signed,true,8388608,pattern,1,7747.240,2913.513,10687.613,322944
14,3,padded,whole,encrypted,false,8388608,pattern,1,213.724,22746.521,25457.010,8659328
14,3,padded,stream,signed,false,8388608,pattern,1,19405.440,4646.134,24317.589,8673664
14,3,padded,stream-content,encrypted,false,8388608,pattern,1,233.334,14084.105,16327.095,8659328
14,3,padded,stream,encrypted-signed,false,8388608,pattern,1,951.727,18245.580,21271.394,8673664
14,3,padded,stream,encrypted-signed,true,8388608,pattern,1,988.528,5528.260,6550.828,322944
14,3,padded,range,encrypted-signed,true,8388608,pattern,1,971.668,726.593,1709.691,322944
14,3,padded,range,encrypted,true,8388608,pattern,1,211.793,721.043,943.017,312704
14,3,padded,range,plain,true,8388608,pattern,1,195.824,714.183,920.237,312704
14,3,padded,stream-content,signed,false,8388608,pattern,2,17246.282,4845.827,22400.945,8673664
14,3,padded,stream,encrypted-signed,true,8388608,pattern,2,965.587,3250.579,4244.927,322944
14,3,padded,range,encrypted-signed,false,8388608,pattern,2,919.697,8453.883,11260.804,8673664
14,3,padded,stream,signed,true,8388608,pattern,2,9286.557,3960.212,13277.220,322944
14,3,padded,stream-content,encrypted-signed,true,8388608,pattern,2,953.037,2902.103,3873.130,322944
14,3,padded,whole,signed,false,8388608,pattern,2,17468.905,12781.941,32261.573,8673664
14,3,padded,range,signed,true,8388608,pattern,2,7920.843,674.692,8612.635,322944
14,3,padded,stream-content,signed,true,8388608,pattern,2,7692.969,2941.993,10652.912,322944
14,3,padded,range,plain,false,8388608,pattern,2,176.183,8198.248,8591.435,8659328
14,3,padded,range,plain,true,8388608,pattern,2,217.154,770.673,999.038,312704
14,3,padded,whole,encrypted-signed,false,8388608,pattern,2,935.947,20821.026,24259.388,8673664
14,3,padded,stream,encrypted,false,8388608,pattern,2,240.625,18107.987,20322.958,8659328
14,3,padded,whole,encrypted,true,8388608,pattern,2,238.835,12053.708,12335.673,312704
14,3,padded,whole,signed,true,8388608,pattern,2,7799.651,7418.274,15253.876,322944
14,3,padded,range,encrypted,true,8388608,pattern,2,239.464,804.844,1055.579,312704
14,3,padded,stream,plain,true,8388608,pattern,2,186.673,3026.665,3232.078,312704
14,3,padded,stream-content,encrypted,false,8388608,pattern,2,201.083,14024.904,16198.152,8659328
14,3,padded,range,encrypted,false,8388608,pattern,2,218.564,12523.656,14593.624,8659328
14,3,padded,stream,signed,false,8388608,pattern,2,19193.317,4595.173,24038.304,8673664
14,3,padded,stream-content,plain,true,8388608,pattern,2,230.114,3053.805,3307.150,312704
14,3,padded,range,signed,false,8388608,pattern,2,15158.724,1020.688,16437.247,8673664
14,3,padded,whole,plain,true,8388608,pattern,2,206.934,7469.565,7713.399,312704
14,3,padded,stream-content,plain,false,8388608,pattern,2,204.684,10391.287,10925.757,8659328
14,3,padded,range,encrypted-signed,true,8388608,pattern,2,952.057,764.264,1728.281,322944
14,3,padded,whole,encrypted-signed,true,8388608,pattern,2,872.445,7459.085,8371.631,322944
14,3,padded,stream,plain,false,8388608,pattern,2,202.943,10025.131,10510.969,8659328
14,3,padded,whole,plain,false,8388608,pattern,2,184.074,18230.659,20421.169,8659328
14,3,padded,stream-content,encrypted-signed,false,8388608,pattern,2,949.977,17062.608,20007.241,8673664
14,3,padded,stream,encrypted,true,8388608,pattern,2,235.224,5393.838,5656.342,312704
14,3,padded,stream-content,encrypted,true,8388608,pattern,2,221.454,2863.612,3100.706,312704
14,3,padded,stream,encrypted-signed,false,8388608,pattern,2,898.896,16006.629,18902.951,8673664
14,3,padded,whole,encrypted,false,8388608,pattern,2,213.394,24615.855,27347.524,8659328
